-- phpMyAdmin SQL Dump
-- version 4.1.12
-- http://www.phpmyadmin.net
--
-- Servidor: localhost
-- Tiempo de generación: 17-05-2014 a las 14:50:37
-- Versión del servidor: 5.1.53-log
-- Versión de PHP: 5.4.20

SET SQL_MODE = "NO_AUTO_VALUE_ON_ZERO";
SET time_zone = "+00:00";


/*!40101 SET @OLD_CHARACTER_SET_CLIENT=@@CHARACTER_SET_CLIENT */;
/*!40101 SET @OLD_CHARACTER_SET_RESULTS=@@CHARACTER_SET_RESULTS */;
/*!40101 SET @OLD_COLLATION_CONNECTION=@@COLLATION_CONNECTION */;
/*!40101 SET NAMES utf8 */;

--
-- Base de datos: `inventario`
--

-- --------------------------------------------------------

--
-- Estructura de tabla para la tabla `bitacorausuarios`
--

CREATE TABLE IF NOT EXISTS `bitacorausuarios` (
  `id_bitacora` int(15) NOT NULL AUTO_INCREMENT COMMENT 'Identificador del registro.',
  `cuenta` varchar(15) COLLATE utf8_unicode_ci NOT NULL COMMENT 'Usuario que realizÃƒÂ³ la acciÃƒÂ³n.',
  `fechahora` varchar(20) COLLATE utf8_unicode_ci NOT NULL COMMENT 'Fecha y hora en la que se realizÃƒÂ³ la acciÃƒÂ³n.',
  `accion` varchar(10) COLLATE utf8_unicode_ci NOT NULL COMMENT 'AcciÃƒÂ³n que se realizÃƒÂ³: Entrada o salida al sistema.',
  PRIMARY KEY (`id_bitacora`)
) ENGINE=InnoDB  DEFAULT CHARSET=utf8 COLLATE=utf8_unicode_ci COMMENT='Almancena informaciÃƒÂ³n de los usuarios que han ingresado a' AUTO_INCREMENT=222 ;

--
-- Volcado de datos para la tabla `bitacorausuarios`
--

INSERT INTO `bitacorausuarios` (`id_bitacora`, `cuenta`, `fechahora`, `accion`) VALUES
(113, 'test1', '30-04-2014 12:50:43', 'SALIDA'),
(114, 'Administrador', '30-04-2014 14:44:22', 'ENTRADA'),
(115, 'Administrador', '30-04-2014 15:34:28', 'ENTRADA'),
(116, 'Administrador', '30-04-2014 15:36:17', 'SALIDA'),
(117, 'Administrador', '30-04-2014 15:52:58', 'ENTRADA'),
(118, 'Administrador', '02-05-2014 10:06:49', 'ENTRADA'),
(119, 'Administrador', '02-05-2014 10:07:28', 'ENTRADA'),
(120, 'Administrador', '02-05-2014 12:30:05', 'ENTRADA'),
(121, 'Administrador', '02-05-2014 12:39:04', 'ENTRADA'),
(122, 'Administrador', '02-05-2014 16:46:10', 'ENTRADA'),
(123, 'Administrador', '03-05-2014 09:24:33', 'ENTRADA'),
(124, 'Administrador', '03-05-2014 10:21:13', 'ENTRADA'),
(125, 'Administrador', '03-05-2014 10:22:04', 'SALIDA'),
(126, 'Administrador', '03-05-2014 10:26:28', 'ENTRADA'),
(127, 'Administrador', '03-05-2014 10:35:55', 'SALIDA'),
(128, 'Administrador', '05-05-2014 09:41:27', 'ENTRADA'),
(129, 'Administrador', '05-05-2014 11:36:02', 'ENTRADA'),
(130, 'Administrador', '05-05-2014 11:39:54', 'SALIDA'),
(131, 'Administrador', '05-05-2014 12:02:17', 'ENTRADA'),
(132, 'Administrador', '05-05-2014 12:04:15', 'SALIDA'),
(133, 'Administrador', '05-05-2014 12:08:18', 'ENTRADA'),
(134, 'Administrador', '05-05-2014 12:09:04', 'SALIDA'),
(135, 'Administrador', '05-05-2014 15:50:36', 'ENTRADA'),
(136, 'Administrador', '05-05-2014 22:05:18', 'ENTRADA'),
(137, 'Administrador', '06-05-2014 10:28:36', 'ENTRADA'),
(138, 'Administrador', '06-05-2014 10:29:29', 'SALIDA'),
(139, 'Administrador', '06-05-2014 10:55:27', 'ENTRADA'),
(140, 'Administrador', '06-05-2014 10:56:02', 'SALIDA'),
(141, 'Administrador', '06-05-2014 11:17:26', 'ENTRADA'),
(142, 'Administrador', '06-05-2014 11:18:02', 'SALIDA'),
(143, 'Administrador', '06-05-2014 12:12:29', 'ENTRADA'),
(144, 'Administrador', '06-05-2014 14:47:44', 'ENTRADA'),
(145, 'Administrador', '06-05-2014 22:21:01', 'ENTRADA'),
(146, 'Administrador', '07-05-2014 09:12:12', 'ENTRADA'),
(147, 'Jose Luis Arena', '07-05-2014 15:50:36', 'ENTRADA'),
(148, 'Jose Luis Arena', '07-05-2014 17:27:24', 'SALIDA'),
(149, 'Administrador', '08-05-2014 09:31:10', 'ENTRADA'),
(150, 'Luis Narvaez', '08-05-2014 11:00:12', 'ENTRADA'),
(151, 'Luis Narvaez', '08-05-2014 11:03:31', 'SALIDA'),
(152, 'Administrador', '08-05-2014 12:29:53', 'ENTRADA'),
(153, 'Jose Luis Arena', '08-05-2014 13:44:55', 'ENTRADA'),
(154, 'Jose Luis Arena', '08-05-2014 13:57:56', 'SALIDA'),
(155, 'Administrador', '08-05-2014 15:32:44', 'ENTRADA'),
(156, 'Administrador', '09-05-2014 09:29:06', 'ENTRADA'),
(157, 'Administrador', '09-05-2014 16:24:32', 'ENTRADA'),
(158, 'Administrador', '10-05-2014 09:14:42', 'ENTRADA'),
(159, 'Administrador', '10-05-2014 09:20:08', 'ENTRADA'),
(160, 'Administrador', '10-05-2014 09:45:39', 'SALIDA'),
(161, 'Administrador', '10-05-2014 12:39:43', 'ENTRADA'),
(162, 'Administrador', '11-05-2014 20:42:55', 'ENTRADA'),
(163, 'Jose Luis Arena', '12-05-2014 10:30:04', 'ENTRADA'),
(164, 'Olga Hernandez', '12-05-2014 10:30:08', 'ENTRADA'),
(165, 'Olga Hernandez', '12-05-2014 10:30:24', 'SALIDA'),
(166, 'Olga Hernandez', '12-05-2014 10:30:47', 'ENTRADA'),
(167, 'Jose Luis Arena', '12-05-2014 10:33:17', 'SALIDA'),
(168, 'Olga Hernandez', '12-05-2014 10:50:13', 'SALIDA'),
(169, 'Administrador', '12-05-2014 10:51:24', 'ENTRADA'),
(170, 'Jorge Uch', '12-05-2014 11:20:16', 'ENTRADA'),
(171, 'Alfredo LAgunes', '12-05-2014 11:20:29', 'ENTRADA'),
(172, 'Ricardo Delgado', '12-05-2014 11:29:56', 'ENTRADA'),
(173, 'Ricardo Delgado', '12-05-2014 12:54:14', 'SALIDA'),
(174, 'Olga Hernandez', '12-05-2014 12:54:23', 'ENTRADA'),
(175, 'Olga Hernandez', '12-05-2014 13:03:48', 'SALIDA'),
(176, 'Ricardo Delgado', '12-05-2014 13:03:59', 'ENTRADA'),
(177, 'Jose Luis Arena', '12-05-2014 15:29:31', 'ENTRADA'),
(178, 'Olga Hernandez', '12-05-2014 15:55:50', 'ENTRADA'),
(179, 'Olga Hernandez', '12-05-2014 16:52:28', 'SALIDA'),
(180, 'Raquel Zarate', '13-05-2014 11:06:23', 'ENTRADA'),
(181, 'Jose Luis Arena', '13-05-2014 11:07:39', 'ENTRADA'),
(182, 'Jose Luis Arena', '13-05-2014 11:09:26', 'SALIDA'),
(183, 'Raquel Zarate', '13-05-2014 11:18:13', 'SALIDA'),
(184, 'Jose Luis Arena', '13-05-2014 12:37:18', 'ENTRADA'),
(185, 'Jose Luis Arena', '13-05-2014 12:53:55', 'SALIDA'),
(186, 'Raquel Zarate', '13-05-2014 16:37:18', 'ENTRADA'),
(187, 'Karina Campero', '13-05-2014 16:49:58', 'ENTRADA'),
(188, 'Miguel Herrera', '14-05-2014 09:28:36', 'ENTRADA'),
(189, 'Raquel Zarate', '14-05-2014 10:17:44', 'ENTRADA'),
(190, 'Karina Campero', '14-05-2014 10:23:32', 'ENTRADA'),
(191, 'Raquel Zarate', '14-05-2014 13:48:07', 'ENTRADA'),
(192, 'Raquel Zarate', '14-05-2014 13:49:52', 'SALIDA'),
(193, 'Miguel Herrera', '14-05-2014 13:51:04', 'ENTRADA'),
(194, 'Administrador', '15-05-2014 09:41:52', 'ENTRADA'),
(195, 'Administrador', '15-05-2014 11:08:28', 'ENTRADA'),
(196, 'Luis Narvaez', '15-05-2014 11:14:05', 'ENTRADA'),
(197, 'Luis Narvaez', '15-05-2014 11:17:17', 'SALIDA'),
(198, 'Karina Campero', '15-05-2014 11:39:00', 'ENTRADA'),
(199, 'Karina Campero', '15-05-2014 11:49:34', 'ENTRADA'),
(200, 'Administrador', '15-05-2014 12:11:51', 'ENTRADA'),
(201, 'Administrador', '15-05-2014 12:41:59', 'SALIDA'),
(202, 'Administrador', '15-05-2014 13:01:29', 'ENTRADA'),
(203, 'Administrador', '15-05-2014 15:06:01', 'ENTRADA'),
(204, 'Administrador', '15-05-2014 15:44:49', 'ENTRADA'),
(205, 'Karina Campero', '15-05-2014 17:31:11', 'ENTRADA'),
(206, 'Administrador', '15-05-2014 17:38:00', 'ENTRADA'),
(207, 'Administrador', '16-05-2014 09:18:16', 'ENTRADA'),
(208, 'Karina Campero', '16-05-2014 09:34:35', 'ENTRADA'),
(209, 'Karina Campero', '16-05-2014 09:40:54', 'ENTRADA'),
(210, 'Karina Campero', '16-05-2014 09:45:09', 'SALIDA'),
(211, 'Karina Campero', '16-05-2014 09:46:23', 'SALIDA'),
(212, 'Karina Campero', '16-05-2014 09:46:41', 'ENTRADA'),
(213, 'Administrador', '16-05-2014 11:16:28', 'ENTRADA'),
(214, 'Karina Campero', '16-05-2014 11:22:57', 'SALIDA'),
(215, 'Administrador', '16-05-2014 11:59:44', 'ENTRADA'),
(216, 'Administrador', '16-05-2014 15:24:37', 'ENTRADA'),
(217, 'Administrador', '16-05-2014 15:24:38', 'ENTRADA'),
(218, 'Administrador', '16-05-2014 15:58:59', 'ENTRADA'),
(219, 'Administrador', '16-05-2014 17:42:48', 'ENTRADA'),
(220, 'Raquel Zarate', '17-05-2014 09:26:05', 'ENTRADA'),
(221, 'Administrador', '17-05-2014 09:38:13', 'ENTRADA');

-- --------------------------------------------------------

--
-- Estructura de tabla para la tabla `colaborador`
--

CREATE TABLE IF NOT EXISTS `colaborador` (
  `id_usuario` int(11) NOT NULL AUTO_INCREMENT COMMENT 'Llave primario de la tabla colaborador ',
  `hotel_id` int(11) NOT NULL COMMENT 'Llave foránea de hotel',
  `numeroColaborador` varchar(45) NOT NULL COMMENT 'Número del colaborador',
  `usuarioNombre` varchar(80) DEFAULT NULL COMMENT 'Nombre del usuario',
  `usuarioApellidoPat` varchar(60) DEFAULT NULL COMMENT 'Apellido paterno del usuario',
  `usuarioApellidoMat` varchar(60) DEFAULT NULL COMMENT 'Apellido materno del usuario',
  `departamento_iddepartamento` int(11) NOT NULL COMMENT 'Llave foránea del departamento',
  PRIMARY KEY (`id_usuario`),
  KEY `fk_colaborador_hotel1_idx` (`hotel_id`),
  KEY `fk_colaborador_departamento1_idx` (`departamento_iddepartamento`)
) ENGINE=InnoDB  DEFAULT CHARSET=latin1 AUTO_INCREMENT=57547 ;

--
-- Volcado de datos para la tabla `colaborador`
--

INSERT INTO `colaborador` (`id_usuario`, `hotel_id`, `numeroColaborador`, `usuarioNombre`, `usuarioApellidoPat`, `usuarioApellidoMat`, `departamento_iddepartamento`) VALUES
(3, 25, '3', 'DOMINGO', 'ERRAZQUIN', 'ALDAYA', 100021),
(6, 25, '6', 'ESTRADA', 'DEL', 'RIO', 100467),
(7, 18, '7', 'BERNARDO', 'RIVADENEYRA', 'PEREZ', 100043),
(8, 3, '8', 'PABLO', 'WINKLER', 'SCHWARZ', 100076),
(9, 25, '9', 'CARLOS', 'CASTILLO', 'ZAPATA', 100153),
(12, 25, '12', 'EFREN', 'DOMINGUEZ', 'RODRIGUEZ', 100025),
(16, 25, '16', 'ANTONIO', 'ORTIZ', 'HERNANDEZ', 100794),
(19, 25, '19', 'FERNANDO', 'BENITEZ', 'PACHECO', 100030),
(26, 25, '26', 'VELIA', 'HERRERA', 'RAMIREZ', 101249),
(30, 25, '30', 'GRACIELA', 'ROJAS', 'LOPEZ', 100882),
(35, 25, '35', 'FELIPE', 'ROMAN', 'VARGAS', 100022),
(39, 25, '39', 'ENA', 'BOLIO', 'ROSADO', 101144),
(74, 25, '74', 'JESUS', 'DIAZ', 'VIVAS', 100027),
(81, 25, '81', 'ALEJANDRA', 'RODRIGUEZ', 'CAMPIRAN', 100043),
(85, 25, '85', 'GABRIEL', 'GONZALEZ', 'TORRES', 100026),
(100, 20, '100', 'DORA', 'VALENZUELA', 'BRAJCICH', 100452),
(108, 26, '108', 'JOSE', 'MEDINA', 'GONZALEZ', 100966),
(214, 25, '214', 'LOURDES', 'ARGAEZ', 'AGUILAR', 101262),
(215, 25, '215', 'OSWALDO', 'GAMBOA', 'SULUB', 101260),
(216, 5, '216', 'GUILLERMO', 'ESPINOZA', 'ARRONIZ', 100221),
(224, 4, '224', 'RAUL', 'GARCIA', 'MENDOZA', 100255),
(245, 25, '245', 'FERNANDO', 'ROJAS', 'CHAVEZ', 100027),
(261, 25, '261', 'OCTAVIO', 'JIMENEZ', 'MAZARIEGOS', 101264),
(274, 25, '274', 'ANTONIO', 'UC', 'CAAMAL', 101168),
(275, 25, '275', 'EDWARDS', 'LAZARO', 'DE LA CRUZ', 101258),
(283, 18, '283', 'RUDY', 'MARIN', 'COELLO', 101341),
(291, 25, '291', 'MARIO', 'OLARTE', 'QUIROZ', 100030),
(302, 25, '302', 'ZORAYDA', 'ANDRES', 'FRANCISCO', 100027),
(312, 25, '312', 'LUIS', 'TEC', 'PECH', 101181),
(321, 25, '321', 'BELLA', 'OCANA', 'BOCANEGRA', 100800),
(326, 25, '326', 'GUADALUPE', 'CRUZ', 'LOPEZ', 100153),
(338, 25, '338', 'OFELIA', 'BARRERA', 'LOPEZ', 101200),
(341, 4, '341', 'LEONOR', 'CUPUL', 'ALDAMA', 100342),
(356, 25, '356', 'REYNALDA', 'HERNANDEZ', 'ZAMUDIO', 100027),
(391, 25, '391', 'FRANCISCO', 'SANCHEZ', 'RAMIREZ', 100157),
(396, 25, '396', 'COSME', 'ALCOCER', 'CANCHE', 100022),
(429, 25, '429', 'LORENZO', 'GOMEZ', 'CAYETANO', 101156),
(483, 25, '483', 'ZONIA', 'PUC', 'CAAMAL', 101258),
(518, 25, '518', 'MARTHA', 'XOOL', 'BAAS', 101157),
(520, 25, '520', 'HERMINIO', 'CHAN', 'KU', 101031),
(532, 25, '532', 'JUAN', 'CALDERON', 'MURGUIA', 101149),
(537, 25, '537', 'OMARIO', 'CHI', 'CHI', 101283),
(541, 25, '541', 'RICARDO', 'HERNANDEZ', 'AVILES', 101323),
(543, 25, '543', 'SOTO', 'RIVERA', 'DIAZ', 100027),
(569, 5, '569', 'ENRIQUE', 'MENDOZA', 'CRUZ', 100256),
(571, 25, '571', 'MANUEL', 'TORRES', 'PEÑALOZA', 100158),
(574, 25, '574', 'HERIBERTO', 'CAHUM', 'PUC', 100026),
(617, 25, '617', 'ALICIA', 'UC', 'CETZ', 101264),
(665, 25, '665', 'LILIAN', 'MONTOYA', 'MONROY', 100177),
(720, 5, '720', 'RAFAEL', 'ZACARIAS', 'PALOMEQUE', 100405),
(722, 25, '722', 'ENRIQUE', 'ACOSTA', 'RAMIREZ', 100020),
(727, 25, '727', 'PASTOR', 'TORRES', 'PALMA', 101260),
(752, 25, '752', 'JESUS', 'ROSAS', 'RABANALES', 101330),
(770, 25, '770', 'CLAUDIA', 'HERNANDEZ', 'VICENTE', 100027),
(784, 25, '784', 'LUCIANO', 'UC', 'RODRIGUEZ', 101156),
(792, 25, '792', 'JOSE', 'ALVARADO', 'BUSQUET', 101156),
(801, 25, '801', 'PEDRO', 'HERNANDEZ', 'ROSALES', 101156),
(812, 25, '812', 'MANUEL', 'RAMIREZ', 'CUENCA', 101283),
(818, 25, '818', 'ANA', 'AQUINO', 'DEHESA', 101264),
(846, 25, '846', 'JOSE', 'CRUZ', 'TALAVERA', 100027),
(856, 5, '856', 'EDGAR', 'VERA', 'BERMEJO', 100080),
(992, 26, '992', 'FAUSTO', 'HERNANDEZ', 'RODRIGUEZ', 100961),
(996, 25, '996', 'EDDIE', 'MENDOZA', 'LORIA', 101323),
(1001, 2, '1001', 'ANDRES', 'GONZALEZ', 'RAMOS', 100218),
(1015, 25, '1015', 'CARLOS', 'CHALE', 'CAB', 100020),
(1017, 25, '1017', 'MIGUEL', 'CAN', 'MATU', 101156),
(1113, 5, '1113', 'BEATRIZ', 'COB', 'MARTIN', 100689),
(1234, 5, '1234', 'ALEJANDRO', 'CAHUN', 'CHI', 100221),
(1280, 25, '1280', 'LUZ', 'DE', 'LA', 100007),
(1283, 25, '1283', 'XOCHITL', 'ESQUIVEL', 'SOLIS', 101198),
(1335, 25, '1335', 'SERVANDO', 'HERRERA', 'ARREDONDO', 100154),
(1520, 25, '1520', 'DARIEN', 'VILLARREAL', 'VALENCIA', 100020),
(1663, 25, '1663', 'ANA', 'SOBRADO', 'ACOSTA', 101251),
(1672, 25, '1672', 'JOSEFINA', 'DIAZ', 'FERNANDEZ', 101179),
(1696, 25, '1696', 'ADRIANA', 'ORTIZ', 'HERNANDEZ', 100006),
(1718, 4, '1718', 'ARMANDO', 'CETINA', 'BE', 100214),
(1738, 25, '1738', 'CARMEN', 'TOBON', 'SANTOS', 100020),
(1761, 25, '1761', 'LUIS', 'CASTILLO', 'MONZALVO', 100022),
(1786, 25, '1786', 'EDUARDO', 'CASTILLO', 'RODRIGUEZ', 100158),
(1817, 26, '1817', 'ALEJANDRO', 'MAYO', 'LEDEZMA', 100956),
(1824, 25, '1824', 'ERIC', 'XIJUM', 'CRUZ', 100154),
(1825, 25, '1825', 'MANUEL', 'RODRIGUEZ', 'PATRON', 100154),
(1834, 25, '1834', 'TERESITA', 'ZARATE', 'IBARRA', 100020),
(1845, 25, '1845', 'EDUARDO', 'FLORES', 'MEJIA', 101157),
(1893, 4, '1893', 'MARIA', 'CAPILLA', 'RAMOS', 100126),
(1958, 25, '1958', 'RUSSEL', 'CHALE', 'CHI', 101331),
(1962, 25, '1962', 'SANTIAGO', 'GAMBOA', 'SULUB', 101260),
(1996, 4, '1996', 'MANUELA', 'MENDOZA', 'DOMINGUEZ', 100234),
(2008, 25, '2008', 'JUAN JOSE', 'SAINZ', 'DE LA PEÑA RUIZ', 100154),
(2103, 25, '2103', 'MARTIN', 'MORALES', 'ROBLES', 101157),
(2125, 5, '2125', 'CRISTINA', 'SUAREZ', 'VELAZQUEZ', 100413),
(2137, 5, '2137', 'FILIBERTO', 'POOT', 'CAUICH', 100683),
(2139, 25, '2139', 'LETICIA', 'LEDESMA', 'AYALA', 100466),
(2302, 4, '2302', 'CLAUDIA', 'FONSECA', 'SANCHEZ', 100126),
(2420, 4, '2420', 'ANGELICA', 'DZUL', 'PUCH', 101152),
(2434, 25, '2434', 'SAMUEL', 'BACAB', 'CANCHE', 101157),
(2556, 26, '2556', 'SOTERO', 'MOO', 'UCAN', 100958),
(2581, 25, '2581', 'MARIA', 'ULIBARRI', 'PALMA', 100003),
(2698, 25, '2698', 'ARTURO', 'ROSALES', 'DELGADO', 100013),
(2907, 5, '2907', 'LETICIA', 'CANCHE', 'AGUAYO', 100115),
(2911, 25, '2911', 'JOSE', 'ZOZAYA', 'GUERRERO', 101156),
(2962, 25, '2962', 'LA', 'SANCHEZ', 'DE', 101156),
(3049, 5, '3049', 'LEON', 'RUEDA', 'DE', 100249),
(3054, 26, '3054', 'ROBERTO', 'CRUZ', 'LOPEZ', 100843),
(3111, 25, '3111', 'MARIBELL', 'PEREZ', 'MARTINEZ', 101258),
(3118, 25, '3118', 'MARIA', 'BOJORQUEZ', 'MONTOYA', 101262),
(3134, 25, '3134', 'PEDRO', 'POOT', 'CHI', 100148),
(3160, 5, '3160', 'LUCIA', 'BARRADAS', 'REYES', 100711),
(3168, 25, '3168', 'ANA', 'TORNADO', 'MONTALVO', 100293),
(3269, 5, '3269', 'JUAN', 'ARISTA', 'MIJANGOS', 100147),
(3380, 4, '3380', 'VALERIA', 'VERA', 'GARCIA', 100126),
(3447, 25, '3447', 'MARIO', 'LOPEZ', 'ROMERO', 101234),
(3507, 25, '3507', 'FRANCISCA', 'CORDOVA', 'INZUNZA', 101323),
(3556, 25, '3556', 'VIBIANA', 'SANDOVAL', 'PECH', 100881),
(3572, 5, '3572', 'MARIA', 'VILLEGAS', 'VARGAS', 100122),
(3575, 18, '3575', 'HENRY', 'ESCALANTE', 'CERVERA', 101212),
(3724, 5, '3724', 'MARGARITO', 'BONILLA', 'GONZALEZ', 100405),
(3800, 25, '3800', 'JOSE', 'UCH', 'CHAY', 100190),
(3844, 5, '3844', 'RICARDO', 'CABEZA', 'ARRIAGADA', 100235),
(3874, 25, '3874', 'JOSE', 'ALCANTAR', 'ZAVALA', 101340),
(3902, 25, '3902', 'MARIO', 'SALGADO', 'AGUILAR', 101251),
(4030, 5, '4030', 'ELADILO', 'CORDOVA', 'GARCIA', 100138),
(4056, 4, '4056', 'AMERICA', 'CARRILLO', 'REYES', 100114),
(4072, 5, '4072', 'MAURICIO', 'MUÑOZ', 'MEJIA', 100682),
(4149, 25, '4149', 'BETY', 'CHI', 'CUPUL', 100461),
(4188, 25, '4188', 'JESUS', 'NUÑEZ', 'GONZALEZ', 101262),
(4259, 25, '4259', 'RENE', 'LOPEZ', 'GERONIMO', 101156),
(4270, 25, '4270', 'JESUS', 'MONTESINOS', 'TORRES', 100670),
(4288, 25, '4288', 'MIRIAM', 'PIÑA', 'ROJAS', 101323),
(4295, 25, '4295', 'TIMOTEO', 'HERNANDEZ', 'RUEDA', 100398),
(4361, 25, '4361', 'LUIS', 'PEREZ', 'CORNELIO', 101253),
(4438, 25, '4438', 'TANIA', 'HERNANDEZ', 'ESPINOSA', 100465),
(4465, 26, '4465', 'REYNA', 'ARELLANO', 'TUZ', 100850),
(4527, 25, '4527', 'JOSE', 'PEREZ', 'PEREZ', 100309),
(4632, 25, '4632', 'RAFAEL', 'URGELL', 'MENDEZ', 100190),
(4727, 25, '4727', 'MERCI', 'POOT', 'BAAK', 100194),
(5138, 5, '5138', 'CALDERON', 'ORTIZ', 'GARCIA', 100734),
(5363, 5, '5363', 'GLORIA', 'JIMENEZ', 'SANCHEZ', 100405),
(5705, 25, '5705', 'ELIGIO', 'GUERRERO', 'MEDINA', 100022),
(6274, 25, '6274', 'ROSY', 'SANCHEZ', 'PEREZ', 100020),
(6318, 25, '6318', 'ERWIN', 'PAT', 'CHICMUL', 100027),
(6683, 25, '6683', 'YAZMIN', 'PEREZ', 'SOLORZANO', 101200),
(7020, 25, '7020', 'FRANCISCO', 'GAMBOA', 'MIRANDA', 101264),
(7150, 4, '7150', 'JOSE', 'NOH', 'OXTE', 100269),
(7406, 25, '7406', 'DOLORES', 'MEZA', 'PEREZ', 100153),
(7460, 25, '7460', 'TERESA', 'CABRERA', 'MARTIN', 101264),
(7540, 25, '7540', 'FULGENCIO', 'OCTAVIANO', 'GARCIA', 101264),
(7557, 25, '7557', 'GREGORIO', 'HERRERA', 'RAMIREZ', 101157),
(7569, 25, '7569', 'CARLOS', 'NANDEZ', 'TOLEDO', 101331),
(7599, 25, '7599', 'REGIL', 'ARRONIZ', 'DE REGIL', 101200),
(7650, 25, '7650', 'DEIVI', 'AVALOS', 'DE LA CRUZ', 100398),
(7658, 5, '7658', 'ERIKA', 'MUÑOZ', 'CRIOLLO', 100343),
(7713, 5, '7713', 'ARTEAGA', 'SAN', 'MARTIN', 100405),
(7717, 25, '7717', 'ANTONIO', 'HERNANDEZ', 'PEREZ', 100084),
(7829, 25, '7829', 'EDWIN', 'CAHUN', 'CHAN', 100191),
(8324, 25, '8324', 'DARWIN', 'ALCOCER', 'HUCHIM', 101283),
(8380, 25, '8380', 'FELIPE', 'HASSEY', 'CASTILLO', 101288),
(8400, 25, '8400', 'JUAN ALBERTO', 'JIMENEZ', 'DE LA CRUZ', 101234),
(8495, 25, '8495', 'RODRIGO', 'MARTINEZ', 'SOLIS', 101147),
(8650, 25, '8650', 'BERTHA', 'BETANCOURT', 'BURGOS', 101198),
(8660, 25, '8660', 'FROYLAN', 'ANDRES', 'JOAQUIN', 100655),
(8685, 25, '8685', 'RODRIGO', 'PATRON', 'BRAVO', 100184),
(8761, 5, '8761', 'EMMANUEL', 'GOMEZ', 'LUNA', 100235),
(8990, 25, '8990', 'WILBERT', 'CANO', 'ESCOBEDO', 101272),
(9051, 25, '9051', 'CEZAR', 'AGUAYO', 'TUZ', 101168),
(9129, 25, '9129', 'MAVIS', 'CUEVAS', 'ALCANTARA', 100026),
(9556, 25, '9556', 'ROGER', 'CASANOVA', 'CANUL', 101168),
(9565, 25, '9565', 'TANIA', 'VELAZCO', 'CISNEROS', 101283),
(9895, 4, '9895', 'NORMA', 'BRUNO', 'LOPEZ', 100248),
(9911, 25, '9911', 'ARACELI', 'PEREZ', 'BONILLA', 100027),
(10008, 25, '10008', 'JUAN', 'CEPEDA', 'RIVAS', 100020),
(10122, 25, '10122', 'MIGUEL', 'POOL', 'AGUILAR', 101272),
(10222, 4, '10222', 'TERESA', 'ALPUCHE', 'GONZALEZ', 100114),
(10371, 5, '10371', 'OLGA', 'TRUJILLO', 'CRUZ', 100062),
(10379, 25, '10379', 'AARON', 'VIÑAS', 'AGUILAR', 100157),
(10392, 25, '10392', 'GIULIANA', 'CABALLERO', 'RAMIREZ', 100177),
(10456, 25, '10456', 'SALVADOR', 'ESQUIVEL', 'RAMIREZ', 101342),
(10527, 25, '10527', 'LUIS', 'DIAZ', 'CHAVEZ', 101340),
(11091, 25, '11091', 'MARCIAL', 'CERVANTES', 'SOLIS', 101272),
(11443, 25, '11443', 'JAMES', 'DOYLE', 'ALAN', 101323),
(11487, 25, '11487', 'BRENDA', 'QUIJANO', 'PUC', 100346),
(11488, 5, '11488', 'SUSANA', 'MENDOZA', 'BARRIOS', 100413),
(11519, 25, '11519', 'MARISSA', 'HERNANDEZ', 'VERA', 100465),
(11651, 25, '11651', 'MARIA', 'DELGADO', 'CHE', 100022),
(12074, 25, '12074', 'ROBERTO', 'AGUILAR', 'CIMA', 101157),
(12107, 5, '12107', 'LA', 'VAZQUEZ', 'DE', 100263),
(12398, 25, '12398', 'INGRID', 'ALVA', 'VALDEZ', 100084),
(12475, 25, '12475', 'ANA', 'VALENTIN', 'PALMA', 101157),
(12487, 25, '12487', 'DAMIAN', 'RIVAS', 'GUTIERREZ', 101265),
(12584, 25, '12584', 'MAGDALENA', 'MUÑOZ', 'SOLIS', 101331),
(12585, 25, '12585', 'VICENTE', 'GARCIA', 'SANCHEZ', 101030),
(12679, 25, '12679', 'ARELY', 'ARGUELLES', 'ARGUELLES', 101288),
(12825, 25, '12825', 'ULISES', 'ROSARIO', 'DZUL', 101157),
(12862, 25, '12862', 'VAZQUEZ', 'DE', 'LEON', 101252),
(12938, 25, '12938', 'ELZA', 'JIMENEZ', 'DE LA CRUZ', 100191),
(13153, 25, '13153', 'OSCAR', 'GONZALEZ', 'ALBORES', 100003),
(13765, 25, '13765', 'DANIA', 'CASTRO', 'HERRERA', 101157),
(14084, 25, '14084', 'ERASMO', 'RUEDA', 'PEREZ', 100185),
(14291, 25, '14291', 'ANDRES', 'TORRECILLA', 'CRUZ', 100194),
(14375, 25, '14375', 'ALONSO', 'DE', 'AQUINO', 101252),
(14455, 25, '14455', 'CESAR', 'HERNANDEZ', 'MEJIA', 101148),
(14720, 25, '14720', 'SUSANA', 'HERMIDA', 'GUZMAN', 101343),
(14986, 25, '14986', 'DAVID', 'CHAN', 'CAN', 101157),
(14999, 25, '14999', 'ENRIQUE', 'DZIB', 'POOT', 100020),
(15532, 25, '15532', 'AMADA', 'MOLINA', 'FERRER', 100049),
(15704, 5, '15704', 'JOSE', 'ALDAMA', 'RENDON', 100228),
(16347, 25, '16347', 'JULIO', 'REYES', 'ALVAREZ', 101288),
(16381, 20, '16381', 'RAMON', 'SALAS', 'TUZ', 100068),
(16447, 25, '16447', 'JULIO', 'TURRIZA', 'ARANDA', 100194),
(16557, 25, '16557', 'JOSE', 'CASTILLO', 'UEX', 101283),
(16829, 25, '16829', 'TOMAS', 'RUZ', 'QUINTAL', 100154),
(17096, 25, '17096', 'CESAR', 'VALDEZ', 'JUAREZ', 101273),
(17201, 4, '17201', 'YESSICA', 'CHI', 'COHUO', 100234),
(17749, 25, '17749', 'SERGIO', 'GALLARDO', 'BADILLO', 101030),
(17753, 5, '17753', 'HECTOR', 'LUNA', 'TORRES', 100138),
(18001, 25, '18001', 'EVODIO', 'GOMEZ', 'MIRANDA', 101181),
(18002, 25, '18002', 'FLOR', 'RANGEL', 'GUZMAN', 100027),
(18411, 25, '18411', 'JOSE', 'FAVELA', 'ESPEJO', 101147),
(19133, 25, '19133', 'OVIEDO', 'DE', 'ANDA', 101167),
(19287, 5, '19287', 'ILIANA', 'MONTEMBRUCK', 'TIRADO', 100414),
(19418, 25, '19418', 'ADRIANA', 'WENCES', 'GOMEZ', 100020),
(19563, 25, '19563', 'PATRICIA', 'PALAFOX', 'AGUIAR', 100020),
(19650, 25, '19650', 'GERARDO', 'CAMARA', 'CHABLE', 101265),
(19651, 25, '19651', 'JORGE', 'MENDOZA', 'SANCHEZ', 100461),
(19669, 5, '19669', 'CLAUDIA', 'MENDEZ', 'PEREZ', 100414),
(19882, 25, '19882', 'JOSE', 'BLANCO', 'FREGOSO', 101168),
(19885, 25, '19885', 'DANIEL', 'SEGOVIA', 'GAONA', 101341),
(20482, 25, '20482', 'MATILDE', 'MORALES', 'RICAÑO', 101167),
(20887, 25, '20887', 'LAURA', 'PEÑA', 'VELAZQUEZ', 101144),
(21985, 25, '21985', 'OLIVIA', 'MENDOZA', 'CRUZ', 100020),
(22285, 25, '22285', 'ANGELICA', 'MARTINEZ', 'MAURICIO', 101200),
(22292, 25, '22292', 'GILBERTO', 'ESPINOSA', 'CUOCK', 101200),
(23717, 25, '23717', 'ALFREDO', 'CORTES', 'FLORES', 100154),
(23897, 25, '23897', 'MAXIMINO', 'GARCIA', 'MARIN', 100888),
(24085, 25, '24085', 'GUADALUPE', 'OXTE', 'EUAN', 101253),
(24399, 25, '24399', 'SULEYMA', 'LOBATO', 'MARTINEZ', 101267),
(24423, 25, '24423', 'CELIA', 'SANCHEZ', 'ROSALES', 101167),
(24601, 25, '24601', 'FRANCISCO', 'LOPEZ', 'JUAREZ', 100026),
(24908, 20, '24908', 'LAURA', 'FLORES', 'OROZCO', 100454),
(24963, 25, '24963', 'MARIA', 'HERNANDEZ', 'GAITAN', 100029),
(25289, 25, '25289', 'JOSE', 'GONZALEZ', 'MAGAÑA', 100154),
(25342, 25, '25342', 'YESSICA', 'CAAMAL', 'CHULIM', 100882),
(25373, 25, '25373', 'JUAN', 'SANSORES', 'ARIAS', 100154),
(25603, 25, '25603', 'CARLOS', 'AMEZOLA', 'SANCHEZ', 101167),
(25762, 25, '25762', 'CARLOS', 'ALFONSO', 'HERNANDEZ', 100157),
(25851, 25, '25851', 'VEGA', 'DE', 'LA', 100191),
(25967, 25, '25967', 'JOSE', 'SOTO', 'ALVAREZ', 100027),
(26482, 25, '26482', 'CINDY', 'TUN', 'ALONZO', 100020),
(26857, 25, '26857', 'RENATO', 'UU', 'CIAU', 101156),
(27167, 25, '27167', 'JOSE', 'COUOH', 'CETZAL', 101156),
(27216, 25, '27216', 'MARIA', 'MAGAÑA', 'RAMIREZ', 101181),
(27300, 25, '27300', 'DORA', 'REYES', 'MUÑOZ', 101200),
(27526, 5, '27526', 'ERIKA', 'ORTIZ', 'CISNEROS', 100334),
(27608, 25, '27608', 'KARINA', 'MORENO', 'GONZALEZ', 101327),
(27695, 5, '27695', 'WILSON', 'BERMUDES', 'BACELIS', 100413),
(27815, 25, '27815', 'HECTOR', 'BELLO', 'ROMAN', 101156),
(27885, 25, '27885', 'JOSUE', 'CHAN', 'LEAL', 100020),
(28240, 5, '28240', 'OMAR', 'RODRIGUEZ', 'BAUTISTA', 100133),
(28342, 25, '28342', 'FERNANDO', 'MARTINEZ', 'SOLIS', 101200),
(28636, 5, '28636', 'CRISTINA', 'TRUJEQUE', 'BALLESTEROS', 100653),
(28788, 25, '28788', 'LISBET', 'GUZMAN', 'CONTRERAS', 100020),
(28938, 25, '28938', 'TONATIUH', 'CRUZ', 'RAMIREZ', 100020),
(29236, 25, '29236', 'JORGE', 'UICAB', 'SANDOVAL', 100794),
(29301, 4, '29301', 'MARIO', 'BLANCO', 'MAGAÑA', 100234),
(29381, 25, '29381', 'JOSE', 'GONZALEZ', 'OLVERA', 100024),
(29406, 4, '29406', 'CHRISTIAN', 'VERA', 'VALENCIA', 100269),
(29419, 25, '29419', 'ROSARIO', 'MEZA', 'GRANDE', 101341),
(29633, 25, '29633', 'SERGIO', 'MENDEZ', 'JUAREZ', 100024),
(29648, 25, '29648', 'ROCIO', 'RIOJA', 'DELGADO', 101200),
(30051, 5, '30051', 'VIRIDIANA', 'CHAVEZ', 'HERNANDEZ', 101270),
(30320, 25, '30320', 'ESCOBAR', 'MARTINEZ', 'DE ESCOBAR CASTILLO', 100882),
(30328, 25, '30328', 'MARISOL', 'CASTRO', 'DANIELS', 101181),
(31024, 5, '31024', 'KARINA', 'CAMPERO', 'CENTENO', 100330),
(31047, 25, '31047', 'FERNANDO', 'YARCE', 'SALAZAR', 100049),
(31119, 25, '31119', 'EDSON', 'GUTIERREZ', 'OLIVO', 101167),
(31518, 25, '31518', 'GABRIELA', 'MENDEZ', 'PEREZ', 101279),
(32140, 25, '32140', 'OFELIA', 'MARIANO', 'VENCES', 100027),
(32163, 25, '32163', 'LAURA', 'DIAZ', 'GARCIA', 100190),
(32333, 25, '32333', 'CATALINA', 'LEAL', 'ALONZO', 100020),
(33351, 25, '33351', 'JOSE', 'JERONIMO', 'POOL', 101168),
(33578, 25, '33578', 'VICTOR', 'MANZANILLA', 'HERNANDEZ', 100154),
(33633, 4, '33633', 'DAVID', 'MORALES', 'GONZALEZ', 100099),
(33965, 25, '33965', 'PEDRO', 'GIJON', 'CARDENAS', 100154),
(34024, 25, '34024', 'ELIZABETH', 'YAÑEZ', 'ALVAREZ', 101200),
(34339, 25, '34339', 'JOSE', 'SANTIAGO', 'DOMINGUEZ', 100146),
(34750, 25, '34750', 'PAULINA', 'VEGA', 'VENEGAS', 101268),
(35490, 25, '35490', 'CARLOS', 'ZAPATA', 'ARAUJO', 100794),
(36763, 25, '36763', 'YAZMIN', 'MARTINEZ', 'ESTRADA', 100022),
(36968, 25, '36968', 'MARIA', 'LARA', 'BERNEZ', 101198),
(36971, 25, '36971', 'DANIELA', 'INCLAN', 'ALBA', 101198),
(37016, 25, '37016', 'CECILIA', 'MANZANERO', 'DELGADO', 100043),
(37062, 25, '37062', 'MIRIAM', 'RUIZ', 'PINEDA', 101258),
(38930, 25, '38930', 'MARIA', 'MORALES', 'NANDEZ', 100020),
(39052, 25, '39052', 'HILDA', 'PINTO', 'MORALES', 100020),
(39457, 25, '39457', 'ANA', 'DUARTE', 'SOSA', 101288),
(39981, 25, '39981', 'MONICA', 'MAR', 'CASANOVA', 100026),
(40690, 25, '40690', 'ALMA', 'HURTADO', 'MORALES', 100465),
(40754, 25, '40754', 'SELENE', 'CUEVAS', 'OCAÑA', 100026),
(40837, 25, '40837', 'JUAN', 'SEMINARIO', 'REAÑO', 101285),
(40979, 25, '40979', 'JOSUE', 'BARRERA', 'BAÑOS', 100028),
(41058, 25, '41058', 'LOURDES', 'MENDOZA', 'CEBALLOS', 101167),
(41086, 25, '41086', 'SAUL', 'DURAN', 'AKE', 101156),
(41098, 25, '41098', 'WILBERT', 'MAY', 'MAY', 100027),
(41436, 25, '41436', 'JOHNNY', 'OLAN', 'MARQUEZ', 101181),
(41546, 25, '41546', 'DANIEL', 'MALTRANA', 'HERNANDEZ', 101031),
(41602, 25, '41602', 'JOHANEL', 'SOSA', 'GARCIA', 100884),
(41617, 25, '41617', 'ROSA', 'MAAS', 'XOOL', 101198),
(41683, 25, '41683', 'FEBE', 'TOVAR', 'RUIZ', 100026),
(41863, 25, '41863', 'MARIA', 'VIVAR', 'CALDERON', 101200),
(41889, 25, '41889', 'PEDRO', 'ARROYO', 'MORENO', 100026),
(41983, 25, '41983', 'MARTHA', 'MERCADO', 'CORTES', 101181),
(41987, 25, '41987', 'WENDY', 'PEÑATE', 'CHIM', 100021),
(42028, 25, '42028', 'EDUARDO', 'VALDERRAMA', 'VELAZQUEZ', 100027),
(42031, 5, '42031', 'NORMA', 'COBA', 'BALAM', 100343),
(42388, 25, '42388', 'RODOLFO', 'APOLINAR', 'RAMON', 100150),
(43000, 5, '43000', 'GONZALEZ', 'DEL', 'PERAL', 100414),
(43078, 25, '43078', 'FERNANDO', 'SUAREZ', 'VAZQUEZ', 101331),
(43287, 26, '43287', 'ERNESTO', 'RAMIREZ', 'PALMA', 100952),
(43546, 4, '43546', 'ZARAY', 'CASILLAS', 'LOPEZ', 100126),
(44014, 25, '44014', 'SILVINO', 'PIMENTEL', 'SARMIENTO', 100027),
(44087, 25, '44087', 'MARGARITA', 'MARTINEZ', 'MARTINEZ', 100043),
(44228, 25, '44228', 'MARIA', 'MONTEMAYOR', 'CASTILLO', 101268),
(44486, 25, '44486', 'MARIA', 'CASTILLO', 'NOVELO', 100084),
(44526, 25, '44526', 'LAURA', 'GARCIA', 'LORIA', 100185),
(44579, 25, '44579', 'MARISOL', 'ROMERO', 'CASTILLO', 101322),
(44581, 5, '44581', 'MAYTE', 'OCH', 'HAU', 100343),
(44582, 25, '44582', 'ALMA', 'BARRIENTOS', 'SILVA', 101285),
(44611, 4, '44611', 'CRUZ', 'DE', 'LA', 100234),
(44613, 25, '44613', 'NADIA', 'GALVAN', 'DE LA PEÑA', 101200),
(44621, 25, '44621', 'PEDRO', 'RODRIGUEZ', 'TAPIA', 100020),
(44627, 25, '44627', 'YOLANDA', 'GONZALEZ', 'SANCHEZ', 101288),
(44880, 25, '44880', 'MEISY', 'CANTO', 'BASTO', 101288),
(44915, 25, '44915', 'ALEJANDRA', 'ARENAS', 'LANDA', 101167),
(45432, 25, '45432', 'CESAR', 'PEREZ', 'SALMERON', 101282),
(45460, 25, '45460', 'MARGARITA', 'GILHARRY', 'ELVIA', 101200),
(45587, 25, '45587', 'CLAUDIA', 'PEREZ', 'CASTREJON', 101167),
(45830, 25, '45830', 'EDUARDO', 'MEZA', 'ROSALES', 101181),
(45833, 25, '45833', 'ROGELIO', 'RODRIGUEZ', 'MORALES', 101331),
(45916, 4, '45916', 'JUAN', 'MORENO', 'BAZAN', 100199),
(46474, 25, '46474', 'LORENA', 'ALCAZAR', 'HERRERA', 101198),
(46704, 25, '46704', 'JAZMILY', 'ARRIAGA', 'PECH', 101162),
(46846, 25, '46846', 'KATYA', 'REYES', 'ESPARRAGOZA', 100020),
(47052, 25, '47052', 'CARLOS', 'GARCIA', 'JAIMES', 100022),
(47308, 25, '47308', 'RICARDO', 'MAGAÑA', 'NOVELO', 101167),
(47494, 5, '47494', 'CHRISTIAN', 'RANGEL', 'RODRIGUEZ', 100080),
(48037, 25, '48037', 'SERGIO', 'GARCIA', 'BAZAN', 100020),
(48104, 25, '48104', 'ANA', 'LEYVA', 'FLORES', 101200),
(48208, 25, '48208', 'GUILLERMO', 'CASTILLO', 'NOVELO', 100482),
(48782, 25, '48782', 'ALBERTO', 'SANCHEZ', 'ALCANTARA', 101287),
(48830, 25, '48830', 'ERICK', 'BUSTAMANTE', 'MIRANDA', 101288),
(49068, 5, '49068', 'GILBERTO', 'PUC', 'UAN', 100235),
(50146, 5, '50146', 'TATIANA', 'RIVERA', 'FERNANDEZ', 101270),
(50193, 25, '50193', 'MAYRA', 'RAMIREZ', 'AMEZCUA', 101200),
(50235, 25, '50235', 'CYNTHIA', 'REYES', 'MENDOZA', 101323),
(50261, 25, '50261', 'RAYMUNDO', 'OLIVARES', 'BOJORGES', 100020),
(50411, 5, '50411', 'EDGAR', 'BALLINA', 'BALLINA', 100343),
(50547, 25, '50547', 'ELIZABETH', 'RODRIGUEZ', 'DIAZ', 101167),
(50883, 25, '50883', 'JOSE', 'GABRIEL', 'FRANCO', 100655),
(51018, 25, '51018', 'JOSE', 'GOMEZ', 'PEREZ', 101253),
(51295, 25, '51295', 'MARIANO', 'MORALES', 'GONZALEZ', 101343),
(51296, 25, '51296', 'NICOMEDEZ', 'CHIM', 'PEREZ', 100027),
(51312, 25, '51312', 'EDITH', 'MUÑIZ', 'ARIAS', 101200),
(51320, 26, '51320', 'BEDSAIDA', 'SILVANO', 'LOPEZ', 100961),
(51355, 25, '51355', 'DANIELA', 'OCAMPO', 'MORALES', 101200),
(51366, 25, '51366', 'VLADIMIR', 'ORTIZ', 'GARCIA', 101180),
(51385, 25, '51385', 'CLAUDIA', 'ESPINOSA', 'HERNANDEZ', 101148),
(51387, 25, '51387', 'FERNANDEZ', 'ZURBIA', 'FLORES', 101200),
(51394, 15, '51394', 'JUAN', 'TUN', 'PUC', 100552),
(51395, 25, '51395', 'BRENDA', 'CARREÑO', 'ORTEGA', 101200),
(51399, 25, '51399', 'LUIS', 'SANCHEZ', 'VIDAÑA', 100026),
(51444, 25, '51444', 'MARGARITA', 'ARELLANO', 'PATIÑO', 101200),
(51500, 25, '51500', 'RENEE', 'GARCIA', 'GARCIA', 101200),
(51508, 25, '51508', 'MARIA', 'MURGUIA', 'SANCHEZ', 100001),
(51515, 25, '51515', 'ISRAEL', 'ROMERO', 'MENDOZA', 100020),
(51566, 25, '51566', 'GAMALIEL', 'MORENO', 'MORALES', 101156),
(51642, 25, '51642', 'LUIS', 'LUNA', 'REYES', 101316),
(51681, 25, '51681', 'JESUS', 'AGUILAR', 'DE JESUS', 101343),
(51734, 25, '51734', 'LIRICE', 'CHUC', 'HAU', 101180),
(51779, 25, '51779', 'MARIA', 'PALMA', 'BARRERA', 100346),
(51784, 25, '51784', 'GENARO', 'MARTINEZ', 'CUYOC', 100006),
(52028, 25, '52028', 'ALEJANDRO', 'GONGORA', 'FUENTES', 100154),
(52073, 25, '52073', 'ANDA', 'GUTIERREZ', 'DE ANDA', 101180),
(52091, 5, '52091', 'RICARDO', 'MARTIN', 'NAVA', 100334),
(52097, 25, '52097', 'RICARDO', 'SANCHEZ', 'BASURTO', 100027),
(52189, 25, '52189', 'PAOLA', 'HIDALGO', 'CAVAZOS', 100482),
(52231, 4, '52231', 'EMY', 'VALDOVINOS', 'PEÑA', 100126),
(52236, 5, '52236', 'JUAN', 'HERNANDEZ', 'GOMEZ', 100653),
(52238, 25, '52238', 'EMMANUEL', 'ISLAS', 'HUERTA', 101264),
(52353, 25, '52353', 'CESAR', 'CABRERA', 'PIÑA', 100020),
(52402, 25, '52402', 'OSCAR', 'LOPEZ', 'HERNANDEZ', 100026),
(52560, 25, '52560', 'JUANA', 'HERRERA', 'KAU', 101181),
(52607, 25, '52607', 'JONATHAN', 'VALDERRABANO', 'GONZALEZ', 100154),
(52614, 25, '52614', 'FREDY', 'BACAB', 'KU', 100024),
(52722, 25, '52722', 'IDALIA', 'MANZANERO', 'HERNANDEZ', 100881),
(52813, 25, '52813', 'JONATHAN', 'MELENDREZ', 'RODRIGUEZ', 100190),
(52828, 25, '52828', 'YESSICA', 'GARCIA', 'GUEVARA', 100024),
(52912, 25, '52912', 'ANGEL', 'DURAN', 'BORJA', 100021),
(53138, 4, '53138', 'LEIDI', 'GUZMAN', 'ORTIZ', 100126),
(53171, 4, '53171', 'JOSELIN', 'RAMOS', 'HERNANDEZ', 100126),
(53209, 25, '53209', 'JORGE', 'DOMINGUEZ', 'OLVERA', 101167),
(53217, 5, '53217', 'VICTOR', 'VARGAS', 'IBARRA', 100414),
(53302, 25, '53302', 'RAYMUNDO', 'FLORES', 'AYALA', 101200),
(53334, 25, '53334', 'DANIEL', 'ESPINAL', 'CARRILLO', 100020),
(53352, 5, '53352', 'SERGIO', 'JIMENEZ', 'SAAVEDRA', 100122),
(53548, 25, '53548', 'JENNIFER', 'SHERAN', 'ZUÑIGA', 101162),
(53740, 25, '53740', 'YESICA', 'NOVELO', 'CEN', 100465),
(53805, 25, '53805', 'ANA', 'LEGORRETA', 'VAZQUEZ', 101168),
(53907, 4, '53907', 'MIRIAM', 'JIMENEZ', 'GONZALEZ', 100126),
(54035, 5, '54035', 'ARIANA', 'VICINO', 'COZAR', 100122),
(54080, 25, '54080', 'ARIANA', 'GONZALEZ', 'EULOGIO', 100465),
(54100, 5, '54100', 'PAULINA', 'RIOS', 'GUIJARRO', 100711),
(54298, 25, '54298', 'ALEJANDRO', 'ULIBARRI', 'VALENCIA', 101200),
(54567, 25, '54567', 'METZLI', 'JIMENEZ', 'LOPEZ', 100465),
(54580, 25, '54580', 'MARIA', 'FONSECA', 'PEREZ', 100043),
(54688, 25, '54688', 'GLADYS', 'JIMENEZ', 'AGUILAR', 101264),
(54692, 25, '54692', 'MARIA', 'ESQUIVEL', 'GOMEZ', 101264),
(54742, 5, '54742', 'BEATRIZ', 'HUITRADO', 'DUARTE', 100133),
(54759, 25, '54759', 'KAREN', 'ESQUIVEL', 'CERVERA', 100026),
(54847, 25, '54847', 'JOSE', 'CORTES', 'LEON', 101264),
(55024, 25, '55024', 'LINDAY', 'VARGAS', 'CAMACHO', 101343),
(55083, 25, '55083', 'CAROLINA', 'ANTONIO', 'TOLEDO', 100882),
(55128, 25, '55128', 'RODRIGO', 'JIMENEZ', 'HERNANDEZ', 100020),
(55135, 25, '55135', 'EVELYN', 'MARTINEZ', 'GARCIA', 100020),
(55160, 5, '55160', 'ANGEL', 'MUÑOZ', 'SILVA', 101270),
(55161, 25, '55161', 'DIEGO', 'PONCE', 'HERRERA', 100020),
(55200, 5, '55200', 'LOURDES', 'SANTOS', 'TORRES', 100405),
(55304, 5, '55304', 'PAOLA', 'RAMIREZ', 'HERNANDEZ', 100734),
(55339, 25, '55339', 'LAUREL', 'MARTINEZ', 'MARTINEZ', 100882),
(55603, 25, '55603', 'XIMENA', 'ZAMBONINI', 'MARIA', 101294),
(55628, 25, '55628', 'EDGAR', 'DUCLAUD', 'OLMOS', 101318),
(55632, 25, '55632', 'BERNARDO', 'SANCHEZ', 'SANCHEZ', 101296),
(55658, 5, '55658', 'MARIA', 'CHAN', 'KU', 101325),
(55663, 25, '55663', 'PETER', 'APEL', 'WIRTZ', 101318),
(55669, 25, '55669', 'VERZOSA', 'RUIZ', 'ZORRILLA', 101318),
(55683, 25, '55683', 'DENISSE', 'CAMPOS', 'CARLOS', 101318),
(55688, 25, '55688', 'CUBAS', 'VAZQUEZ', 'GARCIA', 101318),
(55770, 25, '55770', 'CRYSTELL', 'MARTINEZ', 'PEREZ', 100346),
(55772, 25, '55772', 'PEDRO', 'CHI', 'CUPUL', 100346),
(55773, 25, '55773', 'RICARDO', 'SERRANO', 'SOTO', 100346),
(55774, 25, '55774', 'AURELIO', 'ACERO', 'FERNANDEZ', 100346),
(55775, 25, '55775', 'LIZBETH', 'CENTENO', 'NAVARRETE', 100346),
(55816, 2, '55816', 'ARMANDO', 'MARTINEZ', 'GUIZAR', 101290),
(55829, 25, '55829', 'IVON', 'OLAYA', 'JUAREZ', 101316),
(55838, 25, '55838', 'BLANCA', 'GRANADOS', 'HONORATO', 100346),
(56032, 25, '56032', 'KARLA', 'LOPEZ', 'RAMIREZ', 101318),
(56094, 25, '56094', 'ADAN', 'PEÑA', 'RENDON', 100154),
(56095, 25, '56095', 'ELIEZ', 'MUÑOZ', 'OLAN', 100154),
(56113, 25, '56113', 'FRANCISCO', 'CHAN', 'ESCALANTE', 101265),
(56150, 25, '56150', 'HAFFID', 'GONZALEZ', 'GONZALEZ', 101180),
(56176, 5, '56176', 'CRISTINA', 'GOMEZ', 'ESCAMILLA', 100122),
(56184, 25, '56184', 'DORIANN', 'RAMOS', 'GOMEZ', 100346),
(56186, 25, '56186', 'MARA', 'CHAGOLLA', 'SALDAÑA', 100882),
(56255, 25, '56255', 'NEYMA', 'MENA', 'YAM', 100882),
(56300, 25, '56300', 'MARIA', 'HURTADO', 'RUIZ', 101318),
(56301, 25, '56301', 'ANA', 'MIJANGOS', 'TREJO', 100907),
(56361, 5, '56361', 'VICTORIA', 'PEREZ', 'PERAZA', 100405),
(56450, 4, '56450', 'JOSE', 'ORTIZ', 'VELAZQUEZ', 100227),
(56460, 5, '56460', 'LAURA', 'MONTEJO', 'QUINTAL', 100343),
(56486, 25, '56486', 'GILBERTO', 'SANTIAGO', 'GARCIA', 100027),
(56502, 25, '56502', 'LOURDES', 'UCAN', 'KUYOC', 101234),
(56579, 25, '56579', 'ALMA', 'GONZALEZ', 'CEDILLO', 100024),
(56706, 25, '56706', 'JORGE', 'ZAVALA', 'CARRERA', 101318),
(56707, 25, '56707', 'MARIA', 'MUÑOZ', 'PERALTA', 101318),
(56755, 25, '56755', 'ULISES', 'SOSA', 'HERNANDEZ', 101198),
(56823, 25, '56823', 'VERONICA', 'ZAHOUL', 'CERRILLA', 100465),
(56843, 25, '56843', 'BERENICE', 'CAMPOS', 'CHAVEZ', 100003),
(56856, 25, '56856', 'CARLOS', 'CUEVAS', 'ORTIZ', 101198),
(56863, 25, '56863', 'MARTHA', 'CAMPUZANO', 'PONCE', 101292),
(56900, 16, '56900', 'ENRIQUE', 'VINALAY', 'GARNICA', 100545),
(56904, 25, '56904', 'WILBERTH', 'BARRAGAN', 'OLAN', 100014),
(56905, 25, '56905', 'ANA', 'QUIÑONES', 'RAMIREZ', 101318),
(56906, 25, '56906', 'PABLO', 'ESLAVA', 'RODRIGUEZ', 100194),
(56912, 25, '56912', 'NASHIELII', 'VEGA', 'SALAS', 101198),
(56930, 5, '56930', 'JOSE', 'GONZALEZ', 'BUENROSTRO', 100122),
(56932, 5, '56932', 'JORGE', 'FLORES', 'CRUZ', 100122),
(56944, 25, '56944', 'ROCIO', 'GUTIERREZ', 'MORALES', 100021),
(56965, 4, '56965', 'CINDY', 'DZUL', 'COUOH', 100114),
(56966, 25, '56966', 'CARLOS', 'CAÑEDO', 'ORNELAS', 101198),
(56967, 25, '56967', 'LINDA', 'VILLA', 'HERNANDEZ', 100482),
(56976, 5, '56976', 'BARRETO', 'PINTO', 'GASPAR', 100653),
(57024, 25, '57024', 'DAYSEE', 'GARCIA', 'CASTILLO', 100882),
(57036, 25, '57036', 'IRVING', 'ENRIQUEZ', 'XOOL', 100154),
(57041, 25, '57041', 'NOE', 'MOO', 'EUAN', 100153),
(57056, 25, '57056', 'DANIELA', 'CASTAÑON', 'MALDONADO', 101318),
(57060, 25, '57060', 'ANDY', 'TAMAY', 'KUMUL', 101265),
(57128, 25, '57128', 'ALDO', 'MONTORES', 'LOPEZ', 101162),
(57163, 25, '57163', 'JAVIER', 'RUIZ', 'PEREZ', 100022),
(57170, 5, '57170', 'KAREN', 'RODRIGUEZ', 'GAMEZ', 100405),
(57258, 25, '57258', 'RAFAEL', 'SALDAÑA', 'VALLES', 100411),
(57260, 25, '57260', 'SALMA', 'BONILLA', 'ISLAS', 101343),
(57274, 5, '57274', 'LAURIANO', 'DE', 'OLIVEIRA', 100653),
(57276, 25, '57276', 'ANTONIO', 'PEREZ', 'IZQUIERDO', 100027),
(57318, 25, '57318', 'COSIJOESA', 'GOMEZ', 'RAMIREZ', 101272),
(57383, 25, '57383', 'HEVER', 'REBELES', 'QUINTEROS', 100020),
(57397, 25, '57397', 'RICARDO', 'NAVARRO', 'MORENO', 100695),
(57434, 25, '57434', 'RENE', 'RAMOS', 'CAMACHO', 101343),
(57464, 25, '57464', 'GABRIELA', 'SALAS', 'VELAZQUEZ', 101167),
(57511, 25, '57511', 'JAZMIN', 'HERNANDEZ', 'GERMAN', 101249),
(57512, 25, '000000', 'ENTRENANTE', 'PRESTAMO', 'TEMPORAL', 100030),
(57546, 25, '57546', 'EDGAR', 'SHERMAN', 'LOPEZ', 100465);

-- --------------------------------------------------------

--
-- Estructura de tabla para la tabla `colaborador_log`
--

CREATE TABLE IF NOT EXISTS `colaborador_log` (
  `iddepartamento` int(11) NOT NULL COMMENT 'llave primaria de la tabla departamento',
  `idColaborador` int(11) NOT NULL COMMENT 'Llave foránea de la tabla colaborador',
  `fecha` datetime NOT NULL COMMENT 'Fecha de ingreso o modificación',
  `estatus` varchar(45) DEFAULT NULL COMMENT 'estado del colaborador',
  `capturausuario` varchar(45) DEFAULT NULL COMMENT 'Llave foránea de la tabla usuario'
) ENGINE=InnoDB DEFAULT CHARSET=latin1;

-- --------------------------------------------------------

--
-- Estructura de tabla para la tabla `departamento`
--

CREATE TABLE IF NOT EXISTS `departamento` (
  `iddepartamento` int(11) NOT NULL AUTO_INCREMENT COMMENT 'llave primaria de la tabla departamento',
  `nombredepartamento` varchar(35) NOT NULL COMMENT 'Nombre del departamento',
  `descripciondepartamento` text COMMENT 'descripción del departmaneto',
  `gerencia_id` int(1) DEFAULT NULL COMMENT 'Gerencia a la que pertenece el departamento. Se ingresa nula cuando es llenada por el web service',
  PRIMARY KEY (`iddepartamento`),
  KEY `fk_departamento_gerencia1_idx` (`gerencia_id`)
) ENGINE=InnoDB  DEFAULT CHARSET=latin1 AUTO_INCREMENT=101344 ;

--
-- Volcado de datos para la tabla `departamento`
--

INSERT INTO `departamento` (`iddepartamento`, `nombredepartamento`, `descripciondepartamento`, `gerencia_id`) VALUES
(100001, 'DIRECCION OPERACIONES         ', NULL, 1),
(100003, 'GERENCIA CORPORATIVA RH       ', NULL, 1),
(100006, 'DIRECCION GENERAL EJECUTIVA   ', NULL, 1),
(100007, 'DIRECCION VENTAS NACIONALES   ', NULL, 1),
(100013, 'CORPORATIVO SEGURIDAD         ', NULL, 1),
(100014, 'MANTENIMIENTO LAVANDERIA      ', NULL, 1),
(100020, 'RESERVACIONES DIRECTOS        ', NULL, 1),
(100021, 'COMISARIATO                   ', NULL, 1),
(100022, 'CORPORATIVO MANTENIMIENTO     ', NULL, 1),
(100024, 'LAVANDERIA                    ', NULL, 1),
(100025, 'TESORERIA GENERAL             ', NULL, 1),
(100026, 'GERENCIA DE FINANZAS          ', NULL, 1),
(100027, 'GERENCIA CONTABILIDAD GENERAL ', NULL, 1),
(100028, 'PLANEACION FISCAL             ', NULL, 1),
(100029, 'VENTAS GOLF                   ', NULL, 1),
(100030, 'TECNOLOGIA DE LA INFORMACION  ', NULL, 1),
(100034, 'AUDITORIA INTERNA             ', NULL, 1),
(100036, 'RECURSOS HUMANOS BP           ', NULL, 1),
(100042, 'VENTAS SPA BP                 ', NULL, 1),
(100043, 'JURIDICO                      ', NULL, 1),
(100048, 'ADMINISTRACION MERIDA         ', NULL, 1),
(100049, 'AUDITORIA DE CALIDAD          ', NULL, 1),
(100062, 'ALIMENTOS Y BEBIDAS SMG       ', NULL, 1),
(100068, 'MANTENIMIENTO CASA CLUB SMG   ', NULL, 1),
(100070, 'RECEPCION CGM                 ', NULL, 1),
(100074, 'CARNICERIA                    ', NULL, 1),
(100076, 'GERENCIA DE OPERACIONES SP    ', NULL, 1),
(100080, 'GERENCIA DE OPERACIONES MPS   ', NULL, 1),
(100084, 'TESORERIA FLUJO DE EFECTIVO   ', NULL, 1),
(100090, 'ALIMENTOS Y BEBIDAS BP        ', NULL, 1),
(100093, 'ALIMENTOS Y BEBIDAS MPS       ', NULL, 1),
(100097, 'SEGURIDAD BP                  ', NULL, 1),
(100099, 'SEGURIDAD MPN                 ', NULL, 1),
(100101, 'SEGURIDAD SP                  ', NULL, 1),
(100111, 'AMA DE LLAVES BP              ', NULL, 1),
(100114, 'AMA DE LLAVES MPN             ', NULL, 1),
(100115, 'AMA DE LLAVES MPS             ', NULL, 1),
(100116, 'AMA DE LLAVES SP              ', NULL, 1),
(100122, 'RELACIONES PUBLICAS MPS       ', NULL, 1),
(100126, 'BODAS MPN                     ', NULL, 1),
(100129, 'ANIMACION BP                  ', NULL, 1),
(100132, 'ANIMACION MPN                 ', NULL, 1),
(100133, 'ANIMACION MPS                 ', NULL, 1),
(100137, 'MANTENIMIENTO MPN             ', NULL, 1),
(100138, 'MANTENIMIENTO MPS             ', NULL, 1),
(100139, 'MANTENIMIENTO SP              ', NULL, 1),
(100141, 'MANTENIMIENTO BP              ', NULL, 1),
(100146, 'PRODUCCION COMISARIATO        ', NULL, 1),
(100147, 'PASTELERIA ZONA MOON          ', NULL, 1),
(100148, 'HELADERIA                     ', NULL, 1),
(100150, 'STEWARD COMISARIATO           ', NULL, 1),
(100153, 'ADMINISTRACION DE OBRA        ', NULL, 1),
(100154, 'PROGRAMACION                  ', NULL, 1),
(100157, 'COMUNICACIONES                ', '', 2),
(100158, 'ADMINISTRACION DE PEOPLESOFT  ', '', 2),
(100168, 'SALA DE BELLEZA MPN           ', NULL, 1),
(100169, 'SALA DE BELLEZA MPS           ', NULL, 1),
(100170, 'SALA DE BELLEZA SPA SP        ', NULL, 1),
(100177, 'ADMINISTRACION DE RIESGOS     ', NULL, 1),
(100184, 'DIRECTOS SERV TURISTICOS MPS  ', NULL, 1),
(100185, 'ELITE TRANSFERS               ', NULL, 1),
(100190, 'COMPRAS ALIMENTOS Y BEBIDAS   ', NULL, 1),
(100191, 'ALMACEN GENERAL               ', NULL, 1),
(100194, 'NOMINAS                       ', NULL, 1),
(100197, 'RECEPCION BP                  ', NULL, 1),
(100199, 'RECEPCION MPN                 ', NULL, 1),
(100206, 'BELL BOYS / CONCIERGE MPN     ', NULL, 1),
(100207, 'BELL BOYS / CONCIERGE MPS     ', NULL, 1),
(100214, 'SEGURIDAD ZONA MOON           ', NULL, 1),
(100218, 'RESTAURANTES BP               ', NULL, 1),
(100220, 'RESTAURANTES MPN              ', NULL, 1),
(100221, 'RESTAURANTES MPS              ', NULL, 1),
(100222, 'RESTAURANTES SP               ', NULL, 1),
(100225, 'BARES BP                      ', NULL, 1),
(100227, 'BARES MPN                     ', NULL, 1),
(100228, 'BARES MPS                     ', NULL, 1),
(100232, 'COCINA BP                     ', NULL, 1),
(100234, 'COCINA MPN                    ', NULL, 1),
(100235, 'COCINA MPS                    ', NULL, 1),
(100236, 'COCINA SP                     ', NULL, 1),
(100246, 'CORTESIAS / ROOM SERVICE BP   ', NULL, 1),
(100248, 'CORTESIAS / ROOM SERVICE MPN  ', NULL, 1),
(100249, 'CORTESIAS / ROOM SERVICE MPS  ', NULL, 1),
(100250, 'CORTESIAS / ROOM SERVICE SP   ', NULL, 1),
(100255, 'STEWARDS MPN                  ', NULL, 1),
(100256, 'STEWARDS MPS                  ', NULL, 1),
(100260, 'AREAS PUBLICAS BP             ', NULL, 1),
(100262, 'AREAS PUBLICAS MPN            ', NULL, 1),
(100263, 'AREAS PUBLICAS MPS            ', NULL, 1),
(100269, 'ROPERIA MPN                   ', NULL, 1),
(100293, 'COSTURA                       ', NULL, 1),
(100309, 'ELECTRONICA                   ', NULL, 1),
(100316, 'SISTEMAS AUDIOVISUALES ZM     ', NULL, 1),
(100320, 'CONTABILIDAD CORPORATIVA      ', NULL, 1),
(100329, 'SOPORTE TECNICO ZH            ', '', 2),
(100330, 'SOPORTE TECNICO ZM            ', NULL, 1),
(100334, 'RECLUTAMIENTO Y SELECCION ZM  ', NULL, 1),
(100341, 'RECURSOS HUMANOS SP           ', NULL, 1),
(100342, 'RECURSOS HUMANOS MPN          ', NULL, 1),
(100343, 'RECURSOS HUMANOS MPS          ', NULL, 1),
(100346, 'INCLUIDOS SERVICIOS TURISTICOS', NULL, 1),
(100373, 'BANQUETES MPS                 ', NULL, 1),
(100398, 'NOMINA CLUB VACACIONAL        ', NULL, 1),
(100401, 'COORDINACION CLUB VAC MPS     ', NULL, 1),
(100405, 'CONTRATOS CLUB VAC MPS        ', NULL, 1),
(100411, 'RECEPTIVO SERVICIOS TURISTICOS', NULL, 1),
(100413, 'CONFERENCE SERVICE MPS        ', NULL, 1),
(100414, 'VTAS GPS TOUR & TRAVEL MPS    ', NULL, 1),
(100452, 'SPA MOON                      ', NULL, 1),
(100453, 'OPERACION SPA MOON            ', NULL, 1),
(100454, 'HIDROTERAPIA SPA MOON         ', NULL, 1),
(100461, 'DIRECCION SERVICIOS TURISTICOS', NULL, 1),
(100465, 'COMPRAS DE EQUIPO DE OPERACION', NULL, 1),
(100466, 'OPERACION SERVICIOS SPA Y SB  ', NULL, 1),
(100467, 'MERCADOTECNIA CLUB VAC        ', NULL, 1),
(100471, 'JARDINERIA MPN                ', NULL, 1),
(100482, 'FUNDACION PALACE              ', NULL, 1),
(100508, 'BELL BOYS / CONCIERGE LBC     ', NULL, 1),
(100510, 'RESTAURANTES LBC              ', NULL, 1),
(100511, 'BARES LBC                     ', NULL, 1),
(100512, 'COCINA LBC                    ', NULL, 1),
(100514, 'CORTESIAS / ROOM SERVICE LBC  ', NULL, 1),
(100515, 'SEGURIDAD LBC                 ', NULL, 1),
(100517, 'TELEFONOS LBC                 ', NULL, 1),
(100518, 'AMA DE LLAVES LBC             ', NULL, 1),
(100519, 'AREAS PUBLICAS LBC            ', NULL, 1),
(100524, 'MANTENIMIENTO LBC             ', NULL, 1),
(100527, 'GERENCIA DE OPERACIONES CZP   ', NULL, 1),
(100535, 'CORTESIAS / ROOM SERVICE CZP  ', NULL, 1),
(100540, 'AREAS PUBLICAS CZP            ', NULL, 1),
(100545, 'MANTENIMIENTO CZP             ', NULL, 1),
(100549, 'RECEPCION PLC                 ', NULL, 1),
(100552, 'RESTAURANTES PLC              ', NULL, 1),
(100560, 'AMA DE LLAVES PLC             ', NULL, 1),
(100562, 'ROPERIA PLC                   ', NULL, 1),
(100593, 'RECURSOS HUMANOS CZP          ', NULL, 1),
(100653, 'VERFICACION LEGAL CLUB VAC MPS', NULL, 1),
(100655, 'SEGURIDAD INTEGRAL            ', NULL, 1),
(100670, 'COMERCIALIZADORA PALACE       ', NULL, 1),
(100674, 'HIDROTERAPIA SPA LE BLANC     ', NULL, 1),
(100675, 'OPERACION SPA LE BLANC        ', NULL, 1),
(100682, 'RESTAURANTES SMG              ', NULL, 1),
(100683, 'COCINA SMG                    ', NULL, 1),
(100689, 'DIRECCION DE OPERACIONES ZM   ', NULL, 1),
(100695, 'VENTAS SPA MPN                ', NULL, 1),
(100711, 'REL PUBLICAS CLUB VAC ZM      ', NULL, 1),
(100734, 'CALIDAD Y DESARROLLO ZM       ', NULL, 1),
(100794, 'GERENCIA CORPORATIVA AMBIENTAL', NULL, 1),
(100800, 'GERENCIA CORPORATIVA DE RESERV', NULL, 1),
(100839, 'HIDROTERAPIA SPA BP           ', NULL, 1),
(100843, 'BELL BOYS / CONCIERGE MG      ', NULL, 1),
(100845, 'OPERACION SPA SP              ', NULL, 1),
(100850, 'AMA DE LLAVES MG              ', NULL, 1),
(100881, 'CALIDAD Y DESARROLLO CEDIS    ', NULL, 1),
(100882, 'RECURSOS HUMANOS CEDIS        ', NULL, 1),
(100884, 'SEGURIDAD CEDIS               ', NULL, 1),
(100888, 'MANTENIMIENTO CEDIS           ', NULL, 1),
(100894, 'AMA DE LLAVES IMP             ', NULL, 1),
(100902, 'COCINA IMP                    ', NULL, 1),
(100907, 'GERENCIA DE OPERACIONES CEDIS ', NULL, 1),
(100908, 'MANTENIMIENTO IMP             ', NULL, 1),
(100952, 'RECEPCION MG                  ', NULL, 1),
(100956, 'COCINA MG                     ', NULL, 1),
(100957, 'RESTAURANTES MG               ', NULL, 1),
(100958, 'CORTESIAS / ROOM SERVICE MG   ', NULL, 1),
(100961, 'MANTENIMIENTO MG              ', NULL, 1),
(100966, 'GERENCIA DE OPERACIONES MG    ', NULL, 1),
(100967, 'SEGURIDAD MG                  ', NULL, 1),
(101013, 'PANADERIA CEDIS               ', NULL, 1),
(101017, 'BANQUETES BP                  ', NULL, 1),
(101030, 'GERENCIA DE TRANSPORTES       ', NULL, 1),
(101031, 'GERENCIA DE COMPRAS           ', NULL, 1),
(101123, 'RESTAURANTES CGM              ', NULL, 1),
(101144, 'CUSTOMER SERVICE              ', NULL, 1),
(101147, 'VENTAS SUDAMERICA             ', NULL, 1),
(101148, 'VENTAS EUROPA                 ', NULL, 1),
(101149, 'VENTAS CANADA                 ', NULL, 1),
(101152, 'BANQUETES MPN                 ', NULL, 1),
(101156, 'AUDITORIA DE INGRESOS         ', NULL, 1),
(101157, 'CUENTAS POR PAGAR             ', NULL, 1),
(101162, 'PLANEACION FISCAL             ', NULL, 1),
(101167, 'AUDITORIA DE GPOS Y BODAS     ', NULL, 1),
(101168, 'CONTABILIDAD ST               ', NULL, 1),
(101179, 'TELEFONOS CEDIS               ', NULL, 1),
(101180, 'E-COMMERCE                    ', NULL, 1),
(101181, 'COMPRAS MANTTO Y SERVICIOS    ', NULL, 1),
(101198, 'TELEMARKETING AGCIA DE VIAJES ', NULL, 1),
(101200, 'COORDINACION BODAS            ', NULL, 1),
(101212, 'ATENCION A SOCIOS MOROSOS     ', NULL, 1),
(101234, 'COSTOS                        ', NULL, 1),
(101249, 'DIRECCION DE FINANZAS PR      ', NULL, 1),
(101251, 'SUBCONTRALORIA OPERATIVA      ', NULL, 1),
(101252, 'CONTADOR OPERATIVOS           ', NULL, 1),
(101253, 'RECEPCION DE MERCANCIAS       ', NULL, 1),
(101255, 'CONTABILIDAD E IMPUESTOS      ', NULL, 1),
(101258, 'TESORERIA CUENTAS POR PAGAR   ', NULL, 1),
(101259, 'TESORERIA PR                  ', NULL, 1),
(101260, 'FLUJO DE EFECTIVO CORP        ', NULL, 1),
(101262, 'CAJA GENERAL                  ', NULL, 1),
(101264, 'CONTRALORIA DE CLUB  VAC PR   ', NULL, 1),
(101265, 'CONTABILIDAD PALACE PREMIER   ', NULL, 1),
(101267, 'COMEDOR COLABORADORES CEDIS   ', NULL, 1),
(101268, 'DIR CORP RELACIONES PUB CV    ', NULL, 1),
(101270, 'SERVICIOS DIAMANTES ZM        ', NULL, 1),
(101272, 'CONTRALORIA CEDIS             ', NULL, 1),
(101273, 'EVENTOS ESPECIALES            ', NULL, 1),
(101279, 'DIRECCION MERCADOTECNIA       ', NULL, 1),
(101282, 'ADMINISTRACION OPERA          ', NULL, 1),
(101283, 'ADMINISTRACION DE CARTERA     ', NULL, 1),
(101285, 'VICEPRESIDENCIA SALES & MKT	  ', NULL, 1),
(101286, 'CORPORATIVO DE RECEPCION	     ', NULL, 1),
(101287, 'ADMINISTRACION DE TARIFAS	    ', NULL, 1),
(101288, 'ADMINISTRACION MOVE-IN        ', NULL, 1),
(101290, 'VERIFICACION LEGAL CLUB VAC BP', NULL, 1),
(101292, 'SALA DE VENTAS CLUB VAC MPS   ', NULL, 1),
(101294, 'SALA DE VENTAS CLUB VAC PLC   ', NULL, 1),
(101296, 'GUEST SERVICE CLUB VAC MPS    ', NULL, 1),
(101299, 'GUEST SERVICE CLUB VAC SP     ', NULL, 1),
(101316, 'VENTAS CEDIS                  ', NULL, 1),
(101318, 'OPERACION CALL CENTER OUTBOUND', NULL, 1),
(101322, 'VENTAS ASIA                   ', NULL, 1),
(101323, 'DIR CORP GRUPOS INTER         ', NULL, 1),
(101325, 'CAJA DE CAMBIO                ', NULL, 1),
(101327, 'VENTAS GDS PER                ', NULL, 1),
(101330, 'VENTAS SPA MPS                ', NULL, 1),
(101331, 'ADMINISTRACION ERP            ', NULL, 1),
(101340, 'ADMINISTRACION DATA CENTER	   ', '', 2),
(101341, 'SOPORTE SAP LOGISTICA         ', NULL, 1),
(101342, 'VENTAS GDS                    ', NULL, 1),
(101343, 'GESTION DE COBRANZA           ', NULL, 1);

-- --------------------------------------------------------

--
-- Estructura de tabla para la tabla `direccion`
--

CREATE TABLE IF NOT EXISTS `direccion` (
  `id` int(11) NOT NULL AUTO_INCREMENT COMMENT 'Llave primaria de la tabla dirección',
  `nombredireccion` varchar(45) NOT NULL COMMENT 'Nombre de la dirección del hotel',
  `descripciondireccion` text COMMENT 'Descripción de la dirección',
  PRIMARY KEY (`id`),
  UNIQUE KEY `nombredireccion` (`nombredireccion`)
) ENGINE=InnoDB  DEFAULT CHARSET=latin1 AUTO_INCREMENT=3 ;

--
-- Volcado de datos para la tabla `direccion`
--

INSERT INTO `direccion` (`id`, `nombredireccion`, `descripciondireccion`) VALUES
(1, 'ASIGNAR DIRECCION', 'SE ASIGNA A LAS GERENCIAS SIN DIRECCION'),
(2, 'TECNOLOGIA DE LA INFORMACION', 'TECNOLOGíA DE LA INFORMACION');

-- --------------------------------------------------------

--
-- Estructura de tabla para la tabla `equipogeneral`
--

CREATE TABLE IF NOT EXISTS `equipogeneral` (
  `id` int(11) NOT NULL AUTO_INCREMENT COMMENT 'Lllave primaria de la tabla de equipogeneral',
  `idModelo` int(11) NOT NULL COMMENT 'Llave foránea de la tabla modelo',
  `idProveedores` int(11) DEFAULT NULL COMMENT 'Llave foránea de la tabla proveedores',
  `idEstatus` int(11) DEFAULT NULL COMMENT 'Llave foránea de la tabla estatus',
  `idTipoEquipo` int(11) NOT NULL COMMENT 'Llave foránea de la tabla tipo',
  `idHotel` int(11) NOT NULL COMMENT 'Llave foránea de la tabla Hotel',
  `idMarca` int(11) NOT NULL COMMENT 'Llave foránea de la tabla marca',
  `idTamano` int(11) DEFAULT NULL COMMENT 'Llave foránea de la tabla Tamaño',
  `idSitemaOperativo` int(11) DEFAULT NULL COMMENT 'Llave foránea de la tabla de la tabla sistema operativo',
  `numeroSerie` varchar(50) NOT NULL COMMENT 'Número de serie del equipo',
  `fechaCompra` date NOT NULL COMMENT 'Fecha de compra del equipo',
  `factura` varchar(50) NOT NULL COMMENT 'Número de la factura de compra',
  `fechaIngreso` timestamp NOT NULL DEFAULT CURRENT_TIMESTAMP COMMENT 'Fecha de registro en la base de datos',
  `memoria` char(15) DEFAULT NULL COMMENT 'Memoria RAM',
  `nombrePC` varchar(100) DEFAULT NULL COMMENT 'Nombre de la PC en el dominio',
  `capturaColaboradorId` int(11) NOT NULL DEFAULT '2' COMMENT 'Llave foránea del colaborador que captura el equipo',
  `idHotelCambio` int(11) DEFAULT NULL COMMENT 'Llave foránea de la tabla Hotel. Es nula a menos que se cambie de hotel',
  `resguardo_idresguardo` int(11) DEFAULT NULL COMMENT 'Llave foránea de la tabla resguardo. Es nulla a menos que sea asignado a un resguardo',
  `idPrestamo` int(11) DEFAULT NULL COMMENT 'Llave foránea de la tabla prestamo. Es nulla a menos que el equipo sea prestado',
  PRIMARY KEY (`id`),
  UNIQUE KEY `nombre_UNIQUE` (`nombrePC`),
  KEY `fk_equipo_proveedores1_idx` (`idProveedores`),
  KEY `fk_equipo_tipo_equipo1_idx` (`idTipoEquipo`),
  KEY `fk_equipo_modelo1_idx` (`idModelo`),
  KEY `fk_equipo_estatus1_idx` (`idEstatus`),
  KEY `fk_equipo_hotel1_idx` (`idHotel`),
  KEY `fk_equipo_marca1_idx` (`idMarca`),
  KEY `fk_equipoGeneral_monitor1_idx` (`idTamano`),
  KEY `fk_equipoGeneral_sitemaOperativo1_idx` (`idSitemaOperativo`),
  KEY `fk_equipoGeneral_colaborador1_idx` (`capturaColaboradorId`),
  KEY `fk_equipoGeneral_resguardo1_idx` (`resguardo_idresguardo`),
  KEY `idPrestamo` (`idPrestamo`),
  KEY `idHotelCambio` (`idHotelCambio`)
) ENGINE=InnoDB  DEFAULT CHARSET=latin1 AUTO_INCREMENT=1403 ;

--
-- Volcado de datos para la tabla `equipogeneral`
--

INSERT INTO `equipogeneral` (`id`, `idModelo`, `idProveedores`, `idEstatus`, `idTipoEquipo`, `idHotel`, `idMarca`, `idTamano`, `idSitemaOperativo`, `numeroSerie`, `fechaCompra`, `factura`, `fechaIngreso`, `memoria`, `nombrePC`, `capturaColaboradorId`, `idHotelCambio`, `resguardo_idresguardo`, `idPrestamo`) VALUES
(34, 4, NULL, 5, 2, 25, 2, NULL, 2, 'HZRJ8P1', '2014-04-30', '0', '2014-04-30 20:16:44', '4.0GB', NULL, 19, NULL, 25, NULL),
(35, 26, NULL, 5, 2, 25, 4, NULL, 2, 'MXL2191647', '2014-04-30', '0', '2014-04-30 20:26:33', '4.0 GB', NULL, 17, NULL, 21, NULL),
(36, 20, NULL, 5, 3, 25, 2, NULL, NULL, 'CN0N300H641800CG1Q1L', '2014-04-30', '0', '2014-04-30 20:29:42', '', NULL, 17, NULL, 21, NULL),
(37, 30, NULL, 5, 2, 25, 4, NULL, 2, 'MXL34912Q7', '2014-04-30', '0', '2014-04-30 20:30:46', '4.0 GB', NULL, 18, NULL, 27, NULL),
(38, 31, NULL, 5, 3, 25, 10, NULL, NULL, 'ZYGFH4LD802969K', '2014-04-30', '0', '2014-04-30 20:31:34', '', NULL, 18, NULL, 27, NULL),
(39, 20, NULL, 5, 3, 25, 2, NULL, NULL, 'CN0N300H6418004604QH', '2014-04-30', '0', '2014-04-30 20:33:05', '', NULL, 17, NULL, 313, NULL),
(40, 20, NULL, 5, 3, 25, 2, NULL, NULL, 'CN0N300H641800C80B1L', '2014-04-30', '0', '2014-04-30 20:34:06', '', NULL, 17, NULL, 22, NULL),
(41, 48, NULL, NULL, 2, 25, 2, NULL, 1, '1X3L5C1', '2014-04-30', '0', '2014-04-30 20:38:57', '2.0GB', NULL, 19, NULL, 28, NULL),
(42, 49, NULL, 5, 2, 25, 4, NULL, 2, 'MXL3180B6M', '2014-04-30', '0', '2014-04-30 20:40:44', '4.0 GB', NULL, 17, NULL, 313, NULL),
(43, 45, NULL, NULL, 3, 25, 2, NULL, NULL, 'CN0MC040641806370JNC', '2014-04-30', '0', '2014-04-30 20:49:49', '', NULL, 19, NULL, 31, NULL),
(44, 23, NULL, 5, 2, 25, 2, NULL, 2, 'CM9001', '2014-04-30', '0', '2014-04-30 20:50:23', '4.0 GB', NULL, 18, NULL, 29, NULL),
(45, 49, NULL, 5, 2, 25, 4, NULL, 2, 'MXL32300Z0V', '2014-04-30', '0', '2014-04-30 20:51:12', '4.0 GB', NULL, 17, NULL, 22, NULL),
(46, 20, NULL, 5, 3, 25, 2, NULL, NULL, 'CN0N300H641800C80A5L', '2014-04-30', '0', '2014-04-30 20:51:44', '', NULL, 18, NULL, 29, NULL),
(47, 7, NULL, 5, 2, 25, 2, NULL, 2, 'B0WP771', '2014-04-30', '0', '2014-04-30 20:52:22', '3.0GB', NULL, 19, NULL, 31, NULL),
(48, 4, NULL, 5, 2, 25, 2, NULL, 2, 'HT5VQL1', '2014-04-30', '0', '2014-04-30 20:54:46', '4.0 GB', NULL, 18, NULL, 30, NULL),
(49, 31, NULL, 5, 3, 25, 10, NULL, NULL, 'ZYGFH4LD700002E', '2014-04-30', '0', '2014-04-30 20:57:23', '', NULL, 18, NULL, 30, NULL),
(50, 26, NULL, 5, 2, 25, 4, NULL, 2, 'MXL219163H', '2014-04-30', '0', '2014-04-30 20:58:45', '4.0 GB', NULL, 17, NULL, 23, NULL),
(51, 20, NULL, 5, 3, 25, 2, NULL, NULL, 'CN0N300H641800CG1HTL', '2014-04-30', '0', '2014-04-30 20:59:24', '', NULL, 17, NULL, 23, NULL),
(52, 37, NULL, 5, 3, 25, 2, NULL, NULL, 'CN0C552H72872866069LA00', '2014-04-30', '0', '2014-04-30 20:59:56', '', NULL, 19, NULL, 32, NULL),
(53, 2, NULL, 5, 2, 25, 2, NULL, 2, '7V9VLH1', '2014-04-30', '0', '2014-04-30 21:01:06', '3.0GB', NULL, 19, NULL, 32, NULL),
(54, 26, NULL, 5, 2, 25, 4, NULL, 2, 'MXL2191648', '2014-04-30', '0', '2014-04-30 21:03:08', '4.0 GB', NULL, 17, NULL, 24, NULL),
(55, 20, NULL, 5, 3, 25, 2, NULL, NULL, 'CN0N300H641800C80ASL', '2014-04-30', '0', '2014-04-30 21:03:44', '', NULL, 17, NULL, 24, NULL),
(56, 23, NULL, 5, 2, 25, 2, NULL, 1, '92PVRC1', '2014-04-30', '0', '2014-04-30 21:03:49', '4.0 GB', NULL, 18, NULL, 33, NULL),
(57, 26, NULL, NULL, 2, 25, 4, NULL, 2, 'MXL219163C', '2014-04-30', '0', '2014-04-30 21:04:59', '4.0 GB', NULL, 17, NULL, 26, NULL),
(58, 31, NULL, 5, 3, 25, 10, NULL, NULL, 'ZYGFH4LD802976Z', '2014-04-30', '0', '2014-04-30 21:05:25', '', NULL, 19, NULL, 34, NULL),
(59, 51, NULL, 5, 3, 25, 2, NULL, NULL, 'CN0C5369641805171T4S', '2014-04-30', '0', '2014-04-30 21:05:43', '', NULL, 17, NULL, 26, NULL),
(60, 9, NULL, 5, 2, 25, 2, NULL, 1, '2TCVQB1', '2014-04-30', '0', '2014-04-30 21:07:01', '1.0GB', NULL, 19, NULL, 34, NULL),
(61, 51, NULL, 5, 3, 25, 2, NULL, NULL, 'CN0C5369641804BR1ASC', '2014-04-30', '0', '2014-04-30 21:10:37', '', NULL, 19, NULL, 312, NULL),
(62, 45, NULL, NULL, 3, 25, 2, NULL, NULL, 'CN0MC0406418063407TS', '2014-04-30', '0', '2014-04-30 21:11:23', '', NULL, 18, NULL, 33, NULL),
(63, 7, NULL, 5, 2, 25, 2, NULL, 1, '7576W61', '2014-04-30', '0', '2014-04-30 21:11:37', '1.0GB', NULL, 19, NULL, 312, NULL),
(64, 4, NULL, 5, 2, 25, 2, NULL, 1, 'HW5WKM1', '2014-04-30', '0', '2014-04-30 21:15:43', '4.0 GB', NULL, 18, NULL, 35, NULL),
(65, 51, NULL, 5, 3, 25, 2, NULL, NULL, 'CN0Y4413728725591NFL', '2014-04-30', '0', '2014-04-30 21:15:59', '', NULL, 19, NULL, 36, NULL),
(66, 20, NULL, 5, 3, 25, 2, NULL, NULL, 'CN0X706H728729B2512L', '2014-04-30', '0', '2014-04-30 21:16:20', '', NULL, 18, NULL, 35, NULL),
(67, 2, NULL, 5, 2, 25, 2, NULL, 1, '8C98XH1', '2014-04-30', '0', '2014-04-30 21:17:12', '4.0GB', NULL, 19, NULL, 36, NULL),
(68, 2, NULL, 5, 2, 25, 2, NULL, NULL, '73XXMF1', '2014-04-30', '0', '2014-04-30 21:19:52', '4.0 GB', NULL, 18, NULL, 37, NULL),
(69, 35, NULL, 5, 3, 25, 4, NULL, NULL, '6CM310034B', '2014-04-30', '0', '2014-04-30 21:22:51', '', NULL, 18, NULL, 37, NULL),
(70, 45, NULL, NULL, 3, 25, 2, NULL, NULL, 'CN0CC6397287262D3L9L', '2014-04-30', '0', '2014-04-30 21:24:59', '', NULL, 19, NULL, 41, NULL),
(71, 23, NULL, 5, 2, 25, 2, NULL, 1, '8MWNRC1', '2014-04-30', '0', '2014-04-30 21:27:00', '2.0 GB', NULL, 18, NULL, 38, NULL),
(72, 36, NULL, 5, 3, 25, 2, NULL, NULL, 'CN0U47957161857RGE59', '2014-04-30', '0', '2014-04-30 21:27:42', '', NULL, 18, NULL, 38, NULL),
(73, 4, NULL, 5, 2, 25, 2, NULL, 1, 'HW5TKM1', '2014-04-30', '0', '2014-04-30 21:29:02', '3.0GB', NULL, 19, NULL, 41, NULL),
(74, 4, NULL, 5, 2, 25, 2, NULL, 1, '1R0FNL1', '2014-04-30', '0', '2014-04-30 21:30:37', '2.0 GB', NULL, 18, NULL, 40, NULL),
(75, 20, NULL, 5, 3, 25, 2, NULL, NULL, 'CN0X706H728729B24GFL', '2014-04-30', '0', '2014-04-30 21:31:14', '', NULL, 18, NULL, 40, NULL),
(76, 9, NULL, 5, 2, 25, 2, NULL, 1, '104L5C1', '2014-04-30', '0', '2014-04-30 21:33:44', '2.0 GB', NULL, 18, NULL, 42, NULL),
(77, 37, NULL, 5, 3, 25, 2, NULL, NULL, 'CNOF534H7161888KBCNHA00', '2014-04-30', '0', '2014-04-30 21:34:21', '', NULL, 18, NULL, 42, NULL),
(78, 51, NULL, 5, 3, 25, 2, NULL, NULL, 'CN0C5369641804C10A6C', '2014-04-30', '0', '2014-04-30 21:35:05', '', NULL, 18, NULL, 319, NULL),
(79, 40, NULL, 5, 3, 25, 2, NULL, NULL, 'CN0NJ1747373174Q5608', '2014-04-30', '0', '2014-04-30 21:36:42', '', NULL, 19, NULL, 44, NULL),
(80, 54, NULL, 5, 2, 25, 4, NULL, 2, 'MXL2191649', '2014-04-30', '0', '2014-04-30 21:37:12', '4.0GB', NULL, 18, NULL, 319, NULL),
(81, 4, NULL, 5, 2, 25, 2, NULL, 1, 'JH4WLM1', '2014-04-30', '0', '2014-04-30 21:38:34', '3.0GB', NULL, 19, NULL, 44, NULL),
(82, 20, NULL, 5, 3, 25, 2, NULL, 2, 'CN0N300H641800C8059L', '2014-04-30', '0', '2014-04-30 21:39:24', '', NULL, 18, NULL, 43, NULL),
(83, 20, NULL, 5, 3, 25, 2, NULL, NULL, 'CN0X706H728729BU1TCL', '2014-04-30', '0', '2014-04-30 21:41:37', '', NULL, 19, NULL, 46, NULL),
(84, 40, NULL, 5, 3, 25, 2, NULL, NULL, 'CN0UH572466336CO30WL', '2014-04-30', '0', '2014-04-30 21:41:39', '', NULL, 18, NULL, 48, NULL),
(85, 38, NULL, 5, 2, 25, 2, NULL, 2, '3LWV9P1', '2014-04-30', '0', '2014-04-30 21:42:37', '3.0GB', NULL, 19, NULL, 46, NULL),
(86, 23, NULL, 5, 2, 25, 2, NULL, 1, '6MWMRC1', '2014-04-30', '0', '2014-04-30 21:42:39', '3.0 GB', NULL, 18, NULL, 45, NULL),
(87, 39, NULL, 5, 3, 25, 2, NULL, NULL, 'CN0M1619641803CQ180L', '2014-04-30', '0', '2014-04-30 21:43:18', '', NULL, 18, NULL, 45, NULL),
(88, 26, NULL, 5, 2, 25, 4, NULL, 2, 'MXL219164B', '2014-04-30', '0', '2014-04-30 21:43:33', '4.0GB', NULL, 18, NULL, 48, NULL),
(89, 45, NULL, NULL, 3, 25, 2, NULL, NULL, 'CN0MC040641805CQ10MS', '2014-04-30', '0', '2014-04-30 21:46:12', '', NULL, 19, NULL, 47, NULL),
(90, 38, NULL, 5, 2, 25, 2, NULL, 2, '3GS4BP1', '2014-04-30', '0', '2014-04-30 21:47:06', '3.0GB', NULL, 19, NULL, 47, NULL),
(91, 30, NULL, NULL, 2, 25, 4, NULL, 2, 'MXL3371JB1', '2014-04-30', '0', '2014-04-30 21:57:03', '4.0 GB', NULL, 19, NULL, 49, NULL),
(92, 26, NULL, 5, 2, 25, 4, NULL, 2, 'MXL2191646', '2014-04-30', '0', '2014-04-30 21:57:25', '4.0 GB', NULL, 17, NULL, 39, NULL),
(93, 36, NULL, 5, 3, 25, 2, NULL, NULL, 'CN0U47957161857FGAG0', '2014-04-30', '0', '2014-04-30 21:57:46', '', NULL, 17, NULL, 39, NULL),
(94, 40, NULL, 5, 3, 25, 2, NULL, NULL, 'CN0WH318728726AD3JTU', '2014-04-30', '0', '2014-04-30 21:58:36', '', NULL, 19, NULL, 49, NULL),
(95, 38, NULL, 5, 2, 25, 2, NULL, 2, '3GQ5BP1', '2014-04-30', '0', '2014-04-30 22:04:37', '4.0 GB', NULL, 17, NULL, 50, NULL),
(96, 7, NULL, 5, 2, 25, 2, NULL, 1, '4676W61', '2014-04-30', '0', '2014-04-30 22:04:39', '1.0 GB', NULL, 19, NULL, 51, NULL),
(97, 20, NULL, 5, 3, 25, 2, NULL, NULL, 'CN0N300H641800CG127L', '2014-04-30', '0', '2014-04-30 22:05:07', '', NULL, 17, NULL, 50, NULL),
(98, 37, NULL, 5, 3, 25, 2, NULL, NULL, '080626L1005433', '2014-04-30', '0', '2014-04-30 22:05:17', '', NULL, 19, NULL, 51, NULL),
(99, 49, NULL, 5, 2, 25, 4, NULL, 2, 'MXL3100MHG', '2014-04-30', '0', '2014-04-30 22:05:50', '4.0 GB', NULL, 17, NULL, 53, NULL),
(100, 52, NULL, 5, 3, 25, 2, NULL, NULL, 'CN0RY979742618154UMS', '2014-04-30', '0', '2014-04-30 22:07:03', '', NULL, 17, NULL, 53, NULL),
(101, 34, NULL, NULL, 2, 25, 2, NULL, 1, '741FRL1', '2014-04-30', '0', '2014-04-30 22:07:58', '4.0 GB', NULL, 19, NULL, 52, NULL),
(102, 31, NULL, 5, 3, 25, 10, NULL, NULL, 'ZYGFH4LD802967M', '2014-04-30', '0', '2014-04-30 22:08:33', '', NULL, 19, NULL, 52, NULL),
(103, 41, NULL, 5, 5, 25, 2, NULL, 2, 'DY776L1', '2014-04-30', '0', '2014-04-30 22:13:31', '4.0 GB', NULL, 19, NULL, 55, NULL),
(104, 31, NULL, 5, 3, 25, 10, NULL, NULL, 'ZYGFH4LD802985E', '2014-04-30', '0', '2014-04-30 22:14:21', '', NULL, 19, NULL, 55, NULL),
(105, 2, NULL, 5, 2, 25, 2, NULL, 1, '9N8FLH1', '2014-04-30', '0', '2014-04-30 22:16:51', '1.0 GB', NULL, 17, NULL, 54, NULL),
(106, 39, NULL, 5, 3, 25, 2, NULL, NULL, 'CN0M1619641803CR0STL', '2014-04-30', '0', '2014-04-30 22:17:23', '', NULL, 17, NULL, 54, NULL),
(107, 38, NULL, 5, 2, 25, 2, NULL, 2, '3LY9BP1', '2014-04-30', '0', '2014-04-30 22:18:10', '4.0 GB', NULL, 17, NULL, 314, NULL),
(108, 30, NULL, 5, 2, 25, 4, NULL, 3, 'MXL34913RC', '2014-04-30', '0', '2014-04-30 22:19:19', '8.0 GB', NULL, 19, NULL, 57, NULL),
(109, 20, NULL, 5, 3, 25, 2, NULL, NULL, 'CN0X706H728729B25P1L', '2014-04-30', '0', '2014-04-30 22:19:47', '', NULL, 17, NULL, 314, NULL),
(110, 42, NULL, 5, 3, 25, 2, NULL, NULL, 'CN0RNMH6744459CCA55L', '2014-04-30', '0', '2014-04-30 22:20:00', '', NULL, 19, NULL, 57, NULL),
(111, 46, NULL, 5, 3, 25, 2, NULL, NULL, 'CN0R289D7161884NFRGU', '2014-04-30', '0', '2014-04-30 22:20:31', '', NULL, 19, NULL, 57, NULL),
(112, 4, NULL, 5, 2, 25, 2, NULL, 1, 'HW5QKM1', '2014-04-30', '0', '2014-04-30 22:24:03', '4.0 GB', NULL, 19, NULL, 58, NULL),
(113, 20, NULL, 5, 3, 25, 2, NULL, NULL, 'CN0N300H641800C805GL', '2014-04-30', '0', '2014-04-30 22:24:05', '', NULL, 18, NULL, 320, NULL),
(114, 38, NULL, 5, 2, 25, 2, NULL, 2, '3LR6BP1', '2014-04-30', '0', '2014-04-30 22:24:53', '4.0 GB', NULL, 17, NULL, 56, NULL),
(115, 54, NULL, 5, 2, 25, 4, NULL, 2, 'MXL14606PP', '2014-04-30', '0', '2014-04-30 22:25:31', '3.0GB', NULL, 18, NULL, 320, NULL),
(116, 20, NULL, 5, 3, 25, 2, NULL, NULL, 'CN0N300H6418004603PH', '2014-04-30', '0', '2014-04-30 22:26:49', '', NULL, 19, NULL, 58, NULL),
(117, 20, NULL, 5, 3, 25, 2, NULL, NULL, 'CN0N300H641800C80ARL', '2014-04-30', '0', '2014-04-30 22:27:41', '', NULL, 18, NULL, 60, NULL),
(118, 52, NULL, 5, 3, 25, 2, NULL, NULL, 'CN0RY979742618154UGS', '2014-04-30', '0', '2014-04-30 22:28:17', '', NULL, 17, NULL, 56, NULL),
(119, 38, NULL, 5, 2, 25, 2, NULL, 2, '3LQ6BP1', '2014-04-30', '0', '2014-04-30 22:28:41', '4.0GB', NULL, 18, NULL, 60, NULL),
(120, 38, NULL, 5, 2, 25, 2, NULL, 2, '3GRS9P1', '2014-04-30', '0', '2014-04-30 22:29:12', '4.0 GB', NULL, 17, NULL, 63, NULL),
(121, 43, NULL, 5, 2, 25, 2, NULL, 1, 'HT7LQL1', '2014-04-30', '0', '2014-04-30 22:29:17', '4.0 GB', NULL, 19, NULL, 59, NULL),
(122, 53, NULL, 5, 3, 25, 11, NULL, NULL, 'MUL5022C0080287', '2014-04-30', '0', '2014-04-30 22:29:37', '', NULL, 17, NULL, 63, NULL),
(123, 20, NULL, 5, 3, 25, 2, NULL, NULL, 'CN0N300H641800AL2CJL', '2014-04-30', '0', '2014-04-30 22:29:57', '', NULL, 19, NULL, 59, NULL),
(124, 26, NULL, 5, 2, 25, 4, NULL, 2, 'MXL2191635', '2014-04-30', '0', '2014-04-30 22:30:32', '4.0 GB', NULL, 17, NULL, 64, NULL),
(125, 31, NULL, 5, 3, 25, 10, NULL, NULL, 'ZYGFH4LD701661T', '2014-04-30', '0', '2014-04-30 22:30:55', '', NULL, 17, NULL, 64, NULL),
(126, 20, NULL, 5, 3, 25, 2, NULL, NULL, 'CN0N300H641800CG1Q3L', '2014-04-30', '0', '2014-04-30 22:31:57', '', NULL, 18, NULL, 62, NULL),
(127, 38, NULL, 5, 2, 25, 2, NULL, 2, '3LZ5BP1', '2014-04-30', '0', '2014-04-30 22:33:15', '4.0GB', NULL, 18, NULL, 62, NULL),
(128, 14, NULL, 5, 5, 25, 4, NULL, 2, 'CNU2051J2R', '2014-04-30', '0', '2014-04-30 22:33:58', '4.0 GB', NULL, 19, NULL, 61, NULL),
(129, 26, NULL, 2, 2, 25, 4, NULL, 2, 'MXL2281845', '2014-04-30', '0', '2014-04-30 22:36:14', '4.0 GB', NULL, 19, NULL, NULL, NULL),
(130, 20, NULL, 5, 3, 25, 2, NULL, NULL, 'CN0N300H641800CG1PVL', '2014-04-30', '0', '2014-04-30 22:36:21', '', NULL, 18, NULL, 67, NULL),
(131, 37, NULL, 2, 3, 25, 2, NULL, NULL, 'CN0FP816742617B50P0S', '2014-04-30', '0', '2014-04-30 22:36:47', '', NULL, 19, NULL, NULL, NULL),
(132, 38, NULL, 5, 2, 25, 2, NULL, 2, '3LX9BP1', '2014-04-30', '0', '2014-04-30 22:37:05', '4.0GB', NULL, 18, NULL, 67, NULL),
(133, 46, NULL, 2, 3, 25, 2, NULL, NULL, 'CN0R289D7161884NFLFU', '2014-04-30', '0', '2014-04-30 22:37:10', '', NULL, 19, NULL, NULL, NULL),
(134, 7, NULL, 5, 2, 25, 2, NULL, 1, '77F6Q71', '2014-04-30', '0', '2014-04-30 22:38:02', '1.0 GB', NULL, 17, NULL, 66, NULL),
(135, 50, NULL, 5, 3, 25, 3, NULL, NULL, '309JE05107', '2014-04-30', '0', '2014-04-30 22:38:32', '', NULL, 17, NULL, 66, NULL),
(136, 45, NULL, NULL, 3, 25, 2, NULL, NULL, 'CN0MC040641805CQ10DS', '2014-04-30', '0', '2014-04-30 22:38:50', '', NULL, 18, NULL, 68, NULL),
(137, 9, NULL, 5, 2, 25, 2, NULL, 1, '9CPWC81', '2014-04-30', '0', '2014-04-30 22:40:01', '1.0GB', NULL, 18, NULL, 68, NULL),
(138, 49, NULL, 5, 2, 25, 4, NULL, 2, 'MXL24408WF', '2014-04-30', '0', '2014-04-30 22:43:37', '4.0 GB', NULL, 17, NULL, 69, NULL),
(139, 40, NULL, 5, 3, 25, 2, NULL, NULL, 'CN0NJ1747373174D38A8', '2014-04-30', '0', '2014-04-30 22:44:48', '', NULL, 17, NULL, 69, NULL),
(140, 20, NULL, 5, 3, 25, 2, NULL, NULL, 'CN0N300H641800BU0ANL', '2014-04-30', '0', '2014-04-30 22:48:00', '', NULL, 18, NULL, 70, NULL),
(141, 38, NULL, 5, 2, 25, 2, NULL, 2, '3GS7BP1', '2014-04-30', '0', '2014-04-30 22:48:41', '4.0GB', NULL, 18, NULL, 70, NULL),
(142, 26, NULL, 5, 2, 25, 4, NULL, 2, 'MXL2191644', '2014-05-02', '0', '2014-05-02 14:21:37', '4.0 GB', NULL, 17, NULL, 71, NULL),
(143, 51, NULL, 5, 3, 25, 2, NULL, NULL, 'CN0C5369641804C103GC', '2014-05-02', '0', '2014-05-02 14:21:49', '', NULL, 19, NULL, 73, NULL),
(144, 51, NULL, 5, 3, 25, 2, NULL, NULL, 'CN0C5369641804C10DFC', '2014-05-02', '0', '2014-05-02 14:22:11', '', NULL, 17, NULL, 71, NULL),
(145, 49, NULL, 5, 3, 25, 4, NULL, NULL, 'MXL24408WM', '2014-05-02', '0', '2014-05-02 14:23:17', '', NULL, 19, NULL, 73, NULL),
(146, 26, NULL, 5, 2, 25, 4, NULL, 2, 'MXL219163D', '2014-05-02', '0', '2014-05-02 14:24:51', '4.0 GB', NULL, 17, NULL, 72, NULL),
(147, 40, NULL, 5, 3, 25, 2, NULL, NULL, 'CN0WH3187287274974HC', '2014-05-02', '0', '2014-05-02 14:25:55', '', NULL, 17, NULL, 72, NULL),
(148, 50, NULL, 5, 3, 25, 3, NULL, NULL, '309JE04964', '2014-05-02', '0', '2014-05-02 14:32:06', '', NULL, 19, NULL, 78, NULL),
(149, 4, NULL, 5, 2, 25, 2, NULL, 1, 'HW6QKM1', '2014-05-02', '0', '2014-05-02 14:35:10', '4.0 GB', NULL, 18, NULL, 74, NULL),
(150, 67, NULL, NULL, 3, 25, 2, NULL, NULL, 'CN0X706H728729B25N1L', '2014-05-02', '0', '2014-05-02 14:35:59', '', NULL, 18, NULL, 74, NULL),
(151, 20, NULL, 5, 3, 25, 2, NULL, NULL, 'CN0N300H641800CG11RL', '2014-05-02', '0', '2014-05-02 14:38:48', '', NULL, 18, NULL, 80, NULL),
(152, 26, NULL, 5, 2, 25, 4, NULL, 2, 'MXL2191642', '2014-05-02', '0', '2014-05-02 14:39:29', '4.0 GB', NULL, 17, NULL, 75, NULL),
(153, 38, NULL, 5, 2, 25, 2, NULL, 2, '3LS6BP1', '2014-05-02', '0', '2014-05-02 14:39:49', '4.0GB', NULL, 18, NULL, 80, NULL),
(154, 56, NULL, 5, 3, 25, 10, NULL, NULL, 'GG15HVEW312031ZMX', '2014-05-02', '0', '2014-05-02 14:39:57', '', NULL, 19, NULL, 83, NULL),
(155, 51, NULL, 5, 3, 25, 2, NULL, NULL, 'CN0C5369641804C25SHS', '2014-05-02', '0', '2014-05-02 14:40:13', '', NULL, 17, NULL, 75, NULL),
(156, 38, NULL, 5, 2, 25, 2, NULL, 2, '3GRV9P1', '2014-05-02', '0', '2014-05-02 14:40:43', '4.0 GB', NULL, 17, NULL, 317, NULL),
(157, 20, NULL, 5, 3, 25, 2, NULL, NULL, 'CN0N300H641800AL03JL', '2014-05-02', '0', '2014-05-02 14:41:11', '', NULL, 17, NULL, 317, NULL),
(158, 4, NULL, 5, 2, 25, 2, NULL, 2, '1T5KML1', '2014-05-02', '0', '2014-05-02 14:41:11', '4.0GB', NULL, 19, NULL, 83, NULL),
(159, 38, NULL, 5, 2, 25, 2, NULL, 2, '3LS5BP1', '2014-05-02', '0', '2014-05-02 14:41:41', '4.0 GB', NULL, 17, NULL, 76, NULL),
(160, 20, NULL, 5, 3, 25, 2, NULL, NULL, 'CN0N300H641800CG11JL', '2014-05-02', '0', '2014-05-02 14:41:58', '', NULL, 17, NULL, 76, NULL),
(161, 20, NULL, 5, 3, 25, 2, NULL, NULL, 'CN0N300H641800C80AUL', '2014-05-02', '0', '2014-05-02 14:42:01', '', NULL, 18, NULL, 82, NULL),
(162, 38, NULL, 5, 2, 25, 2, NULL, 2, '3GT56BP1', '2014-05-02', '0', '2014-05-02 14:42:38', '4.0 GB', NULL, 17, NULL, 77, NULL),
(163, 7, NULL, NULL, 2, 25, 2, NULL, 1, '8W6FP61', '2014-05-02', '0', '2014-05-02 14:42:49', '1.0GB', NULL, 18, NULL, 81, NULL),
(164, 51, NULL, 5, 3, 25, 2, NULL, NULL, 'CN0C53696418054K1DPH', '2014-05-02', '0', '2014-05-02 14:42:58', '', NULL, 17, NULL, 77, NULL),
(165, 38, NULL, 5, 2, 25, 2, NULL, 2, '3LZ3BP1', '2014-05-02', '0', '2014-05-02 14:43:00', '4.0GB', NULL, 18, NULL, 82, NULL),
(166, 51, NULL, NULL, 3, 25, 2, NULL, NULL, 'CN0C5369641804C25SUS', '2014-05-02', '0', '2014-05-02 14:43:33', '', NULL, 18, NULL, 81, NULL),
(167, 20, NULL, 5, 3, 25, 2, NULL, NULL, 'CN0N300H641800BU0CNL', '2014-05-02', '0', '2014-05-02 14:46:06', '', NULL, 18, NULL, 321, NULL),
(168, 38, NULL, 5, 2, 25, 2, NULL, 2, '3LX3BP1', '2014-05-02', '0', '2014-05-02 14:47:23', '4.0GB', NULL, 18, NULL, 321, NULL),
(169, 20, NULL, NULL, 3, 25, 2, NULL, NULL, 'CN0M300H641800CG11GL', '2014-05-02', '0', '2014-05-02 14:48:46', '', NULL, 19, NULL, 85, NULL),
(170, 4, NULL, 5, 2, 25, 2, NULL, 2, '3H0RPL1', '2014-05-02', '0', '2014-05-02 14:49:34', '3.0GB', NULL, 19, NULL, 85, NULL),
(171, 51, NULL, 5, 3, 25, 2, NULL, NULL, 'CN0D5421466335554TML', '2014-05-02', '0', '2014-05-02 14:50:39', '', NULL, 18, NULL, 322, NULL),
(172, 26, NULL, 5, 2, 25, 4, NULL, 2, 'MXL2191634', '2014-05-02', '0', '2014-05-02 14:53:37', '4.0GB', NULL, 18, NULL, 322, NULL),
(173, 2, NULL, 5, 2, 25, 2, NULL, 1, 'FVKM4G1', '2014-05-02', '0', '2014-05-02 14:54:19', '4.0 GB', NULL, 18, NULL, 86, NULL),
(174, 4, NULL, 5, 2, 25, 2, NULL, 1, 'JH53MM1', '2014-05-02', '0', '2014-05-02 14:55:27', '4.0 GB', NULL, 17, NULL, 79, NULL),
(175, 39, NULL, 5, 3, 25, 2, NULL, NULL, 'CN0M1619641803CR165L', '2014-05-02', '0', '2014-05-02 14:57:30', '', NULL, 18, NULL, 87, NULL),
(176, 31, NULL, 5, 3, 25, 10, NULL, NULL, 'ZYGFH4LD700063B', '2014-05-02', '0', '2014-05-02 14:58:09', '', NULL, 18, NULL, 86, NULL),
(177, 51, NULL, 5, 3, 25, 2, NULL, NULL, 'CN0C5369641804BR1BEC', '2014-05-02', '0', '2014-05-02 14:58:59', '', NULL, 17, NULL, 79, NULL),
(178, 38, NULL, 5, 2, 25, 2, NULL, 2, '3LY7BP1', '2014-05-02', '0', '2014-05-02 14:59:32', '4.0 GB', NULL, 17, NULL, 93, NULL),
(179, 4, NULL, 5, 2, 25, 2, NULL, 1, '21LRSPL1', '2014-05-02', '0', '2014-05-02 15:00:01', '3.0GB', NULL, 18, NULL, 87, NULL),
(180, 45, NULL, 2, 3, 25, 2, NULL, NULL, 'CM0G99984663362I8ONU', '2014-05-02', '0', '2014-05-02 15:00:03', '', NULL, 19, NULL, NULL, NULL),
(181, 30, NULL, 5, 2, 25, 4, NULL, 2, 'MXL33718GB', '2014-05-02', '0', '2014-05-02 15:00:47', '4.0GB', NULL, 19, NULL, 273, NULL),
(182, 52, NULL, 5, 3, 25, 2, NULL, NULL, 'CN0RY979742618154V1S', '2014-05-02', '0', '2014-05-02 15:04:23', '', NULL, 18, NULL, 88, NULL),
(183, 40, NULL, 2, 3, 25, 2, NULL, NULL, 'CN0MJ1747373174Q3UE8', '2014-05-02', '0', '2014-05-02 15:04:45', '', NULL, 19, NULL, NULL, NULL),
(184, 57, NULL, 5, 3, 25, 10, NULL, NULL, 'NB15HCHX325105B', '2014-05-02', '0', '2014-05-02 15:05:14', '', NULL, 18, NULL, 92, NULL),
(185, 38, NULL, 5, 2, 25, 2, NULL, 2, '3LY4BP1', '2014-05-02', '0', '2014-05-02 15:06:23', '4.0 GB', NULL, 17, NULL, 315, NULL),
(186, 20, NULL, 5, 3, 25, 2, NULL, NULL, 'CN0N300H641800AFOESL', '2014-05-02', '0', '2014-05-02 15:06:44', '', NULL, 17, NULL, 315, NULL),
(187, 38, NULL, 5, 2, 25, 2, NULL, 2, '3LZ4BP1', '2014-05-02', '0', '2014-05-02 15:08:56', '4.0 GB', NULL, 17, NULL, 316, NULL),
(188, 37, NULL, 5, 3, 25, 2, NULL, NULL, 'CN0F534H7161888KBAMYA00', '2014-05-02', '0', '2014-05-02 15:09:19', '', NULL, 17, NULL, 316, NULL),
(189, 30, NULL, 5, 2, 25, 4, NULL, 2, 'E3S98LTABM', '2014-05-02', '0', '2014-05-02 15:09:49', '4.0GB', NULL, 18, NULL, 92, NULL),
(190, 9, NULL, 5, 2, 25, 2, NULL, 1, '2X36V91', '2014-05-02', '0', '2014-05-02 15:10:16', '2.0 GB', NULL, 18, NULL, 90, NULL),
(191, 36, NULL, 5, 3, 25, 2, NULL, NULL, 'CN0U47957161857FG784', '2014-05-02', '0', '2014-05-02 15:11:44', '', NULL, 18, NULL, 90, NULL),
(192, 31, NULL, 5, 3, 25, 10, NULL, NULL, 'ZYGFH4LD700067K', '2014-05-02', '0', '2014-05-02 15:12:30', '', NULL, 18, NULL, 95, NULL),
(193, 30, NULL, 5, 2, 25, 4, NULL, 2, 'MXL34912QT', '2014-05-02', '0', '2014-05-02 15:13:34', '4.0GB', NULL, 18, NULL, 95, NULL),
(194, 45, NULL, NULL, 3, 25, 2, NULL, NULL, 'CN0CC63972865J1JPT', '2014-05-02', '0', '2014-05-02 15:14:10', '', NULL, 19, NULL, 89, NULL),
(195, 30, NULL, 5, 2, 25, 4, NULL, 2, 'MXL33718H8', '2014-05-02', '0', '2014-05-02 15:15:04', '4.0GB', NULL, 19, NULL, 89, NULL),
(196, 40, NULL, 5, 3, 25, 2, NULL, NULL, 'CN0UH572466337235JJL', '2014-05-02', '0', '2014-05-02 15:15:57', '', NULL, 19, NULL, 91, NULL),
(197, 49, NULL, NULL, 2, 25, 4, NULL, 2, 'MXZ24408XF', '2014-05-02', '0', '2014-05-02 15:16:38', '4.0GB', NULL, 19, NULL, 91, NULL),
(198, 38, NULL, 5, 2, 25, 2, NULL, 2, '3LW4BP1', '2014-05-02', '0', '2014-05-02 15:18:57', '4.0 GB', NULL, 18, NULL, 96, NULL),
(199, 45, NULL, NULL, 3, 25, 2, NULL, NULL, 'CN0MC040641806619W3L', '2014-05-02', '0', '2014-05-02 15:19:44', '', NULL, 18, NULL, 98, NULL),
(200, 4, NULL, 5, 2, 25, 2, NULL, 1, 'HT63RL1', '2014-05-02', '0', '2014-05-02 15:20:45', '3.0GB', NULL, 18, NULL, 98, NULL),
(201, 20, NULL, 5, 3, 25, 2, NULL, 2, 'CN0N300H641800CG120L', '2014-05-02', '0', '2014-05-02 15:21:47', '4.0 GB', NULL, 17, NULL, 93, NULL),
(202, 38, NULL, 5, 2, 25, 2, NULL, 2, '3LQ8BP1', '2014-05-02', '0', '2014-05-02 15:22:09', '4.0 GB', NULL, 17, NULL, 94, NULL),
(203, 20, NULL, 5, 3, 25, 2, NULL, NULL, 'CN0N300H641800C80APL', '0000-00-00', '0', '2014-05-02 15:22:28', '', NULL, 2, NULL, 94, NULL),
(204, 20, NULL, 5, 3, 25, 2, NULL, NULL, 'CN0N300H641800CG1PZL', '0000-00-00', '0', '2014-05-02 15:22:38', '', NULL, 2, NULL, 97, NULL),
(205, 38, NULL, 5, 2, 25, 2, NULL, 2, '3LS8BP1', '0000-00-00', '0', '2014-05-02 15:22:58', '4.0 GB', NULL, 2, NULL, 97, NULL),
(206, 28, NULL, 5, 3, 25, 9, NULL, NULL, 'T6N130402760', '2014-05-02', '0', '2014-05-02 15:22:59', '', NULL, 18, NULL, 100, NULL),
(207, 21, NULL, 5, 5, 25, 4, NULL, 2, 'CNU352C70H', '2014-05-02', '0', '2014-05-02 15:23:35', '4.0GB', NULL, 18, NULL, 100, NULL),
(208, 20, NULL, 5, 3, 25, 2, NULL, NULL, 'CN0N300H641800CG12PL', '2014-05-02', '0', '2014-05-02 15:28:06', '', NULL, 18, NULL, 99, NULL),
(209, 49, NULL, NULL, 2, 25, 4, NULL, 2, 'MXL3180B6K', '2014-05-02', '0', '2014-05-02 15:28:55', '4.0GB', NULL, 19, NULL, 78, NULL),
(210, 9, NULL, 5, 2, 25, 2, NULL, 1, '4X5LC1', '2014-05-02', '0', '2014-05-02 15:33:08', '2.0 GB', NULL, 18, NULL, 101, NULL),
(211, 42, NULL, 5, 3, 25, 2, NULL, NULL, 'CN0RNMH6744459CCBMAL', '2014-05-02', '0', '2014-05-02 15:33:40', '', NULL, 18, NULL, 101, NULL),
(212, 51, NULL, NULL, 3, 25, 2, NULL, NULL, 'CN0C5369641804C30BJS', '2014-05-02', '0', '2014-05-02 15:39:31', '', NULL, 18, NULL, 102, NULL),
(213, 4, NULL, 5, 2, 25, 2, NULL, 1, '7438RL1', '2014-05-02', '0', '2014-05-02 15:42:28', '4.0 GB', NULL, 18, NULL, 103, NULL),
(214, 20, NULL, 5, 3, 25, 2, NULL, NULL, 'CN0N300H6418006K0CUL', '2014-05-02', '0', '2014-05-02 15:43:05', '', NULL, 18, NULL, 103, NULL),
(215, 2, NULL, 5, 2, 25, 2, NULL, 1, 'JF9VCG1', '2014-05-02', '0', '2014-05-02 15:53:31', '4.0 GB', NULL, 18, NULL, 104, NULL),
(216, 40, NULL, 5, 3, 25, 2, NULL, NULL, 'CN0WH318728726AE2FFU', '2014-05-02', '0', '2014-05-02 16:00:35', '', NULL, 18, NULL, 105, NULL),
(217, 30, NULL, 5, 2, 25, 4, NULL, 2, 'MXL34912TC', '2014-05-02', '0', '2014-05-02 16:03:49', '4.0 GB', NULL, 18, NULL, 106, NULL),
(218, 36, NULL, 5, 3, 25, 2, NULL, NULL, 'CNOU47957161857FGA3Q', '2014-05-02', '0', '2014-05-02 16:04:35', '', NULL, 18, NULL, 106, NULL),
(219, 9, NULL, 5, 2, 25, 2, NULL, 1, 'D8SXCB1', '2014-05-02', '0', '2014-05-02 16:07:40', '2.0 GB', NULL, 18, NULL, 107, NULL),
(220, 45, NULL, NULL, 3, 25, 2, NULL, NULL, 'CN0CC6397287262D3DHL', '2014-05-02', '0', '2014-05-02 16:08:11', '', NULL, 18, NULL, 107, NULL),
(221, 6, NULL, 5, 2, 25, 2, NULL, 1, '4KPC851', '2014-05-02', '0', '2014-05-02 16:16:18', '2.0 GB', NULL, 18, NULL, 109, NULL),
(222, 23, NULL, 5, 2, 25, 2, NULL, 1, 'CMWNRC1', '2014-05-02', '0', '2014-05-02 16:24:45', '2.0 GB', NULL, 18, NULL, 111, NULL),
(223, 23, NULL, 5, 2, 25, 2, NULL, 1, '766N2D1', '2014-05-02', '0', '2014-05-02 16:28:10', '4.0 GB', NULL, 18, NULL, 113, NULL),
(224, 16, NULL, 5, 5, 25, 4, NULL, 2, '2CE3140GXV', '2014-05-02', '0', '2014-05-02 16:28:24', '4.0GB', NULL, 18, NULL, 121, NULL),
(225, 51, NULL, 5, 3, 25, 2, NULL, NULL, 'CN0D5421466334614AMU', '2014-05-02', '0', '2014-05-02 16:28:39', '', NULL, 18, NULL, 113, NULL),
(226, 9, NULL, 5, 2, 25, 2, NULL, 1, '98K8K91', '2014-05-02', '0', '2014-05-02 16:29:19', '2.0 GB', NULL, 17, NULL, 112, NULL),
(227, 39, NULL, 5, 3, 25, 2, NULL, NULL, 'CN0M1619641803CQ17X', '2014-05-02', '0', '2014-05-02 16:29:53', '', NULL, 17, NULL, 112, NULL),
(228, 2, NULL, 5, 2, 25, 2, NULL, 1, '4XK4GH1', '2014-05-02', '0', '2014-05-02 16:30:30', '2.0 GB', NULL, 17, NULL, 112, NULL),
(229, 40, NULL, 5, 3, 25, 2, NULL, NULL, 'CN0UH5724663372364K', '2014-05-02', '0', '2014-05-02 16:31:06', '', NULL, 17, NULL, 112, NULL),
(230, 23, NULL, 5, 2, 25, 2, NULL, 1, 'BH299C1', '2014-05-02', '0', '2014-05-02 16:32:16', '2.0 GB', NULL, 17, NULL, 112, NULL),
(231, 2, NULL, 5, 2, 25, 2, NULL, 1, '6F9BCG1', '2014-05-02', '0', '2014-05-02 16:32:26', '4.0 GB', NULL, 18, NULL, 120, NULL),
(232, 45, NULL, NULL, 3, 25, 2, NULL, NULL, 'CN0CC639728726379YC', '2014-05-02', '0', '2014-05-02 16:32:59', '', NULL, 17, NULL, 112, NULL),
(233, 36, NULL, 5, 3, 25, 2, NULL, NULL, 'CN0U47957161857RGE50', '2014-05-02', '0', '2014-05-02 16:33:37', '', NULL, 19, NULL, 114, NULL),
(234, 2, NULL, 5, 2, 25, 2, NULL, 1, '7LD9PH1', '2014-05-02', '0', '2014-05-02 16:33:38', '2.0 GB', NULL, 17, NULL, 112, NULL),
(235, 9, NULL, 5, 2, 25, 2, NULL, 1, 'GZ3L5C1', '2014-05-02', '0', '2014-05-02 16:34:50', '1.0GB', NULL, 19, NULL, 114, NULL),
(236, 51, NULL, 5, 3, 25, 2, NULL, NULL, 'CN0D5421466335554RR', '2014-05-02', '0', '2014-05-02 16:35:24', '', NULL, 17, NULL, 112, NULL),
(237, 40, NULL, 5, 3, 25, 2, NULL, NULL, 'CN0WH31872872749750C', '2014-05-02', '0', '2014-05-02 16:35:27', '', NULL, 19, NULL, 115, NULL),
(238, 9, NULL, 5, 2, 25, 2, NULL, 1, 'FJXYCB1', '2014-05-02', '0', '2014-05-02 16:36:11', '2.0GB', NULL, 19, NULL, 115, NULL),
(239, 2, NULL, 5, 2, 25, 2, NULL, 1, '3PKRVG1', '2014-05-02', '0', '2014-05-02 16:36:30', '2.0 GB', NULL, 17, NULL, 112, NULL),
(240, 38, NULL, 5, 2, 25, 2, NULL, 2, '3GV3BP1', '2014-05-02', '0', '2014-05-02 16:36:45', '4.0GB', NULL, 18, NULL, 122, NULL),
(241, 20, NULL, 5, 3, 25, 2, NULL, NULL, 'CN0X706H728729BU1TPL', '2014-05-02', '0', '2014-05-02 16:36:50', '', NULL, 19, NULL, 116, NULL),
(242, 45, NULL, NULL, 3, 25, 2, NULL, NULL, 'CN0CC639728726378FP', '2014-05-02', '0', '2014-05-02 16:37:12', '', NULL, 17, NULL, 112, NULL),
(243, 42, NULL, 5, 3, 25, 2, NULL, NULL, 'CN0RNMH6744459C1FLGL', '2014-05-02', '0', '2014-05-02 16:37:27', '', NULL, 18, NULL, 122, NULL),
(244, 4, NULL, 5, 2, 25, 2, NULL, 2, 'JH4NLM1', '2014-05-02', '0', '2014-05-02 16:37:33', '3.0GB', NULL, 19, NULL, 116, NULL),
(245, 45, NULL, NULL, 3, 25, 2, NULL, NULL, 'CN0CC6397287265I6CHT', '2014-05-02', '0', '2014-05-02 16:38:14', '', NULL, 19, NULL, 117, NULL),
(246, 23, NULL, 5, 2, 25, 2, NULL, 1, '23TVRC1', '2014-05-02', '0', '2014-05-02 16:38:26', '2.0 GB', NULL, 17, NULL, 112, NULL),
(247, 9, NULL, 5, 2, 25, 2, NULL, 1, 'F94P9B1', '2014-05-02', '0', '2014-05-02 16:39:08', '1.0GB', NULL, 19, NULL, 117, NULL),
(248, 45, NULL, NULL, 3, 25, 2, NULL, NULL, 'CN0MC0406418066125E', '2014-05-02', '0', '2014-05-02 16:39:16', '', NULL, 17, NULL, 112, NULL),
(249, 2, NULL, 5, 2, 25, 2, NULL, 1, '7GPRTF1', '2014-05-02', '0', '2014-05-02 16:39:41', '2.0 GB', NULL, 17, NULL, 112, NULL),
(250, 20, NULL, 5, 3, 25, 2, NULL, NULL, 'CN0X70CH728720561KKL', '2014-05-02', '0', '2014-05-02 16:39:46', '', NULL, 19, NULL, 118, NULL),
(251, 4, NULL, 5, 2, 25, 2, NULL, 2, 'JH62MM1', '2014-05-02', '0', '2014-05-02 16:40:22', '3.0GB', NULL, 19, NULL, 118, NULL),
(252, 59, NULL, 5, 3, 25, 9, NULL, NULL, 'A26034600638', '2014-05-02', '0', '2014-05-02 16:40:25', '', NULL, 18, NULL, 121, NULL),
(253, 51, NULL, 5, 3, 25, 2, NULL, NULL, 'CN0M16196418041B1CK', '2014-05-02', '0', '2014-05-02 16:40:30', '', NULL, 17, NULL, 112, NULL),
(254, 51, NULL, 5, 3, 25, 2, NULL, NULL, 'CN0C5369641804C1038C', '2014-05-02', '0', '2014-05-02 16:41:00', '', NULL, 19, NULL, 119, NULL),
(255, 23, NULL, 5, 2, 25, 2, NULL, 1, 'BF299C1', '2014-05-02', '0', '2014-05-02 16:41:05', '2.0 GB', NULL, 17, NULL, 112, NULL),
(256, 4, NULL, 5, 2, 25, 2, NULL, 2, 'HW4WKM1', '2014-05-02', '0', '2014-05-02 16:41:36', '3.0GB', NULL, 19, NULL, 119, NULL),
(257, 40, NULL, 5, 3, 25, 2, NULL, NULL, 'CN0UH572466336C94MH', '0000-00-00', '0', '2014-05-02 16:44:13', '', NULL, 2, NULL, 112, NULL),
(258, 16, NULL, 5, 5, 25, 4, NULL, 2, '2CE3091MÑQ', '2014-05-02', '0', '2014-05-02 16:45:37', '4.0GB', NULL, 18, NULL, 123, NULL),
(259, 9, NULL, 5, 2, 25, 2, NULL, 1, 'JHSXCB1', '0000-00-00', '0', '2014-05-02 16:46:30', '2.0 GB', NULL, 2, NULL, 112, NULL),
(260, 45, NULL, NULL, 3, 25, 2, NULL, NULL, 'CN0MC0406418062S13D', '2014-05-02', '0', '2014-05-02 16:47:13', '2.0 GB', NULL, 2, NULL, 112, NULL),
(261, 9, NULL, 5, 2, 25, 2, NULL, 1, '7JPWC81', '0000-00-00', '0', '2014-05-02 16:47:41', '2.0 GB', NULL, 2, NULL, 112, NULL),
(262, 51, NULL, 5, 3, 25, 2, NULL, NULL, 'CN0C53696418047J2HW', '0000-00-00', '0', '2014-05-02 16:49:34', '2.0 GB', NULL, 2, NULL, 112, NULL),
(263, 9, NULL, 5, 2, 25, 2, NULL, 1, '17FX791', '0000-00-00', '0', '2014-05-02 16:50:01', '2.0 GB', NULL, 2, NULL, 112, NULL),
(264, 11, NULL, 5, 5, 25, 2, NULL, 2, '73BQZN1', '2014-05-02', '0', '2014-05-02 16:50:21', '4.0GB', NULL, 18, NULL, 124, NULL),
(265, 37, NULL, 5, 3, 25, 2, NULL, NULL, 'CN0PM372728727C3316', '0000-00-00', '0', '2014-05-02 16:51:22', '2.0 GB', NULL, 2, NULL, 112, NULL),
(266, 23, NULL, 5, 2, 25, 2, NULL, 1, '33PVRC1', '0000-00-00', '0', '2014-05-02 16:51:43', '2.0 GB', NULL, 2, NULL, 112, NULL),
(267, 24, NULL, 5, 3, 25, 2, NULL, NULL, 'CN06R64447804366C0J', '0000-00-00', '0', '2014-05-02 16:52:04', '2.0 GB', NULL, 2, NULL, 112, NULL),
(268, 23, NULL, 5, 2, 25, 2, NULL, 1, 'D2PVRC1', '0000-00-00', '0', '2014-05-02 16:53:10', '2.0 GB', NULL, 2, NULL, 112, NULL),
(269, 51, NULL, 5, 3, 25, 2, NULL, NULL, 'CN0C53696418052G2TD', '0000-00-00', '0', '2014-05-02 16:56:22', '2.0 GB', NULL, 2, NULL, 112, NULL),
(270, 2, NULL, 5, 2, 25, 2, NULL, 1, 'DG6R8F1', '0000-00-00', '0', '2014-05-02 16:56:46', '2.0 GB', NULL, 2, NULL, 112, NULL),
(271, 40, NULL, 5, 3, 25, 2, NULL, NULL, 'CN0WH3187287275V0C1', '0000-00-00', '0', '2014-05-02 16:59:25', '2.0 GB', NULL, 2, NULL, 112, NULL),
(272, 9, NULL, 5, 2, 25, 2, NULL, 1, '6WJWC81', '0000-00-00', '0', '2014-05-02 16:59:47', '2.0 GB', NULL, 2, NULL, 112, NULL),
(273, 18, NULL, 5, 5, 25, 4, NULL, 2, '2CE20930YS', '2014-05-02', '0', '2014-05-02 17:00:15', '4.0GB', NULL, 18, NULL, 125, NULL),
(274, 37, NULL, 5, 3, 25, 2, NULL, NULL, 'CN0D548H7161887UB248A00', '0000-00-00', '0', '2014-05-02 17:02:13', '2.0 GB', NULL, 2, NULL, 112, NULL),
(275, 4, NULL, 5, 2, 25, 2, NULL, 1, '3GZSPL1', '0000-00-00', '0', '2014-05-02 17:02:41', '2.0 GB', NULL, 2, NULL, 112, NULL),
(276, 37, NULL, 5, 3, 25, 2, NULL, NULL, 'CN0PM372728727CK2JF', '0000-00-00', '0', '2014-05-02 17:02:59', '2.0 GB', NULL, 2, NULL, 112, NULL),
(277, 2, NULL, 5, 2, 25, 2, NULL, 1, 'FH6R8F1', '0000-00-00', '0', '2014-05-02 17:03:17', '2.0 GB', NULL, 2, NULL, 112, NULL),
(278, 52, NULL, 5, 3, 25, 2, NULL, NULL, 'CN0RY9794663375PDJG', '0000-00-00', '0', '2014-05-02 17:07:07', '2.0 GB', NULL, 2, NULL, 112, NULL),
(279, 4, NULL, 5, 2, 25, 2, NULL, 2, '2VFR9P1', '2014-05-02', '0', '2014-05-02 17:07:43', '4.0GB', NULL, 18, NULL, 129, NULL),
(280, 4, NULL, 5, 2, 25, 2, NULL, 1, 'HT24QL1', '0000-00-00', '0', '2014-05-02 17:08:12', '4.0 GB', NULL, 2, NULL, 112, NULL),
(281, 31, NULL, 5, 3, 25, 10, NULL, NULL, 'ZYGFH4LD803800E', '2014-05-02', '0', '2014-05-02 17:08:22', '', NULL, 18, NULL, 129, NULL),
(282, 40, NULL, 5, 3, 25, 2, NULL, NULL, 'CN0WH318728726AE2FY', '0000-00-00', '0', '2014-05-02 17:08:34', '4.0 GB', NULL, 2, NULL, 112, NULL),
(283, 2, NULL, 5, 2, 25, 2, NULL, 1, 'GH6B7F1', '0000-00-00', '0', '2014-05-02 17:09:07', '2.0 GB', NULL, 2, NULL, 112, NULL),
(284, 51, NULL, 5, 3, 25, 2, NULL, NULL, 'CN0Y4413722014721LH', '0000-00-00', '0', '2014-05-02 17:09:34', '2.0 GB', NULL, 2, NULL, 112, NULL),
(285, 9, NULL, 5, 2, 25, 2, NULL, 1, 'CHC0R91', '0000-00-00', '0', '2014-05-02 17:09:56', '2.0 GB', NULL, 2, NULL, 112, NULL),
(286, 50, NULL, 5, 3, 25, 3, NULL, NULL, '309JE0508', '0000-00-00', '0', '2014-05-02 17:10:25', '2.0 GB', NULL, 2, NULL, 112, NULL),
(287, 18, NULL, 5, 5, 25, 4, NULL, 2, '2CE123051K', '2014-05-02', '0', '2014-05-02 17:13:08', '4.0GB', NULL, 18, NULL, 130, NULL),
(288, 42, NULL, 5, 3, 25, 2, NULL, NULL, 'CN0RNMH67444501H441S', '2014-05-02', '0', '2014-05-02 17:13:41', '', NULL, 18, NULL, 130, NULL),
(289, 39, NULL, 5, 3, 25, 2, NULL, NULL, 'MX0M2363483234553XQL', '2014-05-02', '0', '2014-05-02 17:23:03', '', NULL, 19, NULL, 126, NULL),
(290, 30, NULL, 5, 2, 25, 4, NULL, 2, 'MXL3371J7K', '2014-05-02', '0', '2014-05-02 17:23:47', '4.0GB', NULL, 19, NULL, 126, NULL),
(291, 39, NULL, 5, 3, 25, 2, NULL, NULL, 'CN0M16196418044U2ESH', '2014-05-02', '0', '2014-05-02 17:24:23', '', NULL, 19, NULL, 127, NULL),
(292, 9, NULL, 5, 2, 25, 2, NULL, 1, '7F3L5C1', '2014-05-02', '0', '2014-05-02 17:25:04', '1.0GB', NULL, 19, NULL, 127, NULL),
(293, 7, NULL, 5, 2, 25, 2, NULL, 1, '8JYFP61', '2014-05-02', '0', '2014-05-02 17:38:51', '1.0 GB', NULL, 17, NULL, 272, NULL),
(294, 51, NULL, 2, 3, 25, 2, NULL, NULL, 'CN0C5369641804C10AG', '2014-05-02', '0', '2014-05-02 17:39:17', '', NULL, 17, NULL, NULL, NULL),
(295, 24, NULL, 5, 3, 25, 2, NULL, NULL, 'CN06R64447804366COH8', '2014-05-02', '0', '2014-05-02 17:41:28', '', NULL, 19, NULL, 128, NULL),
(296, 4, NULL, 5, 2, 25, 2, NULL, 2, '3H0QPL1', '2014-05-02', '0', '2014-05-02 17:42:11', '3.0GB', NULL, 19, NULL, 128, NULL),
(297, 18, NULL, 5, 5, 25, 4, NULL, 2, '2CE21618MT', '2014-05-02', '0', '2014-05-02 17:42:11', '8.0 GB', NULL, 17, NULL, 137, NULL),
(298, 20, NULL, 5, 3, 25, 2, NULL, NULL, 'CN0X7068727287298K1LWL', '2014-05-02', '0', '2014-05-02 17:42:53', '', NULL, 19, NULL, 131, NULL),
(299, 14, NULL, 5, 5, 25, 4, NULL, 2, 'CNU2051JHN', '2014-05-02', '0', '2014-05-02 17:43:13', '8.0 GB', NULL, 17, NULL, 138, NULL),
(300, 54, NULL, 5, 2, 25, 4, NULL, 2, 'MXL14606XM', '2014-05-02', '0', '2014-05-02 17:43:35', '3.0GB', NULL, 19, NULL, 131, NULL),
(301, 39, NULL, 5, 3, 25, 2, NULL, NULL, 'CN0M1619641803CR176', '2014-05-02', '0', '2014-05-02 17:43:38', '', NULL, 17, NULL, 138, NULL),
(302, 51, NULL, 5, 3, 25, 2, NULL, NULL, 'CN0C53696418052G2TGS', '2014-05-02', '0', '2014-05-02 17:44:21', '', NULL, 19, NULL, 132, NULL),
(303, 38, NULL, 5, 2, 25, 2, NULL, 2, '3LW3BT1', '2014-05-02', '0', '2014-05-02 17:45:05', '3.0 GB', NULL, 18, NULL, 134, NULL),
(304, 49, NULL, 5, 2, 25, 4, NULL, 2, 'MXL24408XD', '2014-05-02', '0', '2014-05-02 17:45:13', '4.0GB', NULL, 19, NULL, 132, NULL),
(305, 20, NULL, 5, 3, 25, 2, NULL, NULL, 'CN0X706H728729B22DGL', '2014-05-02', '0', '2014-05-02 17:45:57', '', NULL, 18, NULL, 134, NULL),
(306, 20, NULL, 5, 3, 25, 2, NULL, NULL, 'CN0M300H641800CG1NUL', '2014-05-02', '0', '2014-05-02 17:47:57', '', NULL, 19, NULL, 140, NULL),
(307, 38, NULL, 5, 2, 25, 2, NULL, 2, '3LS4BP1', '2014-05-02', '0', '2014-05-02 17:48:34', '3.0GB', NULL, 19, NULL, 140, NULL),
(308, 38, NULL, 5, 2, 25, 2, NULL, 2, '3LXT9P1', '2014-05-02', '0', '2014-05-02 17:50:02', '3.0 GB', NULL, 18, NULL, 135, NULL),
(309, 26, NULL, 5, 2, 25, 4, NULL, 2, 'MXL219163T', '2014-05-02', '0', '2014-05-02 17:54:48', '3.0 GB', NULL, 18, NULL, 136, NULL),
(310, 20, NULL, 5, 3, 25, 2, NULL, NULL, 'CN09300H641800AF1R5L', '2014-05-02', '0', '2014-05-02 17:55:27', '', NULL, 18, NULL, 136, NULL),
(311, 2, NULL, 5, 2, 25, 2, NULL, 1, '77GTGG1', '2014-05-02', '0', '2014-05-02 17:59:32', '1.0 GB', NULL, 18, NULL, 139, NULL),
(312, 60, NULL, 5, 5, 25, 4, NULL, 2, '5CD20725DZ', '2014-05-02', '0', '2014-05-02 19:21:36', '8.0 GB', NULL, 17, NULL, 141, NULL),
(313, 2, NULL, 5, 2, 25, 2, NULL, 1, '8M3BLH1', '2014-05-02', '0', '2014-05-02 19:22:28', '1.0 GB', NULL, 18, NULL, 142, NULL),
(314, 7, NULL, 2, 2, 25, 2, NULL, 1, '3S01P71', '2014-05-02', '0', '2014-05-02 19:29:25', '2.0 GB', NULL, 17, NULL, NULL, NULL),
(315, 39, NULL, 2, 3, 25, 2, NULL, NULL, 'CN0M1619641804511JK', '2014-05-02', '0', '2014-05-02 19:29:52', '', NULL, 17, NULL, NULL, NULL),
(316, 23, NULL, 5, 2, 25, 2, NULL, 1, '7XGXPD1', '2014-05-02', '0', '2014-05-02 19:31:14', '2.0 GB', NULL, 17, NULL, 150, NULL),
(317, 45, NULL, NULL, 3, 25, 2, NULL, NULL, 'CN0MC0406418062S12X', '2014-05-02', '0', '2014-05-02 19:32:13', '', NULL, 17, NULL, 150, NULL),
(318, 20, NULL, 5, 3, 25, 2, NULL, NULL, 'CN0M300H6418000AL2YYL', '2014-05-02', '0', '2014-05-02 19:32:55', '', NULL, 19, NULL, 143, NULL),
(319, 38, NULL, 5, 2, 25, 2, NULL, 2, '3LY3BP1', '2014-05-02', '0', '2014-05-02 19:33:57', '3.0GB', NULL, 19, NULL, 143, NULL),
(320, 4, NULL, 5, 2, 25, 2, NULL, 2, 'HT75QL1', '2014-05-02', '0', '2014-05-02 19:35:25', '3.0 GB', NULL, 18, NULL, 148, NULL),
(321, 37, NULL, 5, 3, 25, 2, NULL, NULL, 'CNOFT816742617852EJS', '2014-05-02', '0', '2014-05-02 19:36:57', '', NULL, 18, NULL, 148, NULL),
(322, 18, NULL, 2, 5, 25, 4, NULL, 2, '2CE21618MZ', '2014-05-02', '0', '2014-05-02 19:37:54', '8.0 GB', NULL, 17, NULL, NULL, NULL),
(323, 2, NULL, 5, 2, 25, 2, NULL, 1, '7FPRTF1', '2014-05-02', '0', '2014-05-02 19:38:33', '2.0 GB', NULL, 17, NULL, 155, NULL),
(324, 24, NULL, 5, 3, 25, 2, NULL, NULL, 'CN06R6444780437KN3S', '2014-05-02', '0', '2014-05-02 19:38:56', '', NULL, 17, NULL, 155, NULL),
(325, 55, NULL, 5, 3, 25, 2, NULL, NULL, 'CN0D54287287259H61JS', '2014-05-02', '0', '2014-05-02 19:39:25', '', NULL, 19, NULL, 144, NULL),
(326, 4, NULL, 5, 2, 25, 2, NULL, 2, '2V0S9P1', '2014-05-02', '0', '2014-05-02 19:40:10', '4.0 GB', NULL, 17, NULL, 157, NULL),
(327, 20, NULL, 5, 3, 25, 2, NULL, NULL, 'CN0N300H641800CG1PJ', '2014-05-02', '0', '2014-05-02 19:41:07', '', NULL, 17, NULL, 157, NULL),
(328, 4, NULL, 2, 2, 25, 2, NULL, 2, '3H1PPL1', '2014-05-02', '0', '2014-05-02 19:41:54', '6.0 GB', NULL, 17, NULL, NULL, NULL),
(329, 45, NULL, 2, 3, 25, 2, NULL, NULL, 'CN0MC0406418062S0R2', '2014-05-02', '0', '2014-05-02 19:42:28', '', NULL, 17, NULL, NULL, NULL),
(330, 26, NULL, 5, 2, 25, 4, NULL, 2, 'MXL228184G', '2014-05-02', '0', '2014-05-02 19:42:54', '3.0 GB', NULL, 18, NULL, 149, NULL),
(331, 38, NULL, 5, 2, 25, 2, NULL, 2, '3LWT9P1', '2014-05-02', '0', '2014-05-02 19:43:17', '6.0 GB', NULL, 17, NULL, 158, NULL),
(332, 20, NULL, 5, 3, 25, 2, NULL, NULL, 'CN0N300H641800CG1QAL', '2014-05-02', '0', '2014-05-02 19:43:39', '', NULL, 18, NULL, 149, NULL),
(333, 20, NULL, 5, 3, 25, 2, NULL, NULL, 'CN0N300H64180046044', '2014-05-02', '0', '2014-05-02 19:44:04', '', NULL, 17, NULL, 158, NULL),
(334, 16, NULL, 5, 5, 25, 4, NULL, 2, '2CE3410YT6', '2014-05-02', '0', '2014-05-02 19:49:36', '3.0 GB', NULL, 18, NULL, 152, NULL),
(335, 38, NULL, 5, 2, 25, 2, NULL, 2, '3LVT9P1', '2014-05-02', '0', '2014-05-02 19:54:11', '3.0 GB', NULL, 18, NULL, 153, NULL),
(336, 49, NULL, 5, 2, 25, 4, NULL, 2, 'MXL32316HZ', '2014-05-02', '0', '2014-05-02 19:54:50', '4.0GB', NULL, 19, NULL, 144, NULL),
(337, 20, NULL, 5, 3, 25, 2, NULL, NULL, 'CM0M300H641800HU0CWL', '2014-05-02', '0', '2014-05-02 19:54:56', '', NULL, 18, NULL, 153, NULL),
(338, 20, NULL, 5, 3, 25, 2, NULL, NULL, 'CN09300H641800C804UL', '2014-05-02', '0', '2014-05-02 20:00:41', '', NULL, 19, NULL, 145, NULL),
(339, 38, NULL, 5, 2, 25, 2, NULL, 2, '3LWW9P1', '2014-05-02', '0', '2014-05-02 20:01:17', '3.0 GB', NULL, 18, NULL, 147, NULL),
(340, 38, NULL, 5, 2, 25, 2, NULL, 2, '3LQW9P1', '2014-05-02', '0', '2014-05-02 20:01:24', '3.0GB', NULL, 19, NULL, 145, NULL),
(341, 20, NULL, 5, 3, 25, 2, NULL, NULL, 'CN0N300H641800CG1PWL', '2014-05-02', '0', '2014-05-02 20:02:40', '', NULL, 19, NULL, 146, NULL),
(342, 38, NULL, 5, 2, 25, 2, NULL, 2, '3GT3BP1', '2014-05-02', '0', '2014-05-02 20:03:22', '3.0GB', NULL, 19, NULL, 146, NULL),
(343, 20, NULL, 5, 3, 25, 2, NULL, NULL, 'CN0N308300H6418008U0BJL', '2014-05-02', '0', '2014-05-02 20:04:56', '', NULL, 19, NULL, 147, NULL),
(344, 38, NULL, 5, 2, 25, 2, NULL, 2, '3LW5BP1', '2014-05-02', '0', '2014-05-02 20:11:24', '3.0 GB', NULL, 18, NULL, 154, NULL),
(345, 20, NULL, 5, 3, 25, 2, NULL, NULL, 'CN0M300H641800C804KL', '2014-05-02', '0', '2014-05-02 20:20:31', '', NULL, 18, NULL, 154, NULL),
(346, 61, NULL, 5, 5, 25, 2, NULL, 1, '830YLL1', '2014-05-02', '0', '2014-05-02 20:21:47', '4.0 GB', NULL, 17, NULL, 151, NULL),
(347, 62, NULL, 5, 5, 25, 2, NULL, 2, '5J1R2N1', '2014-05-02', '0', '2014-05-02 20:22:23', '7.0 GB', NULL, 17, NULL, 156, NULL),
(348, 37, NULL, 5, 3, 25, 2, NULL, NULL, 'CN0F1034H71618', '2014-05-02', '0', '2014-05-02 22:03:26', '', NULL, 18, NULL, 142, NULL),
(349, 64, NULL, 5, 3, 25, 10, NULL, NULL, 'ZULMHTHD203247T', '2014-05-02', '0', '2014-05-02 22:09:44', '', NULL, 18, NULL, 135, NULL),
(350, 63, NULL, 5, 3, 25, 2, NULL, NULL, 'CN0WH318728726AE0JDU', '2014-05-02', '0', '2014-05-02 22:13:12', '', NULL, 18, NULL, 139, NULL),
(351, 16, NULL, NULL, 5, 25, 4, NULL, 2, '2CE3392H1B', '2014-05-02', '0', '2014-05-02 22:40:09', '4.0 GB', NULL, 18, NULL, 84, NULL),
(352, 51, NULL, 3, 3, 25, 2, NULL, NULL, 'CN0C5369641804C10AMC', '2014-05-02', '0', '2014-05-02 22:41:50', '', NULL, 17, NULL, NULL, 14),
(353, 9, NULL, 2, 2, 25, 2, NULL, 4, 'GT36V91', '2014-05-02', '0', '2014-05-02 22:42:33', '0.5 GB', NULL, 17, NULL, NULL, NULL),
(354, 51, NULL, 2, 3, 25, 2, NULL, NULL, 'CN0C53696418052G2SJS', '2014-05-02', '0', '2014-05-02 22:43:07', '', NULL, 17, NULL, NULL, NULL),
(355, 23, NULL, 2, 2, 25, 2, NULL, 4, '79MM5F1', '2014-05-02', '0', '2014-05-02 22:43:43', '1.0 GB', NULL, 17, NULL, NULL, NULL),
(356, 51, NULL, 2, 3, 25, 2, NULL, NULL, 'CN0C5369641805171KLS', '2014-05-02', '0', '2014-05-02 22:44:26', '', NULL, 17, NULL, NULL, NULL),
(357, 37, NULL, NULL, 3, 25, 2, NULL, NULL, 'CN0FP816742617B52GNS', '2014-05-02', '0', '2014-05-02 22:44:34', '', NULL, 18, NULL, 104, NULL),
(358, 9, NULL, 2, 2, 25, 2, NULL, 4, '1C3L5C1', '2014-05-02', '0', '2014-05-02 22:45:11', '4.0 GB', NULL, 17, NULL, NULL, NULL),
(359, 39, NULL, 2, 3, 25, 2, NULL, NULL, 'CN0M1619641804511JAH', '2014-05-02', '0', '2014-05-02 22:45:37', '', NULL, 17, NULL, NULL, NULL),
(360, 9, NULL, 2, 2, 25, 2, NULL, 4, '8SRXQ91', '2014-05-02', '0', '2014-05-02 22:46:08', '3.0 GB', NULL, 17, NULL, NULL, NULL),
(361, 51, NULL, 2, 3, 25, 2, NULL, NULL, 'CN0D54214663355627NL', '2014-05-02', '0', '2014-05-02 22:46:30', '', NULL, 17, NULL, NULL, NULL),
(362, 26, NULL, 2, 2, 25, 4, NULL, 2, 'MXL219163F', '2014-05-02', '0', '2014-05-02 22:47:56', '4.0 GB', NULL, 17, NULL, NULL, NULL),
(363, 40, NULL, 2, 3, 25, 2, NULL, NULL, 'CN0WH318728726AE34CU', '2014-05-03', '0', '2014-05-03 14:21:43', '', NULL, 17, NULL, NULL, NULL),
(364, 49, NULL, 2, 2, 25, 4, NULL, 2, 'MXL3230YZX', '2014-05-03', '0', '2014-05-03 14:22:16', '4.0 GB', NULL, 17, NULL, NULL, NULL),
(365, 45, NULL, 2, 3, 25, 2, NULL, NULL, 'CN0CC639728726378FVL', '2014-05-03', '0', '2014-05-03 14:22:58', '', NULL, 17, NULL, NULL, NULL),
(366, 49, NULL, 2, 2, 25, 4, NULL, 2, 'MXL3230Z04', '2014-05-03', '0', '2014-05-03 14:24:42', '4.0 GB', NULL, 17, NULL, NULL, NULL),
(367, 37, NULL, 2, 3, 25, 2, NULL, NULL, 'CN0FP816742617B50P5S', '2014-05-03', '0', '2014-05-03 14:30:15', '', NULL, 17, NULL, NULL, NULL),
(368, 51, NULL, 2, 3, 25, 2, NULL, NULL, 'CN0M1619641803CR0SGL', '2014-05-03', '0', '2014-05-03 14:30:53', '', NULL, 17, NULL, NULL, NULL),
(369, 4, NULL, 2, 2, 25, 2, NULL, 2, '2LT7PL1', '2014-05-03', '0', '2014-05-03 14:31:50', '3.0 GB', NULL, 17, NULL, NULL, NULL),
(370, 45, NULL, 2, 3, 25, 2, NULL, NULL, 'CN0CC6397287262D4DFL', '2014-05-03', '0', '2014-05-03 14:32:31', '', NULL, 17, NULL, NULL, NULL),
(371, 37, NULL, 2, 3, 25, 2, NULL, NULL, 'CN0F534H7161888EBCC6A00', '2014-05-03', '0', '2014-05-03 14:35:55', '', NULL, 17, NULL, NULL, NULL),
(372, 49, NULL, 2, 2, 25, 4, NULL, 3, 'MXL3180HQ0', '2014-05-03', '0', '2014-05-03 14:36:34', '8.0 GB', NULL, 17, NULL, NULL, NULL),
(373, 39, NULL, 2, 3, 25, 2, NULL, NULL, 'CN0M1619641803CR0TKL', '2014-05-03', '0', '2014-05-03 14:38:31', '', NULL, 17, NULL, NULL, NULL),
(374, 36, NULL, 2, 3, 25, 2, NULL, NULL, 'CN0U47957161857FGAC1', '2014-05-03', '0', '2014-05-03 14:40:04', '', NULL, 17, NULL, NULL, NULL),
(375, 30, NULL, 2, 2, 25, 4, NULL, 2, 'MXL4061623', '2014-05-03', '0', '2014-05-03 14:40:34', '4.0 GB', NULL, 17, NULL, NULL, NULL),
(376, 21, NULL, 5, 5, 25, 4, NULL, 2, 'CNU352C1WK', '2014-05-03', '0', '2014-05-03 15:05:42', '4.0GB', NULL, 18, NULL, 159, NULL),
(377, 14, NULL, 5, 5, 25, 4, NULL, 2, 'CNU2051HZ6', '2014-05-03', '0', '2014-05-03 15:12:22', '4.0GB', NULL, 18, NULL, 160, NULL),
(378, 52, NULL, 5, 3, 25, 2, NULL, NULL, 'CN0RY979742618154UV', '2014-05-03', '0', '2014-05-03 15:14:51', '', NULL, 18, NULL, 160, NULL),
(379, 7, NULL, 5, 2, 25, 2, NULL, 1, '9W5FP61', '2014-05-03', '0', '2014-05-03 15:16:42', '2.0GB', NULL, 18, NULL, 166, NULL),
(380, 40, NULL, 5, 3, 25, 2, NULL, NULL, 'CN0WH318728726AD730', '2014-05-03', '0', '2014-05-03 15:18:04', '', NULL, 18, NULL, 166, NULL),
(381, 16, NULL, 5, 5, 25, 4, NULL, 2, '2CE3362HZ0', '2014-05-03', '0', '2014-05-03 15:19:32', '4.0GB', NULL, 19, NULL, 165, NULL),
(382, 7, NULL, 5, 2, 25, 2, NULL, 1, '5KN6P61', '2014-05-03', '0', '2014-05-03 15:20:24', '3.0GB', NULL, 18, NULL, 167, NULL),
(383, 51, NULL, 5, 3, 25, 2, NULL, NULL, 'CN0D54214663354F1EN', '2014-05-03', '0', '2014-05-03 15:22:13', '', NULL, 18, NULL, 167, NULL),
(384, 68, NULL, 5, 5, 25, 4, NULL, 2, 'CNU227286P', '2014-05-03', '0', '2014-05-03 15:23:07', '4.0GB', NULL, 19, NULL, 164, NULL),
(385, 16, NULL, 5, 5, 25, 4, NULL, 2, '2CE3140GHS', '2014-05-03', '0', '2014-05-03 15:24:07', '4.0GB', NULL, 18, NULL, 168, NULL),
(386, 69, NULL, NULL, 2, 25, 2, NULL, 1, '1LDWC81', '2014-05-03', '0', '2014-05-03 15:27:43', '3.0GB', NULL, 19, NULL, 163, NULL),
(387, 51, NULL, 5, 3, 25, 2, NULL, NULL, 'CN0Y4413728725591NU', '2014-05-03', '0', '2014-05-03 15:28:24', '', NULL, 19, NULL, 163, NULL),
(388, 2, NULL, 5, 2, 25, 2, NULL, 1, '4F9VCG1', '2014-05-03', '0', '2014-05-03 15:29:01', '3.0GB', NULL, 19, NULL, 162, NULL),
(389, 37, NULL, 5, 3, 25, 2, NULL, NULL, 'CN0FP8167426184749J', '2014-05-03', '0', '2014-05-03 15:29:44', '', NULL, 19, NULL, 162, NULL),
(390, 23, NULL, 5, 2, 25, 2, NULL, 1, 'HJFGVD1', '2014-05-03', '0', '2014-05-03 15:30:26', '2.0GB', NULL, 19, NULL, 161, NULL),
(391, 53, NULL, 5, 3, 25, 11, NULL, NULL, 'MUL5022C008070', '2014-05-03', '0', '2014-05-03 15:36:50', '', NULL, 19, NULL, 161, NULL),
(392, 30, NULL, 5, 2, 25, 4, NULL, 2, 'MXL3371J8H', '2014-05-05', '0', '2014-05-05 15:54:22', '4.0 GB', NULL, 19, NULL, 169, NULL),
(393, 45, NULL, 5, 3, 25, 2, NULL, NULL, 'CN0MC0406418061H3VXL', '2014-05-05', '0', '2014-05-05 15:56:43', '', NULL, 19, NULL, 169, NULL),
(394, 37, NULL, 5, 3, 25, 2, NULL, NULL, 'CN0FP8167426181P5D6L', '2014-05-05', '0', '2014-05-05 15:57:25', '', NULL, 19, NULL, 169, NULL),
(395, 16, NULL, 5, 5, 25, 4, NULL, 2, '2CE2392H2X', '2014-05-05', '0', '2014-05-05 16:01:06', '4.0 GB', NULL, 19, NULL, 170, NULL),
(396, 37, NULL, 5, 3, 25, 2, NULL, NULL, 'CN0FP8167426181P18PL', '2014-05-05', '0', '2014-05-05 16:02:32', '', NULL, 19, NULL, 170, NULL),
(397, 37, NULL, 2, 3, 25, 2, NULL, NULL, 'CN0PM372728727CK2JDL', '2014-05-05', '0', '2014-05-05 16:12:23', '', NULL, 19, NULL, NULL, NULL),
(398, 20, NULL, 2, 3, 25, 2, NULL, NULL, 'CN0X706H728729B207RL', '2014-05-05', '0', '2014-05-05 16:16:41', '', NULL, 19, NULL, NULL, NULL),
(399, 49, NULL, 2, 2, 25, 4, NULL, 3, 'MXL31812F8', '2014-05-05', '0', '2014-05-05 16:22:43', '4.0 GB', NULL, 19, NULL, NULL, NULL),
(400, 64, NULL, 5, 3, 25, 10, NULL, NULL, 'ZUMLHTKD201446P', '2014-05-05', '0', '2014-05-05 16:24:30', '', NULL, 17, NULL, 175, NULL),
(401, 71, NULL, NULL, 3, 25, 2, NULL, NULL, 'CN0DY840742617CI2MFL', '2014-05-05', '0', '2014-05-05 16:27:17', '', NULL, 19, NULL, 171, NULL),
(402, 40, NULL, 5, 3, 25, 2, NULL, NULL, 'CN0WH318728726AE2FGU', '2014-05-05', '0', '2014-05-05 16:29:06', '', NULL, 19, NULL, 171, NULL),
(403, 71, NULL, 5, 3, 25, 2, NULL, NULL, 'CN0DY840742617CI2NCL', '2014-05-05', '0', '2014-05-05 16:35:44', '', NULL, 19, NULL, 238, NULL),
(404, 42, NULL, 5, 3, 25, 2, NULL, NULL, 'CN04JNJ2641809BF1VBS', '2014-05-05', '0', '2014-05-05 16:37:11', '', NULL, 19, NULL, 238, NULL),
(405, 52, NULL, 5, 3, 25, 2, NULL, NULL, 'CN0RY979742618154UNS', '2014-05-05', '0', '2014-05-05 16:39:24', '', NULL, 19, NULL, 240, NULL),
(406, 37, NULL, 5, 3, 25, 2, NULL, NULL, 'CN0D548H71618876ABC2A00', '2014-05-05', '0', '2014-05-05 16:40:13', '', NULL, 19, NULL, 240, NULL),
(407, 70, NULL, 5, 2, 25, 4, NULL, 2, 'MXL1220N6H', '2014-05-05', '0', '2014-05-05 16:40:29', '4.0 GB', NULL, 17, NULL, 173, NULL),
(408, 71, NULL, 5, 3, 25, 2, NULL, NULL, 'CN0DY840742617CI2M5L', '2014-05-05', '0', '2014-05-05 16:40:49', '', NULL, 17, NULL, 173, NULL),
(409, 72, NULL, 5, 2, 25, 2, NULL, 2, '6F6KXN1', '2014-05-05', '0', '2014-05-05 16:41:20', '4.0 GB', NULL, 17, NULL, 174, NULL),
(410, 49, NULL, 5, 2, 25, 4, NULL, 2, 'MXL32725WK', '2014-05-05', '0', '2014-05-05 16:42:52', '4.0 GB', NULL, 19, NULL, 240, NULL);
INSERT INTO `equipogeneral` (`id`, `idModelo`, `idProveedores`, `idEstatus`, `idTipoEquipo`, `idHotel`, `idMarca`, `idTamano`, `idSitemaOperativo`, `numeroSerie`, `fechaCompra`, `factura`, `fechaIngreso`, `memoria`, `nombrePC`, `capturaColaboradorId`, `idHotelCambio`, `resguardo_idresguardo`, `idPrestamo`) VALUES
(411, 49, NULL, 5, 2, 25, 4, NULL, 2, 'MXL32316GM', '2014-05-05', '0', '2014-05-05 16:44:03', '4.0 GB', NULL, 19, NULL, 253, NULL),
(412, 50, NULL, 5, 3, 25, 3, NULL, NULL, '309JE05533', '2014-05-05', '0', '2014-05-05 16:47:26', '', NULL, 19, NULL, 253, NULL),
(413, 30, NULL, NULL, 2, 25, 4, NULL, 2, 'MXL34912RY', '2014-05-05', '0', '2014-05-05 16:50:04', '4.0 GB', NULL, 19, NULL, 176, NULL),
(414, 40, NULL, 5, 3, 25, 2, NULL, NULL, 'CN0WH318728726AD3JYU', '2014-05-05', '0', '2014-05-05 16:54:10', '', NULL, 19, NULL, 179, NULL),
(415, 49, NULL, 5, 2, 25, 4, NULL, 2, 'MXL3180HP7', '2014-05-05', '0', '2014-05-05 16:55:01', '4.0 GB', NULL, 19, NULL, 179, NULL),
(416, 36, NULL, 5, 3, 25, 2, NULL, NULL, 'CN0U47957161857RGE40', '2014-05-05', '0', '2014-05-05 16:56:13', '', NULL, 19, NULL, 179, NULL),
(417, 49, NULL, 5, 2, 25, 4, NULL, 2, 'MXL3230Z1T', '2014-05-05', '0', '2014-05-05 17:00:19', '4.0 GB', NULL, 19, NULL, 185, NULL),
(418, 61, NULL, 5, 5, 25, 2, NULL, 2, 'F9CYYJ1', '2014-05-05', '0', '2014-05-05 17:05:36', '4.0 GB', NULL, 17, NULL, 177, NULL),
(419, 14, NULL, 5, 5, 25, 4, NULL, 2, 'CNU2051JMF', '2014-05-05', '0', '2014-05-05 17:06:18', '4.0 GB', NULL, 17, NULL, 178, NULL),
(420, 9, NULL, 5, 2, 25, 2, NULL, 2, '383L5C1', '2014-05-05', '0', '2014-05-05 17:07:08', '4.0 GB', NULL, 17, NULL, 180, NULL),
(421, 50, NULL, 5, 3, 25, 3, NULL, NULL, '309JE0467', '2014-05-05', '0', '2014-05-05 17:07:40', '', NULL, 17, NULL, 180, NULL),
(422, 71, NULL, 5, 3, 25, 2, NULL, NULL, 'CN0DY840742617CI24YL', '2014-05-05', '0', '2014-05-05 17:09:21', '', NULL, 19, NULL, 176, NULL),
(423, 75, NULL, 5, 5, 25, 6, NULL, 2, '275234443003852', '2014-05-05', '0', '2014-05-05 17:09:38', '3.0 GB', NULL, 17, NULL, 180, NULL),
(424, 37, NULL, 5, 3, 25, 2, NULL, NULL, 'CN0FP816742618474A0U', '2014-05-05', '0', '2014-05-05 17:09:58', '', NULL, 19, NULL, 176, NULL),
(425, 62, NULL, 5, 5, 25, 2, NULL, 2, '4J1R2N1', '2014-05-05', '0', '2014-05-05 17:10:05', '4.0 GB', NULL, 17, NULL, 181, NULL),
(426, 18, NULL, 5, 5, 25, 4, NULL, 2, '2CE209315L', '2014-05-05', '0', '2014-05-05 17:10:37', '4.0 GB', NULL, 17, NULL, 182, NULL),
(427, 16, NULL, 5, 5, 25, 4, NULL, 2, '2CE23319Z5', '2014-05-05', '0', '2014-05-05 17:11:02', '4.0 GB', NULL, 17, NULL, 183, NULL),
(428, 2, NULL, 5, 2, 25, 2, NULL, 1, 'DSKZSG1', '2014-05-05', '0', '2014-05-05 17:11:28', '1.0 GB', NULL, 17, NULL, 184, NULL),
(429, 20, NULL, 5, 3, 25, 2, NULL, NULL, 'CN0N300H641800CG1PA', '2014-05-05', '0', '2014-05-05 17:11:50', '', NULL, 17, NULL, 184, NULL),
(430, 37, NULL, 5, 3, 25, 2, NULL, NULL, 'CN0FP8167426184744NU', '2014-05-05', '0', '2014-05-05 17:12:16', '', NULL, 19, NULL, 185, NULL),
(431, 20, NULL, 5, 3, 25, 2, NULL, NULL, 'CN0N300H641800C80B2L', '2014-05-05', '0', '2014-05-05 17:12:49', '', NULL, 19, NULL, 185, NULL),
(432, 49, NULL, 5, 2, 25, 4, NULL, 2, 'MXL3180HP2', '2014-05-05', '0', '2014-05-05 17:15:41', '4.0 GB', NULL, 19, NULL, 186, NULL),
(433, 37, NULL, 5, 3, 25, 2, NULL, NULL, 'CN0F534H744438AAACLN', '2014-05-05', '0', '2014-05-05 17:17:01', '', NULL, 19, NULL, 186, NULL),
(434, 63, NULL, 5, 3, 25, 2, NULL, NULL, 'CN0WH318728726AE0K6U', '2014-05-05', '0', '2014-05-05 17:17:41', '', NULL, 19, NULL, 186, NULL),
(435, 4, NULL, 5, 2, 25, 2, NULL, 2, '2LL8PL1', '2014-05-05', '0', '2014-05-05 17:20:23', '3.0GB', NULL, 19, NULL, 187, NULL),
(436, 36, NULL, 5, 3, 25, 2, NULL, NULL, 'CN0U47957161857FGAD6', '2014-05-05', '0', '2014-05-05 17:21:04', '', NULL, 19, NULL, 187, NULL),
(437, 76, NULL, NULL, 3, 25, 2, NULL, NULL, 'CN0CC6397287262D59LL', '2014-05-05', '0', '2014-05-05 17:21:57', '', NULL, 19, NULL, 187, NULL),
(438, 49, NULL, 5, 2, 25, 4, NULL, 3, 'MXL32725WQ', '2014-05-05', '0', '2014-05-05 17:26:58', '4.0 GB', NULL, 19, NULL, 188, NULL),
(439, 77, NULL, NULL, 3, 25, 10, NULL, NULL, 'MJ17H9NL946717R', '2014-05-05', '0', '2014-05-05 17:28:00', '', NULL, 19, NULL, 188, NULL),
(440, 37, NULL, 5, 3, 25, 2, NULL, NULL, 'CN0FP8167426181P23PL', '2014-05-05', '0', '2014-05-05 17:28:51', '', NULL, 19, NULL, 188, NULL),
(441, 4, NULL, 5, 2, 25, 2, NULL, 2, '2VFP9P1', '2014-05-05', '0', '2014-05-05 17:31:33', '4.0 GB', NULL, 19, NULL, 189, NULL),
(442, 79, NULL, NULL, 3, 25, 2, NULL, NULL, 'CN0D549H7161888IA678A02', '2014-05-05', '0', '2014-05-05 17:32:14', '', NULL, 19, NULL, 189, NULL),
(443, 51, NULL, 5, 3, 25, 2, NULL, NULL, 'CN0C5369641805171V5S', '2014-05-05', '0', '2014-05-05 17:33:31', '', NULL, 19, NULL, 189, NULL),
(444, 49, NULL, 5, 2, 25, 4, NULL, 2, 'MXL31812GD', '2014-05-05', '0', '2014-05-05 17:36:33', '4.0 GB', NULL, 19, NULL, 190, NULL),
(445, 20, NULL, 5, 3, 25, 2, NULL, NULL, 'CNX706H728729K1M6L', '2014-05-05', '0', '2014-05-05 17:37:14', '', NULL, 19, NULL, 190, NULL),
(446, 39, NULL, 5, 3, 25, 2, NULL, NULL, 'CN0M1619641804190HAH', '2014-05-05', '0', '2014-05-05 17:38:56', '', NULL, 19, NULL, 190, NULL),
(447, 4, NULL, 5, 2, 25, 2, NULL, 2, '2LW7PL1', '2014-05-05', '0', '2014-05-05 17:41:47', '3.0GB', NULL, 19, NULL, 191, NULL),
(448, 71, NULL, 5, 3, 25, 2, NULL, NULL, 'CN0DY840742617CI2NWL', '2014-05-05', '0', '2014-05-05 17:42:23', '', NULL, 19, NULL, 191, NULL),
(449, 49, NULL, 5, 2, 25, 4, NULL, 2, 'MXL32725VC', '2014-05-05', '0', '2014-05-05 17:45:28', '4.0 GB', NULL, 19, NULL, 194, NULL),
(450, 37, NULL, 5, 3, 25, 2, NULL, NULL, 'CN0F534H7161888EBCCB', '2014-05-05', '0', '2014-05-05 17:46:05', '', NULL, 19, NULL, 194, NULL),
(451, 37, NULL, 5, 3, 25, 2, NULL, NULL, '0F534H74443892AA9M', '2014-05-05', '0', '2014-05-05 17:46:39', '', NULL, 19, NULL, 194, NULL),
(452, 16, NULL, 5, 5, 25, 4, NULL, 2, '2CE2241ZK5', '2014-05-05', '0', '2014-05-05 18:15:28', '4.0 GB', NULL, 19, NULL, 206, NULL),
(453, 45, NULL, NULL, 3, 25, 2, NULL, NULL, 'CN0WH318728726AE0H4U', '2014-05-05', '0', '2014-05-05 18:19:54', '', NULL, 19, NULL, 25, NULL),
(454, 8, NULL, 5, 2, 25, 2, NULL, 2, '9ZM8M41', '2014-05-05', '0', '2014-05-05 18:26:07', '4.0 GB', NULL, 19, NULL, 207, NULL),
(455, 51, NULL, NULL, 3, 25, 2, NULL, NULL, 'CN0PM372728727BC1T7I', '2014-05-05', '0', '2014-05-05 18:26:50', '', NULL, 19, NULL, 207, NULL),
(456, 45, NULL, NULL, 3, 25, 2, NULL, NULL, 'CN0Y4413728725591NYL', '2014-05-05', '0', '2014-05-05 19:29:53', '', NULL, 19, NULL, 28, NULL),
(457, 23, NULL, 5, 2, 25, 2, NULL, 1, '9D1BLC1', '2014-05-05', '0', '2014-05-05 19:33:03', '2.0 GB', NULL, 17, NULL, 192, NULL),
(458, 40, NULL, 5, 3, 25, 2, NULL, NULL, 'CN0UH572466336C94N3U', '2014-05-05', '0', '2014-05-05 19:33:26', '', NULL, 17, NULL, 192, NULL),
(459, 9, NULL, 5, 2, 25, 2, NULL, 1, 'DCSCV91', '2014-05-05', '0', '2014-05-05 19:33:51', '1.0 GB', NULL, 17, NULL, 193, NULL),
(460, 24, NULL, 5, 3, 25, 2, NULL, NULL, 'CN06R6444780437KN3NL', '2014-05-05', '0', '2014-05-05 19:34:12', '', NULL, 17, NULL, 193, NULL),
(461, 9, NULL, 5, 2, 25, 2, NULL, 1, 'JT5L5C1', '2014-05-05', '0', '2014-05-05 19:34:40', '1.0 GB', NULL, 17, NULL, 195, NULL),
(462, 45, NULL, 5, 3, 25, 2, NULL, NULL, 'CN0CC6397287262D59VL', '2014-05-05', '0', '2014-05-05 19:35:02', '', NULL, 17, NULL, 195, NULL),
(463, 18, NULL, 5, 5, 25, 4, NULL, 2, '2CE21618MW', '2014-05-05', '0', '2014-05-05 19:36:13', '4.0 GB', NULL, 17, NULL, 196, NULL),
(464, 2, NULL, 5, 2, 25, 2, NULL, 1, 'JFN6QF1', '0000-00-00', '0', '2014-05-05 19:36:46', '1.0 GB', NULL, 2, NULL, 197, NULL),
(465, 51, NULL, 5, 3, 25, 2, NULL, NULL, 'CN0C5369641804BR1B1C', '0000-00-00', '0', '2014-05-05 19:37:04', '1.0 GB', NULL, 2, NULL, 197, NULL),
(466, 4, NULL, 5, 2, 25, 2, NULL, 1, 'HT6XQL1', '0000-00-00', '0', '2014-05-05 19:38:11', '3.0 GB', NULL, 2, NULL, 198, NULL),
(467, 36, NULL, 5, 3, 25, 2, NULL, NULL, 'CN0U47957161857FGADF', '2014-05-05', '0', '2014-05-05 19:39:11', '', NULL, 19, NULL, 208, NULL),
(468, 37, NULL, 5, 3, 25, 2, NULL, NULL, 'CN0D548H7161887UB244', '0000-00-00', '0', '2014-05-05 19:39:23', '3.0 GB', NULL, 2, NULL, 198, NULL),
(469, 4, NULL, 5, 2, 25, 2, NULL, 1, 'HT7JQL1', '2014-05-05', '0', '2014-05-05 19:39:44', '3.0 GB', NULL, 19, NULL, 208, NULL),
(470, 2, NULL, 5, 2, 25, 2, NULL, 2, 'BG9VCG1', '0000-00-00', '0', '2014-05-05 19:39:53', '2.0 GB', NULL, 2, NULL, 199, NULL),
(471, 45, NULL, 5, 3, 25, 2, NULL, NULL, 'CN0MC0406418066125XC', '0000-00-00', '0', '2014-05-05 19:40:08', '2.0 GB', NULL, 2, NULL, 199, NULL),
(472, 7, NULL, 5, 2, 25, 2, NULL, 1, 'C9ZF761', '0000-00-00', '0', '2014-05-05 19:40:39', '1.0 GB', NULL, 2, NULL, 200, NULL),
(473, 24, NULL, 5, 3, 25, 2, NULL, NULL, 'CN06R64447804366C0HT', '0000-00-00', '0', '2014-05-05 19:41:01', '1.0 GB', NULL, 2, NULL, 200, NULL),
(474, 9, NULL, 5, 2, 25, 2, NULL, 1, '4BSCV91', '0000-00-00', '0', '2014-05-05 19:42:18', '2.0 GB', NULL, 2, NULL, 201, NULL),
(475, 45, NULL, 5, 3, 25, 2, NULL, NULL, 'CN0CC6397287262D59NL', '0000-00-00', '0', '2014-05-05 19:42:50', '2.0 GB', NULL, 2, NULL, 201, NULL),
(476, 16, NULL, 5, 5, 25, 4, NULL, 2, '2CE2491277', '2014-05-05', '0', '2014-05-05 19:48:37', '4.0 GB', NULL, 19, NULL, 209, NULL),
(477, 16, NULL, 5, 5, 25, 4, NULL, 2, '2CE3140GTL', '0000-00-00', '0', '2014-05-05 19:53:30', '4.0 GB', NULL, 2, NULL, 201, NULL),
(478, 23, NULL, 5, 2, 25, 2, NULL, 1, 'GMZFLC1', '2014-05-05', '0', '2014-05-05 19:59:45', '3.0GB', NULL, 19, NULL, 102, NULL),
(479, 26, NULL, 5, 2, 25, 4, NULL, 2, 'MXL219163X', '2014-05-05', '0', '2014-05-05 20:04:19', '4.0 GB', NULL, 19, NULL, 88, NULL),
(480, 49, NULL, NULL, 2, 25, 4, NULL, NULL, 'MXL32725W7', '2014-05-05', '0', '2014-05-05 20:14:58', '', NULL, 19, NULL, 105, NULL),
(481, 14, NULL, 5, 5, 25, 4, NULL, 2, 'CNU2093G49', '2014-05-05', '0', '2014-05-05 20:19:11', '4.0GB', NULL, 18, NULL, 210, NULL),
(482, 37, NULL, 5, 3, 25, 2, NULL, NULL, 'CN0FP816742617B52GF', '2014-05-05', '0', '2014-05-05 20:19:53', '', NULL, 18, NULL, 210, NULL),
(483, 7, NULL, 5, 2, 25, 2, NULL, 1, '6PXFP61', '0000-00-00', '0', '2014-05-05 20:22:28', '1.0 GB', NULL, 2, NULL, 202, NULL),
(484, 51, NULL, 5, 3, 25, 2, NULL, NULL, 'CN0C5369641804BR1BKC', '0000-00-00', '0', '2014-05-05 20:23:38', '1.0 GB', NULL, 2, NULL, 202, NULL),
(485, 7, NULL, 5, 2, 25, 2, NULL, 1, 'G6F6Q71', '2014-05-05', '0', '2014-05-05 20:23:41', '1.0GB', NULL, 18, NULL, 211, NULL),
(486, 37, NULL, 5, 3, 25, 2, NULL, NULL, 'CN0KU7897161878EGBBG', '2014-05-05', '0', '2014-05-05 20:23:43', '', NULL, 19, NULL, 111, NULL),
(487, 9, NULL, 5, 2, 25, 2, NULL, 1, '6C6K5C1', '0000-00-00', '0', '2014-05-05 20:24:03', '1.0 GB', NULL, 2, NULL, 203, NULL),
(488, 20, NULL, 5, 3, 25, 2, NULL, NULL, 'CN0N300H641800CG1PF', '2014-05-05', '0', '2014-05-05 20:24:07', '', NULL, 18, NULL, 211, NULL),
(489, 51, NULL, 5, 3, 25, 2, NULL, NULL, 'CN0D542146633556290L', '0000-00-00', '0', '2014-05-05 20:24:30', '1.0 GB', NULL, 2, NULL, 203, NULL),
(490, 9, NULL, 5, 2, 25, 2, NULL, 1, '3G3L5C1', '0000-00-00', '0', '2014-05-05 20:24:54', '1.0 GB', NULL, 2, NULL, 204, NULL),
(491, 40, NULL, 5, 3, 25, 2, NULL, NULL, 'CN0WH318728726AE2EWU', '0000-00-00', '0', '2014-05-05 20:25:10', '1.0 GB', NULL, 2, NULL, 204, NULL),
(492, 8, NULL, 5, 2, 25, 2, NULL, 1, '808CM41', '0000-00-00', '0', '2014-05-05 20:25:43', '2.0 GB', NULL, 2, NULL, 227, NULL),
(493, 40, NULL, 5, 3, 25, 2, NULL, NULL, 'CN0UH5724663374365G', '0000-00-00', '0', '2014-05-05 20:26:10', '2.0 GB', NULL, 2, NULL, 227, NULL),
(494, 4, NULL, 5, 2, 25, 2, NULL, 2, 'JH4YLM1', '0000-00-00', '0', '2014-05-05 20:26:42', '4.0 GB', NULL, 2, NULL, 205, NULL),
(495, 20, NULL, 5, 3, 25, 2, NULL, NULL, 'CN0N300H641800AL1HWL', '2014-05-05', '0', '2014-05-05 20:26:43', '', NULL, 19, NULL, 109, NULL),
(496, 71, NULL, 5, 3, 25, 2, NULL, NULL, 'CN0DY840742617CI2N0', '0000-00-00', '0', '2014-05-05 20:28:17', '4.0 GB', NULL, 2, NULL, 205, NULL),
(497, 8, NULL, 2, 2, 25, 2, NULL, 1, '2QMZG41', '0000-00-00', '0', '2014-05-05 20:28:42', '1.0 GB', NULL, 2, NULL, NULL, NULL),
(498, 39, NULL, 2, 3, 25, 2, NULL, NULL, 'CN0M1619641803CQ17A', '0000-00-00', '0', '2014-05-05 20:29:04', '1.0 GB', NULL, 2, NULL, NULL, NULL),
(499, 49, NULL, NULL, 2, 25, 4, NULL, 2, 'MXL3100N9D', '2014-05-05', '0', '2014-05-05 20:29:35', '4.0 GB', NULL, 19, NULL, 108, NULL),
(500, 8, NULL, 2, 2, 25, 2, NULL, 1, '4ZZ2231', '0000-00-00', '0', '2014-05-05 20:29:36', '0.5 GB', NULL, 2, NULL, NULL, NULL),
(501, 9, NULL, 5, 2, 25, 2, NULL, 1, 'BVRXQ91', '2014-05-05', '0', '2014-05-05 20:31:37', '1.0GB', NULL, 18, NULL, 212, NULL),
(502, 39, NULL, 2, 3, 25, 2, NULL, NULL, 'CN0M16196418041S0WE', '0000-00-00', '0', '2014-05-05 20:32:04', '0.5 GB', NULL, 2, NULL, NULL, NULL),
(503, 51, NULL, 5, 3, 25, 2, NULL, NULL, 'CN0Y44137220149I0NL', '2014-05-05', '0', '2014-05-05 20:32:06', '', NULL, 18, NULL, 212, NULL),
(504, 7, NULL, 2, 2, 25, 2, NULL, 1, '68LRV71', '0000-00-00', '0', '2014-05-05 20:32:41', '1.0 GB', NULL, 2, NULL, NULL, NULL),
(505, 51, NULL, 2, 3, 25, 2, NULL, NULL, 'CN0C5369641804C10A2', '0000-00-00', '0', '2014-05-05 20:32:58', '1.0 GB', NULL, 2, NULL, NULL, NULL),
(506, 23, NULL, 5, 2, 25, 2, NULL, 1, 'JS2L1D1', '2014-05-05', '0', '2014-05-05 20:33:59', '1.0GB', NULL, 18, NULL, 213, NULL),
(507, 7, NULL, 2, 2, 25, 2, NULL, 1, 'D6F6Q71', '0000-00-00', '0', '2014-05-05 20:34:12', '1.0 GB', NULL, 2, NULL, NULL, NULL),
(508, 45, NULL, 5, 3, 25, 2, NULL, NULL, 'CN0MC0406418062S0RK', '2014-05-05', '0', '2014-05-05 20:34:26', '', NULL, 18, NULL, 213, NULL),
(509, 7, NULL, 2, 2, 25, 2, NULL, 1, '28LRV7', '0000-00-00', '0', '2014-05-05 20:35:26', '0.5 GB', NULL, 2, NULL, NULL, NULL),
(510, 9, NULL, 5, 2, 25, 2, NULL, 1, 'HSRXQ91', '2014-05-05', '0', '2014-05-05 20:36:14', '1.0GB', NULL, 18, NULL, 214, NULL),
(511, 37, NULL, 5, 3, 25, 2, NULL, NULL, 'CN0FP8167426184749V', '2014-05-05', '0', '2014-05-05 20:37:17', '', NULL, 18, NULL, 214, NULL),
(512, 36, NULL, 2, 3, 25, 2, NULL, NULL, 'CN0U47957161857FGAJ', '0000-00-00', '0', '2014-05-05 20:39:25', '0.5 GB', NULL, 2, NULL, NULL, NULL),
(513, 9, NULL, 5, 2, 25, 2, NULL, 1, 'JL9N52J', '2014-05-05', '0', '2014-05-05 20:39:29', '1.0GB', NULL, 18, NULL, 215, NULL),
(514, 2, NULL, 2, 2, 25, 2, NULL, 1, 'BF9VCG1', '0000-00-00', '0', '2014-05-05 20:39:47', '1.0 GB', NULL, 2, NULL, NULL, NULL),
(515, 51, NULL, 2, 3, 25, 2, NULL, NULL, 'CN0C5369641804C102K', '0000-00-00', '0', '2014-05-05 20:40:02', '1.0 GB', NULL, 2, NULL, NULL, NULL),
(516, 45, NULL, 5, 3, 25, 2, NULL, NULL, 'CN0CC6397287262D3L8', '2014-05-05', '0', '2014-05-05 20:40:20', '', NULL, 18, NULL, 215, NULL),
(517, 9, NULL, 5, 2, 25, 2, NULL, 1, '9MR6T81', '2014-05-05', '0', '2014-05-05 20:43:08', '3.0GB', NULL, 18, NULL, 216, NULL),
(518, 39, NULL, 5, 3, 25, 2, NULL, NULL, 'CN0M1619641803CR16N', '2014-05-05', '0', '2014-05-05 20:44:01', '', NULL, 18, NULL, 216, NULL),
(519, 23, NULL, 5, 2, 25, 2, NULL, 1, '53PVRC1', '2014-05-05', '0', '2014-05-05 20:46:36', '1.0GB', NULL, 18, NULL, 217, NULL),
(520, 37, NULL, 5, 3, 25, 2, NULL, NULL, 'CN0C182174445985ADAL', '2014-05-05', '0', '2014-05-05 20:47:10', '', NULL, 18, NULL, 217, NULL),
(521, 9, NULL, 5, 2, 25, 2, NULL, 1, 'J3SCV91', '2014-05-05', '0', '2014-05-05 20:50:04', '1.0GB', NULL, 18, NULL, 218, NULL),
(522, 40, NULL, 5, 3, 25, 2, NULL, NULL, 'CN0FJ1816418066J23V', '2014-05-05', '0', '2014-05-05 20:51:18', '', NULL, 18, NULL, 218, NULL),
(523, 23, NULL, 5, 2, 25, 2, NULL, 1, 'C9MM5F1', '2014-05-05', '0', '2014-05-05 20:53:16', '2.0GB', NULL, 18, NULL, 219, NULL),
(524, 45, NULL, 5, 3, 25, 2, NULL, NULL, 'CN0CC6397287262D3LJ', '2014-05-05', '0', '2014-05-05 20:53:41', '', NULL, 18, NULL, 219, NULL),
(525, 4, NULL, 5, 2, 25, 2, NULL, 1, 'HW5RKM1', '2014-05-05', '0', '2014-05-05 20:56:05', '3.0GB', NULL, 18, NULL, 220, NULL),
(526, 16, NULL, 5, 5, 25, 4, NULL, 6, '2CE3410YTL', '2014-05-05', '0', '2014-05-05 20:56:15', '4.0 GB', NULL, 19, NULL, 102, NULL),
(527, 20, NULL, 5, 3, 25, 2, NULL, NULL, 'CN0X706H728729B25N4', '2014-05-05', '0', '2014-05-05 20:56:42', '', NULL, 18, NULL, 220, NULL),
(528, 42, NULL, 5, 3, 25, 2, NULL, NULL, 'CN0RNMH67444501H476S', '2014-05-05', '0', '2014-05-05 20:56:55', '', NULL, 19, NULL, 102, NULL),
(529, 80, NULL, 5, 2, 25, 4, NULL, 1, 'MXL1220N85', '2014-05-05', '0', '2014-05-05 20:58:46', '3.0 GB', NULL, 19, NULL, 99, NULL),
(530, 7, NULL, 5, 2, 25, 2, NULL, 1, '9G2G361', '2014-05-05', '0', '2014-05-05 21:01:22', '0.5 GB', NULL, 19, NULL, 103, NULL),
(531, 45, NULL, 5, 3, 25, 2, NULL, NULL, 'CN0MC040641805CQ17MS', '2014-05-05', '0', '2014-05-05 21:02:00', '', NULL, 19, NULL, 103, NULL),
(532, 2, NULL, 2, 2, 25, 2, NULL, 4, 'CPKRVG1', '2014-05-05', '0', '2014-05-05 21:03:38', '1.0 GB', NULL, 17, NULL, NULL, NULL),
(533, 20, NULL, 2, 3, 25, 2, NULL, NULL, 'CN0X706H728729B254VL', '2014-05-05', '0', '2014-05-05 21:05:18', '', NULL, 17, NULL, NULL, NULL),
(534, 23, NULL, 5, 2, 25, 2, NULL, 1, 'DT8RWD1', '2014-05-05', '0', '2014-05-05 21:06:38', '1.0 GB', NULL, 19, NULL, 221, NULL),
(535, 51, NULL, 5, 3, 25, 2, NULL, NULL, 'CN0C53696418048B1FDH', '2014-05-05', '0', '2014-05-05 21:07:12', '', NULL, 19, NULL, 221, NULL),
(536, 37, NULL, 5, 3, 25, 2, NULL, NULL, 'CN0PM372728727BC1RVI', '2014-05-05', '0', '2014-05-05 21:07:49', '', NULL, 19, NULL, 221, NULL),
(537, 39, NULL, 5, 3, 25, 2, NULL, NULL, 'CN0C53696418052G4TFS', '2014-05-05', '0', '2014-05-05 21:08:58', '', NULL, 19, NULL, 221, NULL),
(538, 37, NULL, 5, 3, 25, 2, NULL, NULL, 'CN0FP8167426181P5DAL', '2014-05-05', '0', '2014-05-05 21:10:43', '', NULL, 19, NULL, 221, NULL),
(539, 81, NULL, 2, 3, 25, 2, NULL, NULL, 'CN0FJ0666418067U2WL', '0000-00-00', '0', '2014-05-05 21:11:24', '', NULL, 2, NULL, NULL, NULL),
(540, 2, NULL, 5, 2, 25, 2, NULL, 1, '4HPRTF1', '2014-05-05', '0', '2014-05-05 21:12:01', '1.0 GB', NULL, 19, NULL, 221, NULL),
(541, 8, NULL, 5, 2, 25, 2, NULL, 1, '3WZ2231', '2014-05-05', '0', '2014-05-05 21:13:01', '0.5 GB', NULL, 19, NULL, 221, NULL),
(542, 2, NULL, 5, 2, 25, 2, NULL, 1, '24CSXF1', '2014-05-05', '0', '2014-05-05 21:13:57', '1.0 GB', NULL, 19, NULL, 221, NULL),
(543, 37, NULL, 5, 3, 25, 2, NULL, NULL, 'CN0FP8164663377G7W8U', '2014-05-05', '0', '2014-05-05 21:14:34', '', NULL, 19, NULL, 221, NULL),
(544, 45, NULL, 5, 3, 25, 2, NULL, NULL, 'CN0CC639728726379VLL', '2014-05-05', '0', '2014-05-05 21:15:14', '', NULL, 19, NULL, 221, NULL),
(545, 16, NULL, 5, 5, 25, 4, NULL, 2, '2CE3410YV0', '2014-05-05', '0', '2014-05-05 21:15:15', '4.0GB', NULL, 18, NULL, 222, NULL),
(546, 52, NULL, 5, 3, 25, 2, NULL, NULL, 'CN0RY9794663375P8J7S', '2014-05-05', '0', '2014-05-05 21:16:25', '', NULL, 17, NULL, 96, NULL),
(547, 7, NULL, 5, 2, 25, 2, NULL, 1, '6BR6W61', '2014-05-05', '0', '2014-05-05 21:16:44', '1.0GB', NULL, 18, NULL, 223, NULL),
(548, 51, NULL, 5, 3, 25, 2, NULL, NULL, 'CN0C5369641805171Y1', '2014-05-05', '0', '2014-05-05 21:17:06', '', NULL, 18, NULL, 223, NULL),
(549, 14, NULL, 5, 5, 25, 4, NULL, 2, 'CNU2051JM6', '2014-05-05', '0', '2014-05-05 21:18:28', '4.0GB', NULL, 18, NULL, 224, NULL),
(550, 7, NULL, 5, 2, 25, 2, NULL, 1, '21WP771', '2014-05-05', '0', '2014-05-05 21:20:28', '1.0GB', NULL, 18, NULL, 225, NULL),
(551, 82, NULL, 2, 2, 25, 4, NULL, 2, 'MXL3141DDF', '2014-05-05', '0', '2014-05-05 21:20:56', '4.0GB', NULL, 18, NULL, NULL, NULL),
(552, 4, NULL, 2, 2, 25, 2, NULL, 2, 'HT6LQL1', '2014-05-05', '0', '2014-05-05 21:21:12', '3.5 GB', NULL, 17, NULL, NULL, NULL),
(553, 37, NULL, 2, 3, 25, 2, NULL, NULL, 'CN0YVG537287205F170U', '2014-05-05', '0', '2014-05-05 21:21:35', '', NULL, 17, NULL, NULL, NULL),
(554, 37, NULL, 5, 3, 25, 2, NULL, NULL, 'CN0FP8164663377G7WFU', '2014-05-05', '0', '2014-05-05 21:22:26', '', NULL, 18, NULL, 225, NULL),
(555, 55, NULL, 5, 3, 25, 2, NULL, NULL, 'CN0D54287287259G5AVL', '2014-05-05', '0', '2014-05-05 21:24:24', '', NULL, 17, NULL, 108, NULL),
(556, 51, NULL, 5, 3, 25, 2, NULL, NULL, 'CN0Y44137220149I0P6L', '2014-05-05', '0', '2014-05-05 21:30:17', '', NULL, 17, NULL, 120, NULL),
(557, 2, NULL, 5, 2, 25, 2, NULL, 1, '24XXMF1', '2014-05-05', '0', '2014-05-05 21:30:48', '1.0 GB', NULL, 19, NULL, 226, NULL),
(558, 51, NULL, 5, 3, 25, 2, NULL, NULL, 'CN0D5421466335554TDL', '2014-05-05', '0', '2014-05-05 21:31:29', '', NULL, 19, NULL, 226, NULL),
(559, 4, NULL, 5, 2, 25, 2, NULL, 1, 'HW3VKM1', '2014-05-05', '0', '2014-05-05 21:34:10', '4.0 GB', NULL, 19, NULL, 228, NULL),
(560, 52, NULL, 5, 3, 25, 2, NULL, NULL, 'CN0RY979742618154UES', '2014-05-05', '0', '2014-05-05 21:35:04', '', NULL, 19, NULL, 228, NULL),
(561, 48, NULL, 5, 2, 25, 2, NULL, 1, '6XJWC81', '2014-05-05', '0', '2014-05-05 21:37:57', '1.0 GB', NULL, 19, NULL, 229, NULL),
(562, 40, NULL, 5, 3, 25, 2, NULL, NULL, 'CN0UH57246633688712U', '2014-05-05', '0', '2014-05-05 21:38:47', '', NULL, 19, NULL, 229, NULL),
(563, 48, NULL, 5, 2, 25, 2, NULL, 1, '8C6K5C1', '2014-05-05', '0', '2014-05-05 21:41:01', '2.0GB', NULL, 19, NULL, 230, NULL),
(564, 36, NULL, 5, 3, 25, 2, NULL, NULL, 'CN0U47957161856DG835', '2014-05-05', '0', '2014-05-05 21:42:37', '', NULL, 19, NULL, 230, NULL),
(565, 39, NULL, 5, 3, 25, 2, NULL, NULL, 'CN0M16196418041S1HB', '2014-05-05', '0', '2014-05-05 21:42:55', '', NULL, 18, NULL, 232, NULL),
(566, 2, NULL, 5, 2, 25, 2, NULL, 1, 'DJT7CG1', '2014-05-05', '0', '2014-05-05 21:44:36', '4.0 GB', NULL, 19, NULL, 233, NULL),
(567, 51, NULL, 5, 3, 25, 2, NULL, NULL, 'CN0D5421466335461HGU', '2014-05-05', '0', '2014-05-05 21:45:14', '', NULL, 19, NULL, 233, NULL),
(568, 42, NULL, 2, 3, 25, 2, NULL, 2, 'CN0RNMH6744459CCA56L', '2014-05-05', '0', '2014-05-05 21:45:26', '4.0GB', NULL, 18, NULL, NULL, NULL),
(569, 16, NULL, 5, 5, 25, 4, NULL, 2, '2CE3392GVF', '2014-05-05', '0', '2014-05-05 21:47:45', '4.0 GB', NULL, 19, NULL, 235, NULL),
(570, 82, NULL, NULL, 2, 25, 4, NULL, 8, 'MXL32316H0', '2014-05-05', '0', '2014-05-05 22:13:35', '4 GB', NULL, 8, NULL, 238, NULL),
(571, 48, NULL, NULL, 2, 25, 2, NULL, 1, 'CK36V91', '2014-05-05', '0', '2014-05-05 22:18:54', '1.0 GB', NULL, 19, NULL, 237, NULL),
(572, 51, NULL, 5, 3, 25, 2, NULL, NULL, 'CN0C53696418051839SS', '2014-05-05', '0', '2014-05-05 22:19:35', '', NULL, 19, NULL, 237, NULL),
(573, 48, NULL, 5, 2, 25, 2, NULL, 1, '78QWC81', '2014-05-05', '0', '2014-05-05 22:21:56', '1.0 GB', NULL, 19, NULL, 239, NULL),
(574, 39, NULL, 5, 3, 25, 2, NULL, NULL, 'CN0M16196418041S0WFS', '2014-05-05', '0', '2014-05-05 22:22:43', '', NULL, 19, NULL, 239, NULL),
(575, 4, NULL, 5, 2, 25, 2, NULL, 1, 'HT53RL1', '2014-05-05', '0', '2014-05-05 22:24:57', '4.0GB', NULL, 18, NULL, 247, NULL),
(576, 38, NULL, 5, 2, 25, 2, NULL, 2, '3GS9BP1', '2014-05-05', '0', '2014-05-05 22:28:10', '2.0GB', NULL, 18, NULL, 251, NULL),
(577, 20, NULL, 5, 3, 25, 2, NULL, NULL, 'CN0N300H641800C80B6L', '2014-05-05', '0', '2014-05-05 22:28:36', '', NULL, 18, NULL, 251, NULL),
(578, 37, NULL, 5, 3, 25, 2, NULL, NULL, 'CN0FP8167426184S1E9S', '2014-05-05', '0', '2014-05-05 22:29:17', '', NULL, 8, NULL, 253, NULL),
(579, 38, NULL, 5, 2, 25, 2, NULL, 2, '3LW9BP1', '2014-05-05', '0', '2014-05-05 22:30:10', '3.0GB', NULL, 18, NULL, 254, NULL),
(580, 51, NULL, 5, 3, 25, 2, NULL, NULL, 'CN0C536964180587516S', '2014-05-05', '0', '2014-05-05 22:30:43', '', NULL, 18, NULL, 254, NULL),
(581, 4, NULL, NULL, 2, 25, 2, NULL, 8, '2LP9PL1', '2014-05-05', '0', '2014-05-05 22:34:35', '4.0 GB', NULL, 8, NULL, 171, NULL),
(582, 2, NULL, 5, 2, 25, 2, NULL, 1, '9H3D0G1', '2014-05-05', '0', '2014-05-05 22:34:41', '4.0 GB', NULL, 17, NULL, 231, NULL),
(583, 23, NULL, 5, 2, 25, 2, NULL, 1, 'BLZFFLC1', '2014-05-05', '0', '2014-05-05 22:34:57', '1.0 GB', NULL, 19, NULL, 255, NULL),
(584, 20, NULL, 5, 3, 25, 2, NULL, NULL, 'CN0N300H641800BU0BS', '2014-05-05', '0', '2014-05-05 22:35:23', '', NULL, 17, NULL, 231, NULL),
(585, 45, NULL, 5, 3, 25, 2, NULL, NULL, 'CN0T99984663362B96M', '2014-05-05', '0', '2014-05-05 22:35:39', '', NULL, 19, NULL, 255, NULL),
(586, 38, NULL, 5, 2, 25, 2, NULL, 2, '3GR9BP1', '2014-05-05', '0', '2014-05-05 22:35:59', '4.0GB', NULL, 18, NULL, 257, NULL),
(587, 20, NULL, 5, 3, 25, 2, NULL, NULL, 'CN0N300H641800CG12GL', '2014-05-05', '0', '2014-05-05 22:36:23', '', NULL, 18, NULL, 257, NULL),
(588, 51, NULL, 5, 3, 25, 2, NULL, NULL, 'CN0C53696418053L0T6', '2014-05-05', '0', '2014-05-05 22:37:31', '', NULL, 19, NULL, 256, NULL),
(589, 23, NULL, 5, 2, 25, 2, NULL, 1, '8LZFLC1', '2014-05-05', '0', '2014-05-05 22:38:11', '1.0 GB', NULL, 19, NULL, 256, NULL),
(590, 4, NULL, 5, 2, 25, 2, NULL, 1, 'HW4VKM1', '0000-00-00', '0', '2014-05-05 22:38:15', '1.0 GB', NULL, 2, NULL, 234, NULL),
(591, 20, NULL, 5, 3, 25, 2, NULL, NULL, 'CN0X706H7287205619L', '0000-00-00', '0', '2014-05-05 22:38:38', '1.0 GB', NULL, 2, NULL, 234, NULL),
(592, 7, NULL, 2, 2, 25, 2, NULL, 1, '1W6FP61', '0000-00-00', '0', '2014-05-05 22:39:46', '2.0 GB', NULL, 2, NULL, NULL, NULL),
(593, 36, NULL, 2, 3, 25, 2, NULL, NULL, 'CN0U47957161857RGE5', '0000-00-00', '0', '2014-05-05 22:39:58', '2.0 GB', NULL, 2, NULL, NULL, NULL),
(594, 14, NULL, 5, 5, 25, 4, NULL, 2, 'CNU2051J3J', '2014-05-05', '0', '2014-05-05 22:39:58', '4.0 GB', NULL, 19, NULL, 258, NULL),
(595, 38, NULL, 5, 2, 25, 2, NULL, 2, '3LZS9P1', '0000-00-00', '0', '2014-05-05 22:40:21', '6.0 GB', NULL, 2, NULL, 236, NULL),
(596, 20, NULL, 5, 3, 25, 2, NULL, NULL, 'CN0X706H7287205618R', '0000-00-00', '0', '2014-05-05 22:40:33', '6.0 GB', NULL, 2, NULL, 236, NULL),
(597, 38, NULL, 5, 2, 25, 2, NULL, 2, '3LYW9P1', '2014-05-05', '0', '2014-05-05 22:40:54', '6.0GB', NULL, 18, NULL, 260, NULL),
(598, 9, NULL, 5, 2, 25, 2, NULL, 1, 'FLYL2B1', '0000-00-00', '0', '2014-05-05 22:40:57', '2.0 GB', NULL, 2, NULL, 241, NULL),
(599, 45, NULL, 5, 3, 25, 2, NULL, NULL, 'CN0MC04064180648348', '0000-00-00', '0', '2014-05-05 22:41:12', '2.0 GB', NULL, 2, NULL, 241, NULL),
(600, 20, NULL, 5, 3, 25, 2, NULL, NULL, 'CN0N300H641800C80B8L', '2014-05-05', '0', '2014-05-05 22:41:15', '', NULL, 18, NULL, 260, NULL),
(601, 4, NULL, 5, 2, 25, 2, NULL, 2, 'HT5KQL1', '2014-05-05', '0', '2014-05-05 22:41:25', '3.0 GB', NULL, 19, NULL, 259, NULL),
(602, 38, NULL, 5, 2, 25, 2, NULL, 2, '3LQ3BP1', '0000-00-00', '0', '2014-05-05 22:41:31', '6.0 GB', NULL, 2, NULL, 242, NULL),
(603, 20, NULL, 5, 3, 25, 2, NULL, NULL, 'CN0N300H641800BU0CT', '0000-00-00', '0', '2014-05-05 22:41:44', '6.0 GB', NULL, 2, NULL, 242, NULL),
(604, 45, NULL, 5, 3, 25, 2, NULL, NULL, 'CN0CC639728726379VP', '2014-05-05', '0', '2014-05-05 22:41:49', '', NULL, 19, NULL, 259, NULL),
(605, 7, NULL, 2, 2, 25, 2, NULL, 1, 'F16FP61', '0000-00-00', '0', '2014-05-05 22:42:07', '2.0 GB', NULL, 2, NULL, NULL, NULL),
(606, 39, NULL, 2, 3, 25, 2, NULL, NULL, 'CN0M16196418041B1BV', '0000-00-00', '0', '2014-05-05 22:42:26', '2.0 GB', NULL, 2, NULL, NULL, NULL),
(607, 51, NULL, 5, 3, 25, 2, NULL, NULL, 'CN0D54214663355D1YM', '2014-05-05', '0', '2014-05-05 22:43:28', '', NULL, 19, NULL, 261, NULL),
(608, 8, NULL, 5, 2, 25, 2, NULL, 1, 'GJ6CM41', '0000-00-00', '0', '2014-05-05 22:43:56', '1.0 GB', NULL, 2, NULL, 243, NULL),
(609, 39, NULL, 5, 3, 25, 2, NULL, NULL, 'CN0M1619641803CQ17R', '0000-00-00', '0', '2014-05-05 22:44:17', '1.0 GB', NULL, 2, NULL, 243, NULL),
(610, 9, NULL, 5, 2, 25, 2, NULL, 1, '9C6K5C1', '2014-05-05', '0', '2014-05-05 22:44:19', '1.0 GB', NULL, 19, NULL, 261, NULL),
(611, 77, NULL, 1, 3, 25, 10, NULL, NULL, 'SN', '2014-05-05', '0', '2014-05-05 22:45:27', '', NULL, 8, NULL, NULL, NULL),
(612, 4, NULL, 5, 2, 25, 2, NULL, 1, 'JH5PLM1', '0000-00-00', '0', '2014-05-05 22:58:22', '4.0 GB', NULL, 2, NULL, 244, NULL),
(613, 45, NULL, 5, 3, 25, 2, NULL, NULL, 'CN0CC639728726379WY', '0000-00-00', '0', '2014-05-06 14:08:35', '', NULL, 2, NULL, 244, NULL),
(614, 23, NULL, 5, 2, 25, 2, NULL, 1, 'CYMRDC1', '0000-00-00', '0', '2014-05-06 14:09:07', '3.0 GB', NULL, 2, NULL, 245, NULL),
(615, 45, NULL, 5, 3, 25, 2, NULL, NULL, 'CN0MC0406418062S2KX', '0000-00-00', '0', '2014-05-06 14:10:48', '3.0 GB', NULL, 2, NULL, 245, NULL),
(616, 8, NULL, 5, 2, 25, 2, NULL, 1, '7C3TP31', '0000-00-00', '0', '2014-05-06 14:11:13', '6.0 GB', NULL, 2, NULL, 246, NULL),
(617, 45, NULL, 5, 3, 25, 2, NULL, NULL, 'CN0CC6397287262D59T', '0000-00-00', '0', '2014-05-06 14:11:30', '6.0 GB', NULL, 2, NULL, 246, NULL),
(618, 38, NULL, 5, 2, 25, 2, NULL, 2, '3GTV9P1', '0000-00-00', '0', '2014-05-06 14:12:03', '6.0 GB', NULL, 2, NULL, 248, NULL),
(619, 40, NULL, 5, 3, 25, 2, NULL, NULL, 'CN0WH318728726AD5ER', '0000-00-00', '0', '2014-05-06 14:15:56', '6.0 GB', NULL, 2, NULL, 248, NULL),
(620, 16, NULL, 5, 5, 25, 4, NULL, 2, '2CE2392HTP', '0000-00-00', '0', '2014-05-06 14:16:23', '8.0 GB', NULL, 2, NULL, 249, NULL),
(621, 37, NULL, 5, 3, 25, 2, NULL, NULL, 'CN0FP8167426184749Y', '0000-00-00', '0', '2014-05-06 14:16:45', '8.0 GB', NULL, 2, NULL, 249, NULL),
(622, 8, NULL, 5, 2, 25, 2, NULL, 1, '7FMZG41', '0000-00-00', '0', '2014-05-06 14:17:07', '6.0 GB', NULL, 2, NULL, 250, NULL),
(623, 20, NULL, 5, 3, 25, 2, NULL, NULL, 'CN0N300H641800C8050', '0000-00-00', '0', '2014-05-06 14:17:44', '6.0 GB', NULL, 2, NULL, 250, NULL),
(624, 8, NULL, 2, 2, 25, 2, NULL, 1, '6S9QQ41', '0000-00-00', '0', '2014-05-06 14:18:49', '6.0 GB', NULL, 2, NULL, NULL, NULL),
(625, 51, NULL, 2, 3, 25, 2, NULL, NULL, 'CN0Y4413722014B51E0', '0000-00-00', '0', '2014-05-06 14:19:20', '6.0 GB', NULL, 2, NULL, NULL, NULL),
(626, 16, NULL, 2, 5, 25, 4, NULL, 2, '2CE23319Z4', '0000-00-00', '0', '2014-05-06 14:20:02', '4.0 GB', NULL, 2, NULL, NULL, NULL),
(627, 51, NULL, 5, 3, 25, 2, NULL, NULL, 'CN0C5369641804BR1BH', '2014-05-06', '0', '2014-05-06 14:23:32', '', NULL, 18, NULL, 262, NULL),
(628, 7, NULL, 5, 2, 25, 2, NULL, 1, '4N0MX61', '2014-05-06', '0', '2014-05-06 14:24:19', '2.0 GB', NULL, 18, NULL, 262, NULL),
(629, 14, NULL, 5, 5, 25, 4, NULL, 1, '2CE3220ZLQ', '2014-05-06', '0', '2014-05-06 14:32:59', '3.0 GB', NULL, 18, NULL, 263, NULL),
(630, 24, NULL, 5, 3, 25, 2, NULL, NULL, 'CN06R64447804366C0H', '2014-05-06', '0', '2014-05-06 14:33:32', '', NULL, 18, NULL, 263, NULL),
(631, 9, NULL, 5, 2, 25, 2, NULL, 1, 'CLVSQ91', '2014-05-06', '0', '2014-05-06 14:34:19', '1.0 GB', NULL, 18, NULL, 263, NULL),
(632, 11, NULL, 5, 5, 25, 2, NULL, 2, '7G6KXN1', '2014-05-06', '0', '2014-05-06 14:47:14', '4.0 GB', NULL, 17, NULL, 264, NULL),
(633, 18, NULL, 5, 5, 25, 4, NULL, 2, '2CE20930YW', '0000-00-00', '0', '2014-05-06 14:47:53', '4.0 GB', NULL, 2, NULL, 265, NULL),
(634, 16, NULL, 5, 5, 25, 4, NULL, 2, '2CE3392H2X', '0000-00-00', '0', '2014-05-06 14:48:15', '4.0 GB', NULL, 2, NULL, 266, NULL),
(635, 37, NULL, 5, 3, 25, 2, NULL, NULL, 'CN0D548H7161887UB238A00', '0000-00-00', '0', '2014-05-06 14:48:47', '4.0 GB', NULL, 2, NULL, 266, NULL),
(636, 16, NULL, 5, 5, 25, 4, NULL, 2, '2CE2392H1Q', '0000-00-00', '0', '2014-05-06 14:49:09', '4.0 GB', NULL, 2, NULL, 267, NULL),
(637, 37, NULL, 5, 3, 25, 2, NULL, NULL, 'CN0FP81674261847466U', '0000-00-00', '0', '2014-05-06 14:49:26', '4.0 GB', NULL, 2, NULL, 267, NULL),
(638, 61, NULL, 5, 5, 25, 2, NULL, 1, '5TF9TL1', '0000-00-00', '0', '2014-05-06 14:49:48', '4.0 GB', NULL, 2, NULL, 268, NULL),
(639, 50, NULL, 5, 3, 25, 3, NULL, NULL, '309JE05080', '0000-00-00', '0', '2014-05-06 14:51:17', '4.0 GB', NULL, 2, NULL, 268, NULL),
(640, 16, NULL, 2, 5, 25, 4, NULL, 2, '2CE3410YV2', '0000-00-00', '0', '2014-05-06 14:51:40', '4.0 GB', NULL, 2, NULL, NULL, NULL),
(641, 40, NULL, 5, 3, 25, 2, NULL, NULL, 'CN0WH318728726AE13MU', '2014-05-06', '0', '2014-05-06 15:13:31', '', NULL, 18, NULL, 272, NULL),
(642, 45, NULL, 5, 3, 25, 2, NULL, NULL, 'CN0G99984663362I8ENU', '2014-05-06', '0', '2014-05-06 15:15:47', '', NULL, 17, NULL, 273, NULL),
(643, 11, NULL, 5, 5, 25, 2, NULL, 2, 'HF6KXN1', '2014-05-06', '0', '2014-05-06 15:18:58', '4.0 GB', NULL, 18, NULL, 274, NULL),
(644, 51, NULL, 2, 3, 25, 2, NULL, NULL, 'CN0C5369641804C30QWS', '2014-05-06', '0', '2014-05-06 15:20:31', '', NULL, 18, NULL, NULL, NULL),
(645, 7, NULL, 2, 2, 25, 2, NULL, 1, '8CFWV71', '2014-05-06', '0', '2014-05-06 15:21:11', '0.5 GB', NULL, 18, NULL, NULL, NULL),
(646, 14, NULL, 2, 5, 25, 4, NULL, 2, 'CNU2051J59', '2014-05-06', '0', '2014-05-06 15:22:32', '2.0GB', NULL, 18, NULL, NULL, NULL),
(647, 87, NULL, NULL, 5, 25, 4, NULL, 2, '2CE3451V0P', '2014-05-06', '0', '2014-05-06 15:25:16', '4.0 GB', NULL, 18, NULL, 275, NULL),
(648, 37, NULL, 5, 3, 25, 2, NULL, NULL, 'CN0FP8167426179S639U', '2014-05-06', '0', '2014-05-06 15:27:42', '', NULL, 18, NULL, 281, NULL),
(649, 9, NULL, 5, 2, 25, 2, NULL, 1, '7T5L5C1', '2014-05-06', '0', '2014-05-06 15:28:26', '1.0 GB', NULL, 18, NULL, 281, NULL),
(650, 39, NULL, 5, 3, 25, 2, NULL, NULL, 'CN0M1619641804191HPH', '2014-05-06', '0', '2014-05-06 15:31:19', '', NULL, 18, NULL, 281, NULL),
(651, 2, NULL, 5, 2, 25, 2, NULL, 1, '7JT7CG1', '2014-05-06', '0', '2014-05-06 15:31:49', '1.0 GB', NULL, 18, NULL, 281, NULL),
(652, 7, NULL, 5, 2, 25, 2, NULL, 1, '5ZZFP61', '2014-05-06', '0', '2014-05-06 15:33:45', '1.0 GB', NULL, 18, NULL, 286, NULL),
(653, 51, NULL, 5, 3, 25, 2, NULL, NULL, 'CN0C5369641804BR1BAC', '2014-05-06', '0', '2014-05-06 15:34:34', '', NULL, 18, NULL, 286, NULL),
(654, 23, NULL, 5, 2, 25, 2, NULL, 1, 'H76N2D1', '2014-05-06', '0', '2014-05-06 15:36:58', '2.0GB', NULL, 18, NULL, 287, NULL),
(655, 51, NULL, 5, 3, 25, 2, NULL, NULL, 'CN0C5369641804BR1BGC', '2014-05-06', '0', '2014-05-06 15:37:46', '', NULL, 18, NULL, 287, NULL),
(656, 23, NULL, 5, 2, 25, 2, NULL, 1, '676N2D1', '2014-05-06', '0', '2014-05-06 15:41:03', '1.0 GB', NULL, 18, NULL, 288, NULL),
(657, 45, NULL, 5, 3, 25, 2, NULL, NULL, 'CN0CC6397287262D59KL', '2014-05-06', '0', '2014-05-06 15:44:04', '', NULL, 18, NULL, 288, NULL),
(658, 51, NULL, 5, 3, 25, 2, NULL, NULL, 'CN0C5369641804C10DS', '2014-05-06', '0', '2014-05-06 15:46:10', '', NULL, 18, NULL, 291, NULL),
(659, 7, NULL, 5, 2, 25, 2, NULL, 1, '5XVP771', '2014-05-06', '0', '2014-05-06 15:47:04', '1.0 GB', NULL, 18, NULL, 291, NULL),
(660, 51, NULL, 5, 3, 25, 2, NULL, NULL, 'CN0C5369641805171GMS', '2014-05-06', '0', '2014-05-06 15:49:09', '', NULL, 18, NULL, 297, NULL),
(661, 4, NULL, 5, 2, 25, 2, NULL, 1, 'HT72RL1', '2014-05-06', '0', '2014-05-06 15:49:55', '3.0GB', NULL, 18, NULL, 297, NULL),
(662, 84, NULL, 5, 2, 25, 2, NULL, 1, '7J6R8F1', '2014-05-06', '0', '2014-05-06 15:54:19', '3.5 GB', NULL, 2, NULL, 252, NULL),
(663, 16, NULL, 5, 5, 25, 4, NULL, 2, '2CE3101J2W', '2014-05-06', '0', '2014-05-06 15:55:38', '4.0 GB', NULL, 18, NULL, 303, NULL),
(664, 40, NULL, 5, 3, 25, 2, NULL, NULL, 'CN0WH318728726AD19E', '0000-00-00', '0', '2014-05-06 15:56:47', '', NULL, 2, NULL, 252, NULL),
(665, 24, NULL, 5, 3, 25, 2, NULL, NULL, 'CN06R6444780436CC0HZ', '2014-05-06', '0', '2014-05-06 15:57:37', '', NULL, 18, NULL, 304, NULL),
(666, 7, NULL, 5, 2, 25, 2, NULL, 1, '2PXFP61', '2014-05-06', '0', '2014-05-06 15:58:12', '1.0 GB', NULL, 18, NULL, 304, NULL),
(667, 9, NULL, 5, 2, 25, 2, NULL, 1, '704L5C1', '0000-00-00', '0', '2014-05-06 15:59:40', '1.0 GB', NULL, 2, NULL, 276, NULL),
(668, 40, NULL, 5, 3, 25, 2, NULL, NULL, 'CN0WH318728726AE0J8', '0000-00-00', '0', '2014-05-06 16:00:01', '1.0 GB', NULL, 2, NULL, 276, NULL),
(669, 51, NULL, 5, 3, 25, 2, NULL, NULL, 'CN0D5421466335461JEO', '2014-05-06', '0', '2014-05-06 16:00:09', '', NULL, 18, NULL, 305, NULL),
(670, 4, NULL, 5, 2, 25, 2, NULL, 1, '741DRL1', '0000-00-00', '0', '2014-05-06 16:00:31', '3.0 GB', NULL, 2, NULL, 277, NULL),
(671, 86, NULL, NULL, 2, 25, 2, NULL, 1, '1V36V91', '2014-05-06', '0', '2014-05-06 16:00:54', '1.0 GB', NULL, 18, NULL, 305, NULL),
(672, 52, NULL, 5, 3, 25, 2, NULL, NULL, 'CN0RY979742618154V4', '0000-00-00', '0', '2014-05-06 16:00:55', '3.0 GB', NULL, 2, NULL, 277, NULL),
(673, 4, NULL, 5, 2, 25, 2, NULL, 1, '742CRL', '0000-00-00', '0', '2014-05-06 16:02:34', '3.0 GB', NULL, 2, NULL, 278, NULL),
(674, 20, NULL, 5, 3, 25, 2, NULL, NULL, 'CN0X706H728729BU0KP', '0000-00-00', '0', '2014-05-06 16:03:20', '3.0 GB', NULL, 2, NULL, 278, NULL),
(675, 9, NULL, 5, 2, 25, 2, NULL, 1, 'H9QWC81', '0000-00-00', '0', '2014-05-06 16:03:47', '1.0 GB', NULL, 2, NULL, 279, NULL),
(676, 24, NULL, 5, 3, 25, 2, NULL, NULL, 'CN06R6444780437KL3NN', '2014-05-06', '0', '2014-05-06 16:03:51', '', NULL, 18, NULL, 306, NULL),
(677, 23, NULL, 5, 2, 25, 2, NULL, 1, '9S2L1D1', '2014-05-06', '0', '2014-05-06 16:04:26', '1.0 GB', NULL, 18, NULL, 306, NULL),
(678, 31, NULL, 5, 3, 25, 10, NULL, NULL, 'ZYGFH4LD700428', '0000-00-00', '0', '2014-05-06 16:04:28', '1.0 GB', NULL, 2, NULL, 279, NULL),
(679, 82, NULL, 5, 2, 25, 4, NULL, 2, 'MXL24408WV', '0000-00-00', '0', '2014-05-06 16:05:01', '4.0 GB', NULL, 2, NULL, 280, NULL),
(680, 53, NULL, 5, 3, 25, 11, NULL, NULL, 'MUL5022C008067', '0000-00-00', '0', '2014-05-06 16:05:21', '4.0 GB', NULL, 2, NULL, 280, NULL),
(681, 2, NULL, 2, 2, 25, 2, NULL, 1, 'JWK4GH1', '0000-00-00', '0', '2014-05-06 16:05:46', '4.0 GB', NULL, 2, NULL, NULL, NULL),
(682, 51, NULL, 5, 3, 25, 2, NULL, NULL, 'NS0C5369641804C30S0S', '2014-05-06', '0', '2014-05-06 16:07:08', '', NULL, 18, NULL, 307, NULL),
(683, 23, NULL, 5, 2, 25, 2, NULL, 1, '9GJ89C1', '2014-05-06', '0', '2014-05-06 16:07:42', '1.0 GB', NULL, 18, NULL, 307, NULL),
(684, 2, NULL, 5, 2, 25, 2, NULL, 1, '7LQHBF1', '0000-00-00', '0', '2014-05-06 16:09:05', '3.0 GB', NULL, 2, NULL, 282, NULL),
(685, 40, NULL, 5, 3, 25, 2, NULL, NULL, 'CN0WH318728726AE3W6', '0000-00-00', '0', '2014-05-06 16:09:23', '3.0 GB', NULL, 2, NULL, 282, NULL),
(686, 39, NULL, 5, 3, 25, 2, NULL, NULL, 'CN0M161964180419OJMH', '2014-05-06', '0', '2014-05-06 16:09:49', '', NULL, 18, NULL, 308, NULL),
(687, 14, NULL, 5, 5, 25, 4, NULL, 2, '2CE40212VJ', '0000-00-00', '0', '2014-05-06 16:10:07', '3.0 GB', NULL, 2, NULL, 282, NULL),
(688, 7, NULL, 5, 2, 25, 2, NULL, 1, 'DN6FP61', '2014-05-06', '0', '2014-05-06 16:10:27', '1.0 GB', NULL, 18, NULL, 308, NULL),
(689, 7, NULL, 3, 2, 25, 2, NULL, 1, '20SP761', '0000-00-00', '0', '2014-05-06 16:10:32', '2.0 GB', NULL, 2, NULL, NULL, 11),
(690, 51, NULL, 5, 3, 25, 2, NULL, NULL, 'CN0Y44137220149I09AL', '2014-05-06', '0', '2014-05-06 16:11:59', '', NULL, 18, NULL, 309, NULL),
(691, 7, NULL, 5, 2, 25, 2, NULL, 1, '6776W61', '2014-05-06', '0', '2014-05-06 16:12:34', '0.5 GB', NULL, 18, NULL, 309, NULL),
(692, 50, NULL, 5, 3, 25, 3, NULL, NULL, '309JE0543', '0000-00-00', '0', '2014-05-06 16:13:08', '2.0 GB', NULL, 2, NULL, 283, NULL),
(693, 16, NULL, 5, 5, 25, 4, NULL, 2, '2CE40212NC', '0000-00-00', '0', '2014-05-06 16:14:07', '4.0 GB', NULL, 2, NULL, 284, NULL),
(694, 51, NULL, 5, 3, 25, 2, NULL, NULL, 'CN0D54214663355D0R2L', '2014-05-06', '0', '2014-05-06 16:14:47', '', NULL, 18, NULL, 310, NULL),
(695, 30, NULL, 5, 2, 25, 4, NULL, 2, 'MXL34913VY', '0000-00-00', '0', '2014-05-06 16:14:57', '8.0 GB', NULL, 2, NULL, 285, NULL),
(696, 7, NULL, 5, 2, 25, 2, NULL, 1, 'H7X9Q71', '2014-05-06', '0', '2014-05-06 16:15:15', '1.0 GB', NULL, 18, NULL, 310, NULL),
(697, 51, NULL, 5, 3, 25, 2, NULL, NULL, 'CN0C5369641804C30AB', '0000-00-00', '0', '2014-05-06 16:15:16', '8.0 GB', NULL, 2, NULL, 285, NULL),
(698, 26, NULL, 5, 2, 25, 4, NULL, 2, 'MXL219163Z', '0000-00-00', '0', '2014-05-06 16:15:43', '3.5 GB', NULL, 2, NULL, 289, NULL),
(699, 85, NULL, 5, 3, 25, 2, NULL, NULL, 'MX0KC017466345B222J', '0000-00-00', '0', '2014-05-06 16:18:43', '', NULL, 2, NULL, 289, NULL),
(700, 61, NULL, 5, 5, 25, 2, NULL, 1, 'D40YLL1', '0000-00-00', '0', '2014-05-06 16:19:07', '4.0 GB', NULL, 2, NULL, 289, NULL),
(701, 30, NULL, 5, 2, 25, 4, NULL, 2, 'MXL34913S8', '0000-00-00', '0', '2014-05-06 16:19:49', '8.0 GB', NULL, 2, NULL, 290, NULL),
(702, 31, NULL, 5, 3, 25, 10, NULL, NULL, 'ZYGFH4LD700440', '0000-00-00', '0', '2014-05-06 16:20:28', '8.0 GB', NULL, 2, NULL, 290, NULL),
(703, 23, NULL, 5, 2, 25, 2, NULL, 1, '7LZFLC1', '0000-00-00', '0', '2014-05-06 16:21:03', '3.0 GB', NULL, 2, NULL, 290, NULL),
(704, 39, NULL, 5, 3, 25, 2, NULL, NULL, 'CN0M16196418042R0XA', '0000-00-00', '0', '2014-05-06 16:21:21', '3.0 GB', NULL, 2, NULL, 290, NULL),
(705, 30, NULL, 5, 2, 25, 4, NULL, 2, 'MXL34013X5', '0000-00-00', '0', '2014-05-06 16:21:57', '8.0 GB', NULL, 2, NULL, 292, NULL),
(706, 20, NULL, 5, 3, 25, 2, NULL, NULL, 'CN0X706H728720561L3', '0000-00-00', '0', '2014-05-06 16:22:11', '8.0 GB', NULL, 2, NULL, 292, NULL),
(707, 23, NULL, NULL, 2, 25, 2, NULL, 2, '7NWNRC1', '2014-05-07', '0', '2014-05-06 16:23:37', '12.0 GB', NULL, 2, NULL, 293, NULL),
(708, 20, NULL, 5, 3, 25, 2, NULL, NULL, 'CN0N300H641800CG12R', '0000-00-00', '0', '2014-05-06 16:24:11', '12.0 GB', NULL, 2, NULL, 293, NULL),
(709, 4, NULL, 5, 2, 25, 2, NULL, 1, 'JH5NLM1', '0000-00-00', '0', '2014-05-06 16:28:29', '3.5 GB', NULL, 2, NULL, 294, NULL),
(710, 20, NULL, 5, 3, 25, 2, NULL, NULL, 'CN0N300H64180046042', '0000-00-00', '0', '2014-05-06 16:28:48', '3.5 GB', NULL, 2, NULL, 294, NULL),
(711, 4, NULL, 5, 2, 25, 2, NULL, 1, 'HT74QL1', '0000-00-00', '0', '2014-05-06 16:29:12', '3.0 GB', NULL, 2, NULL, 295, NULL),
(712, 42, NULL, 5, 3, 25, 2, NULL, NULL, 'CN0RNMH67444501H433', '0000-00-00', '0', '2014-05-06 16:29:37', '3.0 GB', NULL, 2, NULL, 295, NULL),
(713, 4, NULL, 5, 2, 25, 2, NULL, 2, 'HW4RKM1', '0000-00-00', '0', '2014-05-06 16:30:03', '4.0 GB', NULL, 2, NULL, 296, NULL),
(714, 20, NULL, 5, 3, 25, 2, NULL, NULL, 'CN0X706H7287205618J', '0000-00-00', '0', '2014-05-06 16:30:25', '4.0 GB', NULL, 2, NULL, 296, NULL),
(715, 7, NULL, 5, 2, 25, 2, NULL, 1, '2DLRW71', '0000-00-00', '0', '2014-05-06 16:32:48', '1.0 GB', NULL, 2, NULL, 298, NULL),
(716, 51, NULL, 5, 3, 25, 2, NULL, NULL, 'CN0D54214663355D1LW', '0000-00-00', '0', '2014-05-06 16:33:03', '1.0 GB', NULL, 2, NULL, 298, NULL),
(717, 23, NULL, 5, 2, 25, 2, NULL, 1, '7H6R8F1', '0000-00-00', '0', '2014-05-06 16:33:29', '3.0 GB', NULL, 2, NULL, 299, NULL),
(718, 51, NULL, 5, 3, 25, 2, NULL, NULL, 'CN0C53696418052G2T8', '0000-00-00', '0', '2014-05-06 16:33:42', '3.0 GB', NULL, 2, NULL, 299, NULL),
(719, 38, NULL, 5, 2, 25, 2, NULL, 2, '3GQW9P1', '0000-00-00', '0', '2014-05-06 16:33:58', '3.0 GB', NULL, 2, NULL, 300, NULL),
(720, 51, NULL, 5, 3, 25, 2, NULL, NULL, 'CN0Y44137220149I0N9', '0000-00-00', '0', '2014-05-06 16:34:13', '3.0 GB', NULL, 2, NULL, 300, NULL),
(721, 38, NULL, 5, 2, 25, 2, NULL, 2, '3GR6BP1', '0000-00-00', '0', '2014-05-06 16:34:50', '3.0 GB', NULL, 2, NULL, 301, NULL),
(722, 45, NULL, 5, 3, 25, 2, NULL, NULL, 'CN0CC6397287262D3L7', '0000-00-00', '0', '2014-05-06 16:35:15', '3.0 GB', NULL, 2, NULL, 301, NULL),
(723, 30, NULL, 5, 2, 25, 4, NULL, 2, 'MXL34912QD', '0000-00-00', '0', '2014-05-06 16:35:36', '4.0 GB', NULL, 2, NULL, 302, NULL),
(724, 51, NULL, 5, 3, 25, 2, NULL, NULL, 'CN0D54214663351K3KW', '0000-00-00', '0', '2014-05-06 16:35:52', '4.0 GB', NULL, 2, NULL, 302, NULL),
(725, 37, NULL, 2, 3, 25, 2, NULL, NULL, 'CN0FP8167426184S13P', '2014-05-06', '0', '2014-05-06 16:54:04', '', NULL, 18, NULL, NULL, NULL),
(726, 9, NULL, 2, 2, 25, 2, NULL, 1, 'BVJWC81', '2014-05-06', '0', '2014-05-06 16:54:39', '1.0 GB', NULL, 18, NULL, NULL, NULL),
(727, 82, NULL, 2, 2, 25, 4, NULL, 2, 'MXL3230Z0Q', '2014-05-06', '0', '2014-05-06 17:01:11', '4.0 GB', NULL, 18, NULL, NULL, NULL),
(728, 37, NULL, 2, 3, 25, 2, NULL, NULL, 'CN0FP8164663377G7WHU', '2014-05-06', '0', '2014-05-06 17:01:45', '', NULL, 18, NULL, NULL, NULL),
(729, 51, NULL, 3, 3, 25, 2, NULL, NULL, 'CN0Y4413722014B51F5L', '2014-05-06', '0', '2014-05-06 17:02:16', '', NULL, 18, NULL, NULL, 15),
(730, 78, NULL, 5, 2, 25, 12, NULL, 9, 'SC07KP0SNDWYM', '2014-05-06', '0', '2014-05-06 17:14:19', '4.0 GB', NULL, 18, NULL, 191, NULL),
(731, 88, NULL, 5, 5, 25, 2, NULL, 1, 'B3NWNJ1', '2014-05-06', '0', '2014-05-06 17:30:26', '1.0 GB', NULL, 18, NULL, 269, NULL),
(732, 89, NULL, 5, 5, 25, 2, NULL, 1, 'F3NWNJ1', '2014-05-06', '0', '2014-05-06 17:30:55', '1.0 GB', NULL, 18, NULL, 271, NULL),
(733, 20, NULL, 2, 3, 25, 2, NULL, NULL, 'CN0X706H728729BK0F2L', '2014-05-06', '0', '2014-05-06 17:37:54', '', NULL, 18, NULL, NULL, NULL),
(734, 23, NULL, 2, 2, 25, 2, NULL, 1, 'JKZFLC1', '2014-05-06', '0', '2014-05-06 17:38:35', '3.0 GB', NULL, 18, NULL, NULL, NULL),
(735, 40, NULL, 5, 3, 25, 2, NULL, NULL, 'CN0WH318728726AE0JAU', '2014-05-06', '0', '2014-05-06 17:40:59', '', NULL, 18, NULL, 311, NULL),
(736, 4, NULL, 5, 2, 25, 2, NULL, 2, '1T4JNL1', '2014-05-06', '0', '2014-05-06 17:41:36', '4.0 GB', NULL, 18, NULL, 311, NULL),
(737, 20, NULL, 5, 3, 25, 2, NULL, NULL, 'SN0X706H728729BU2TPL', '2014-05-06', '0', '2014-05-06 17:51:23', '', NULL, 18, NULL, 110, NULL),
(738, 4, NULL, 5, 2, 25, 2, NULL, 2, 'HT4XQL1', '2014-05-06', '0', '2014-05-06 17:51:59', '3.0 GB', NULL, 18, NULL, 110, NULL),
(739, 9, NULL, 5, 2, 25, 2, NULL, 1, 'DZ7GNB1', '2014-05-06', '0', '2014-05-06 19:50:05', '2.0GB', NULL, 18, NULL, 81, NULL),
(740, 39, NULL, 5, 3, 25, 2, NULL, NULL, 'CN0M16196418044U2LYH', '2014-05-06', '0', '2014-05-06 19:50:40', '', NULL, 18, NULL, 81, NULL),
(741, 9, NULL, 2, 2, 25, 2, NULL, 2, '4PJ6V91', '2014-05-06', '0', '2014-05-06 19:57:26', '2.0GB', NULL, 18, NULL, NULL, NULL),
(742, 51, NULL, 2, 3, 25, 2, NULL, NULL, 'CN0C5369641804980D1H', '2014-05-06', '0', '2014-05-06 19:58:53', '', NULL, 18, NULL, NULL, NULL),
(743, 38, NULL, 5, 2, 25, 2, NULL, 2, '3LPW9P1', '2014-05-06', '0', '2014-05-06 20:08:28', '4.0 GB', NULL, 8, NULL, 43, NULL),
(744, 90, NULL, 2, 5, 25, 12, NULL, 10, 'C02LKFP1FD57', '2014-05-06', '0', '2014-05-06 21:36:24', '16.0 GB', NULL, 18, NULL, NULL, NULL),
(745, 91, NULL, 2, 2, 25, 12, NULL, 11, 'G88381KKXYK', '2014-05-06', '0', '2014-05-06 21:38:12', '10.0 GB', NULL, 18, NULL, NULL, NULL),
(746, 92, NULL, 2, 3, 25, 12, NULL, NULL, '2A5242AAPKK', '2014-05-06', '0', '2014-05-06 21:38:39', '', NULL, 18, NULL, NULL, NULL),
(747, 92, NULL, 2, 3, 25, 12, NULL, NULL, '2A6315RQUF', '2014-05-06', '0', '2014-05-06 21:39:07', '', NULL, 18, NULL, NULL, NULL),
(748, 93, NULL, 2, 2, 25, 12, NULL, 11, 'G871413SUK2', '2014-05-06', '0', '2014-05-06 21:40:29', '8.0 GB', NULL, 18, NULL, NULL, NULL),
(749, 92, NULL, 2, 3, 25, 12, NULL, NULL, '2A7240NJXMM', '2014-05-06', '0', '2014-05-06 21:41:04', '', NULL, 18, NULL, NULL, NULL),
(750, 90, NULL, 2, 5, 25, 12, NULL, 10, 'C02NKFJ7FD57 ', '2014-05-06', '0', '2014-05-06 21:43:02', '16. GB', NULL, 18, NULL, NULL, NULL),
(751, 92, NULL, 2, 3, 25, 12, NULL, NULL, '1239WEE', '2014-05-06', '0', '2014-05-06 21:45:30', '', NULL, 18, NULL, NULL, NULL),
(752, 90, NULL, 2, 5, 25, 12, NULL, 10, 'C02LKN0FFD56', '2014-05-06', '0', '2014-05-06 21:46:28', '8.0 GB', NULL, 18, NULL, NULL, NULL),
(753, 94, NULL, 2, 2, 25, 12, NULL, 12, 'G8852115UQ2', '2014-05-06', '0', '2014-05-06 21:48:09', '8.0 GB', NULL, 18, NULL, NULL, NULL),
(754, 95, NULL, 2, 3, 25, 12, NULL, NULL, 'C02FH2YSDHJN', '2014-05-06', '0', '2014-05-06 21:48:57', '', NULL, 18, NULL, NULL, NULL),
(755, 38, NULL, 5, 2, 25, 2, NULL, 2, '3LR4BP1', '2014-05-06', '0', '2014-05-06 22:06:07', '4.0 GB', NULL, 17, NULL, 318, NULL),
(756, 20, NULL, 5, 3, 25, 2, NULL, NULL, 'CN0N300H641800CG11HL', '2014-05-06', '0', '2014-05-06 22:06:30', '', NULL, 17, NULL, 318, NULL),
(757, 76, NULL, 2, 3, 25, 2, NULL, NULL, 'CN0CC6397287262D5A8L', '2014-05-06', '0', '2014-05-06 22:36:18', '', NULL, 17, NULL, NULL, NULL),
(758, 30, NULL, 2, 2, 25, 4, NULL, 2, 'MXL33718GQ', '2014-05-06', '0', '2014-05-06 22:36:58', '4.0 GB', NULL, 17, NULL, NULL, NULL),
(759, 82, NULL, 2, 2, 25, 4, NULL, 2, 'MXL3141D3V', '2014-05-06', '0', '2014-05-06 22:38:21', '4.0 GB', NULL, 17, NULL, NULL, NULL),
(760, 85, NULL, 5, 3, 25, 2, NULL, NULL, 'CN0CC6397287262D3L1L', '2014-05-06', '0', '2014-05-06 22:40:05', '', NULL, 18, NULL, 247, NULL),
(761, 39, NULL, 5, 3, 25, 2, NULL, NULL, 'CN0M16196418041S0WBS', '2014-05-06', '0', '2014-05-06 22:40:42', '', NULL, 17, NULL, 323, NULL),
(762, 30, NULL, 5, 2, 25, 4, NULL, 2, 'MXL33718DD', '2014-05-06', '0', '2014-05-06 22:41:02', '4.0 GB', NULL, 17, NULL, 323, NULL),
(763, 38, NULL, 5, 2, 25, 2, NULL, 2, '3GTW9P1', '2014-05-06', '0', '2014-05-06 22:44:53', '6.0 GB', NULL, 18, NULL, 324, NULL),
(764, 36, NULL, 2, 3, 25, 2, NULL, NULL, 'CL0U47957161856FG831', '2014-05-06', '0', '2014-05-06 22:45:04', '', NULL, 17, NULL, NULL, NULL),
(765, 37, NULL, 5, 3, 25, 2, NULL, NULL, 'CN0FP8167426183NCR7L', '2014-05-06', '0', '2014-05-06 22:45:22', '', NULL, 18, NULL, 324, NULL),
(766, 82, NULL, 2, 2, 25, 4, NULL, 2, 'MXL24408WD', '2014-05-06', '0', '2014-05-06 22:45:37', '4.0 GB', NULL, 17, NULL, NULL, NULL),
(767, 38, NULL, 5, 2, 25, 2, NULL, 2, '3LR3BP1', '2014-05-06', '0', '2014-05-06 22:46:58', '6.0 GB', NULL, 18, NULL, 325, NULL),
(768, 20, NULL, 5, 3, 25, 2, NULL, NULL, 'CN0N300H641800CG11NL', '2014-05-06', '0', '2014-05-06 22:48:20', '', NULL, 18, NULL, 325, NULL),
(769, 38, NULL, 5, 2, 25, 2, NULL, 2, '3GW5BP1', '2014-05-06', '0', '2014-05-06 22:49:39', '6.0 GB', NULL, 18, NULL, 326, NULL),
(770, 20, NULL, 5, 3, 25, 2, NULL, NULL, 'CN0N300H641800CG1P3L', '2014-05-06', '0', '2014-05-06 22:50:19', '', NULL, 18, NULL, 326, NULL),
(771, 92, NULL, 2, 3, 25, 12, NULL, NULL, '2A6315R0UF', '2014-05-07', '0', '2014-05-07 14:19:10', '', NULL, 18, NULL, NULL, NULL),
(772, 38, NULL, 5, 2, 25, 2, NULL, 2, '3GR8BP1', '2014-05-07', '0', '2014-05-07 14:57:37', '6.0 GB', NULL, 18, NULL, 327, NULL),
(773, 20, NULL, 5, 3, 25, 2, NULL, NULL, 'CN0N300H641800CG1PKL', '2014-05-07', '0', '2014-05-07 14:58:06', '', NULL, 18, NULL, 327, NULL),
(774, 4, NULL, 5, 2, 25, 2, NULL, 2, 'HT54QL1', '2014-05-07', '0', '2014-05-07 14:59:42', '6.0 GB', NULL, 18, NULL, 328, NULL),
(775, 45, NULL, 5, 3, 25, 2, NULL, NULL, 'CN0MC0406418062S0RQS', '2014-05-07', '0', '2014-05-07 15:00:23', '', NULL, 18, NULL, 328, NULL),
(776, 38, NULL, 5, 2, 25, 2, NULL, 2, '3LQT9P1', '2014-05-07', '0', '2014-05-07 15:02:21', '6.0 GB', NULL, 18, NULL, 329, NULL),
(777, 20, NULL, 5, 3, 25, 2, NULL, NULL, 'CN0N300H641800CG11FL', '2014-05-07', '0', '2014-05-07 15:02:58', '', NULL, 18, NULL, 329, NULL),
(778, 23, NULL, 2, 2, 25, 2, NULL, 1, '956M2D1', '2014-05-07', '0', '2014-05-07 15:05:34', '2.0GB', NULL, 18, NULL, NULL, NULL),
(779, 55, NULL, 2, 3, 25, 2, NULL, NULL, 'CN0D5428722014C52DJL', '2014-05-07', '0', '2014-05-07 15:06:08', '', NULL, 18, NULL, NULL, NULL),
(780, 26, NULL, 5, 2, 25, 4, NULL, 2, 'MXL219164C', '2014-05-07', '0', '2014-05-07 15:11:22', '6.0 GB', NULL, 18, NULL, 331, NULL),
(781, 51, NULL, 5, 3, 25, 2, NULL, NULL, 'CN0Y4413728725591NHL', '2014-05-07', '0', '2014-05-07 15:12:06', '', NULL, 18, NULL, 331, NULL),
(782, 17, NULL, 2, 5, 25, 4, NULL, 2, 'CNF125092W', '2014-05-07', '0', '2014-05-07 15:14:55', '8.0 GB', NULL, 18, NULL, NULL, NULL),
(783, 4, NULL, 5, 2, 25, 2, NULL, 2, '744DRL1', '2014-05-07', '0', '2014-05-07 15:18:59', '2.0 GB', NULL, 18, NULL, 333, NULL),
(784, 20, NULL, 5, 3, 25, 2, NULL, NULL, 'CN0X706H728729B22DEL', '2014-05-07', '0', '2014-05-07 15:19:37', '', NULL, 18, NULL, 333, NULL),
(785, 16, NULL, 2, 5, 25, 4, NULL, 2, '2CE3101J2Y', '2014-05-07', '0', '2014-05-07 15:22:32', '8.0 GB', NULL, 18, NULL, NULL, NULL);
INSERT INTO `equipogeneral` (`id`, `idModelo`, `idProveedores`, `idEstatus`, `idTipoEquipo`, `idHotel`, `idMarca`, `idTamano`, `idSitemaOperativo`, `numeroSerie`, `fechaCompra`, `factura`, `fechaIngreso`, `memoria`, `nombrePC`, `capturaColaboradorId`, `idHotelCambio`, `resguardo_idresguardo`, `idPrestamo`) VALUES
(786, 82, NULL, 2, 2, 25, 4, NULL, NULL, 'MXL33718GL', '2014-05-07', '0', '2014-05-07 15:23:47', '', NULL, 18, NULL, NULL, NULL),
(787, 30, NULL, 2, 2, 25, 4, NULL, 2, 'MXL34117FQ', '2014-05-07', '0', '2014-05-07 15:25:36', '4.0 GB', NULL, 18, NULL, NULL, NULL),
(788, 38, NULL, 2, 2, 25, 2, NULL, 2, '3LQS9P1', '2014-05-07', '0', '2014-05-07 15:26:59', '4.0 GB', NULL, 18, NULL, NULL, NULL),
(789, 12, NULL, 2, 3, 25, 2, NULL, NULL, 'CN0N300H641800BU0BFL', '2014-05-07', '0', '2014-05-07 15:28:42', '', NULL, 18, NULL, NULL, NULL),
(790, 65, NULL, 5, 5, 25, 4, NULL, 3, 'CNU334BC20', '2014-05-07', '0', '2014-05-07 15:33:17', '8.0 GB', NULL, 18, NULL, 335, NULL),
(791, 96, NULL, 5, 3, 25, 2, NULL, NULL, 'CN0FP8167426181P23RL', '2014-05-07', '0', '2014-05-07 15:36:36', '', NULL, 18, NULL, 335, NULL),
(792, 46, NULL, 5, 3, 25, 2, NULL, NULL, 'CN0R289D7161884NFRBU', '2014-05-07', '0', '2014-05-07 15:37:24', '', NULL, 18, NULL, 335, NULL),
(793, 46, NULL, 5, 3, 25, 2, NULL, NULL, 'CN0R289D7161884NFRFU', '2014-05-07', '0', '2014-05-07 15:38:13', '', NULL, 18, NULL, 335, NULL),
(794, 38, NULL, 2, 2, 25, 2, NULL, 2, '3LR7BP1', '2014-05-07', '0', '2014-05-07 15:40:10', '4.0 GB', NULL, 18, NULL, NULL, NULL),
(795, 37, NULL, 2, 3, 25, 2, NULL, NULL, 'CN0FP816742617B52GT', '2014-05-07', '0', '2014-05-07 15:40:43', '', NULL, 18, NULL, NULL, NULL),
(796, 30, NULL, 5, 2, 25, 4, NULL, 2, 'MXL24408W2', '2014-05-07', '0', '2014-05-07 15:42:08', '4.0 GB', NULL, 18, NULL, 336, NULL),
(797, 20, NULL, 5, 3, 25, 2, NULL, NULL, 'CN0N300H641800CG12S', '2014-05-07', '0', '2014-05-07 15:42:32', '', NULL, 18, NULL, 336, NULL),
(798, 20, NULL, 5, 3, 25, 2, NULL, NULL, 'CN0N300H641800CG11P', '2014-05-07', '0', '2014-05-07 15:44:09', '', NULL, 18, NULL, 337, NULL),
(799, 38, NULL, 5, 2, 25, 2, NULL, 2, '3GSV9P1', '2014-05-07', '0', '2014-05-07 15:44:44', '4.0 GB', NULL, 18, NULL, 337, NULL),
(800, 4, NULL, 5, 2, 25, 2, NULL, 2, 'HT6YQL1', '2014-05-07', '0', '2014-05-07 15:46:27', '4.0 GB', NULL, 18, NULL, 338, NULL),
(801, 20, NULL, 5, 3, 25, 2, NULL, NULL, 'CN0N300H641800AF1R0', '2014-05-07', '0', '2014-05-07 15:46:55', '', NULL, 18, NULL, 338, NULL),
(802, 4, NULL, 5, 2, 25, 2, NULL, 2, 'JH3WLM1', '2014-05-07', '0', '2014-05-07 15:48:27', '4.0 GB', NULL, 18, NULL, 339, NULL),
(803, 51, NULL, 5, 3, 25, 2, NULL, NULL, 'CN0Y4413728725631Y9', '2014-05-07', '0', '2014-05-07 15:49:08', '', NULL, 18, NULL, 339, NULL),
(804, 30, NULL, 5, 2, 25, 4, NULL, 2, 'MXL337189B', '2014-05-07', '0', '2014-05-07 15:51:14', '4.0 GB', NULL, 18, NULL, 340, NULL),
(805, 40, NULL, 5, 3, 25, 2, NULL, NULL, 'CN0UH5724663368Q5G3', '2014-05-07', '0', '2014-05-07 15:52:41', '', NULL, 18, NULL, 340, NULL),
(806, 30, NULL, 5, 2, 25, 4, NULL, 2, 'MXL3371J9S', '2014-05-07', '0', '2014-05-07 16:11:44', '4.0 GB', NULL, 18, NULL, 342, NULL),
(807, 37, NULL, 5, 3, 25, 2, NULL, NULL, 'CN0C552H7287289A7YUL', '2014-05-07', '0', '2014-05-07 16:12:09', '', NULL, 18, NULL, 342, NULL),
(808, 40, NULL, 5, 3, 25, 2, NULL, NULL, 'CN0NJ1747373174Q3TV8', '2014-05-07', '0', '2014-05-07 16:12:32', '', NULL, 18, NULL, 342, NULL),
(809, 65, NULL, 5, 5, 25, 4, NULL, 2, 'CNU3079ZRC', '2014-05-07', '0', '2014-05-07 16:30:02', '8.0 GB', NULL, 8, NULL, 133, NULL),
(810, 4, NULL, NULL, 2, 5, 2, NULL, 2, '3GYSPL1', '2014-05-07', '0', '2014-05-07 17:19:43', '3.0 GB', NULL, 17, NULL, 344, NULL),
(811, 51, NULL, NULL, 3, 5, 2, NULL, NULL, 'CN0C5369641804C1048C', '2014-05-07', '0', '2014-05-07 17:20:06', '', NULL, 2, NULL, 344, NULL),
(812, 7, NULL, 2, 2, 5, 2, NULL, 1, '7RD1J61', '2014-05-07', '0', '2014-05-07 17:20:34', '0.5 GB', NULL, 2, NULL, NULL, NULL),
(813, 24, NULL, 2, 3, 5, 2, NULL, NULL, 'CN0C53696418051839US', '2014-05-07', '0', '2014-05-07 17:20:57', '0.5 GB', NULL, 2, NULL, NULL, NULL),
(814, 97, NULL, 2, 5, 5, 4, NULL, 6, 'CNF83537JG', '2014-05-07', '0', '2014-05-07 17:25:35', '4.0 GB', NULL, 2, NULL, NULL, NULL),
(815, 4, NULL, 5, 2, 25, 2, NULL, 1, 'HT4WQL1', '2014-05-07', '0', '2014-05-07 17:26:25', '4.0 GB', NULL, 18, NULL, 347, NULL),
(816, 40, NULL, 5, 3, 25, 2, NULL, NULL, 'CN0UH572466336BU7H7L', '2014-05-07', '0', '2014-05-07 17:26:47', '', NULL, 18, NULL, 347, NULL),
(817, 7, NULL, 2, 2, 5, 2, NULL, 1, '89LRV71', '2014-05-07', '0', '2014-05-07 17:27:32', '0.5 GB', NULL, 2, NULL, NULL, NULL),
(818, 51, NULL, 2, 3, 5, 2, NULL, NULL, 'CN0Y44137287255P0LML', '2014-05-07', '0', '2014-05-07 17:27:48', '0.5 GB', NULL, 2, NULL, NULL, NULL),
(819, 6, NULL, 2, 2, 25, 2, NULL, 1, '49PC851', '2014-05-07', '0', '2014-05-07 17:28:16', '0.5 GB', NULL, 18, NULL, NULL, NULL),
(820, 6, NULL, NULL, 2, 5, 2, NULL, 1, 'GJ3TP31', '2014-05-07', '0', '2014-05-07 17:28:25', '0.5 GB', NULL, 2, NULL, 345, NULL),
(821, 50, NULL, 2, 3, 25, 3, NULL, NULL, '309JE05525', '2014-05-07', '0', '2014-05-07 17:28:37', '', NULL, 18, NULL, NULL, NULL),
(822, 39, NULL, NULL, 3, 5, 2, NULL, NULL, 'CN0M16196418044U2DMH', '2014-05-07', '0', '2014-05-07 17:28:53', '0.5 GB', NULL, 2, NULL, 345, NULL),
(823, 9, NULL, NULL, 2, 5, 2, NULL, 1, 'H04L5C1', '2014-05-07', '0', '2014-05-07 17:29:27', '0.5 GB', NULL, 2, NULL, 346, NULL),
(824, 51, NULL, NULL, 3, 5, 2, NULL, NULL, 'CN0C53696418051838RS', '2014-05-07', '0', '2014-05-07 17:29:49', '0.5 GB', NULL, 2, NULL, 346, NULL),
(825, 2, NULL, 2, 2, 25, 2, NULL, 1, 'CN3BLH1', '2014-05-07', '0', '2014-05-07 17:30:11', '2.0 GB', NULL, 18, NULL, NULL, NULL),
(826, 51, NULL, 2, 3, 25, 2, NULL, NULL, 'CN0Y4413728725592F3L', '2014-05-07', '0', '2014-05-07 17:30:41', '', NULL, 18, NULL, NULL, NULL),
(827, 48, NULL, 2, 2, 25, 2, NULL, 1, '3X3L5C1', '2014-05-07', '0', '2014-05-07 17:31:30', '1.0 GB', NULL, 18, NULL, NULL, NULL),
(828, 39, NULL, 2, 3, 25, 2, NULL, NULL, 'CN0M16196418041S1HXC', '2014-05-07', '0', '2014-05-07 17:32:00', '', NULL, 18, NULL, NULL, NULL),
(829, 82, NULL, 2, 2, 5, 4, NULL, 2, 'MXL3061ZK9', '2014-05-07', '0', '2014-05-07 20:03:25', '4.0 GB', NULL, 18, NULL, NULL, NULL),
(830, 24, NULL, 2, 3, 5, 2, NULL, NULL, 'CN06R64447804366C0JG', '2014-05-07', '0', '2014-05-07 20:03:49', '', NULL, 18, NULL, NULL, NULL),
(831, 80, NULL, 2, 2, 5, 4, NULL, 2, 'MXL1220NFB', '2014-05-07', '0', '2014-05-07 20:05:10', '4.0 GB', NULL, 18, NULL, NULL, NULL),
(832, 4, NULL, 2, 2, 5, 2, NULL, 2, 'C9HXMM1', '2014-05-07', '0', '2014-05-07 20:05:16', '4.0 GB', NULL, 2, NULL, NULL, NULL),
(833, 39, NULL, 2, 3, 5, 2, NULL, NULL, 'MX0N2363483234553WJL', '2014-05-07', '0', '2014-05-07 20:05:32', '', NULL, 18, NULL, NULL, NULL),
(834, 40, NULL, 2, 3, 5, 2, NULL, NULL, 'CN0WH318728726AD3JN', '2014-05-07', '0', '2014-05-07 20:05:33', '4.0 GB', NULL, 2, NULL, NULL, NULL),
(835, 4, NULL, 2, 2, 5, 2, NULL, 1, 'HT2XQL', '2014-05-07', '0', '2014-05-07 20:05:56', '4.0 GB', NULL, 2, NULL, NULL, NULL),
(836, 45, NULL, 2, 3, 5, 2, NULL, NULL, 'CN0T99984663362B957', '2014-05-07', '0', '2014-05-07 20:06:15', '4.0 GB', NULL, 2, NULL, NULL, NULL),
(837, 24, NULL, 2, 3, 5, 2, NULL, NULL, 'CN06R6444780437KN28', '2014-05-07', '0', '2014-05-07 20:06:57', '4.0 GB', NULL, 2, NULL, NULL, NULL),
(838, 2, NULL, 2, 2, 5, 2, NULL, 1, 'BN5XQG1', '2014-05-07', '0', '2014-05-07 20:09:50', '1.0 GB', NULL, 18, NULL, NULL, NULL),
(839, 50, NULL, 2, 3, 5, 3, NULL, NULL, '309JE05523', '2014-05-07', '0', '2014-05-07 20:10:23', '', NULL, 18, NULL, NULL, NULL),
(840, 2, NULL, 2, 2, 5, 2, NULL, 1, '975VCG1', '2014-05-07', '0', '2014-05-07 20:12:13', '1.0 GB', NULL, 18, NULL, NULL, NULL),
(841, 51, NULL, 2, 3, 5, 2, NULL, NULL, 'CN0C5369641804C10A1C', '2014-05-07', '0', '2014-05-07 20:12:45', '', NULL, 18, NULL, NULL, NULL),
(842, 2, NULL, 2, 2, 5, 2, NULL, 1, 'FD9UVCG1', '2014-05-07', '0', '2014-05-07 20:13:44', '1.0 GB', NULL, 18, NULL, NULL, NULL),
(843, 51, NULL, 2, 3, 5, 2, NULL, NULL, 'CN0C5369641805171VNS', '2014-05-07', '0', '2014-05-07 20:14:40', '', NULL, 18, NULL, NULL, NULL),
(844, 82, NULL, 2, 2, 5, 4, NULL, 2, 'MXL24907V', '2014-05-07', '0', '2014-05-07 20:15:01', '4.0 GB', NULL, 2, NULL, NULL, NULL),
(845, 39, NULL, 2, 3, 5, 2, NULL, NULL, 'CN0M16196418043F6VH', '2014-05-07', '0', '2014-05-07 20:15:21', '4.0 GB', NULL, 2, NULL, NULL, NULL),
(846, 82, NULL, 2, 2, 5, 4, NULL, 2, 'MXL24907W8', '2014-05-07', '0', '2014-05-07 20:15:44', '4.0 GB', NULL, 2, NULL, NULL, NULL),
(847, 98, NULL, 2, 3, 5, 9, NULL, NULL, 'T6N13040367', '2014-05-07', '0', '2014-05-07 20:16:59', '4.0 GB', NULL, 2, NULL, NULL, NULL),
(848, 4, NULL, 2, 2, 5, 2, NULL, 1, 'F57TNM1', '2014-05-07', '0', '2014-05-07 20:17:23', '4.0 GB', NULL, 2, NULL, NULL, NULL),
(849, 82, NULL, 2, 2, 5, 4, NULL, 2, 'MXL302271X', '2014-05-07', '0', '2014-05-07 20:17:39', '4.0 GB', NULL, 18, NULL, NULL, NULL),
(850, 45, NULL, 2, 3, 5, 2, NULL, NULL, 'CN0CC639728725B9732S', '2014-05-07', '0', '2014-05-07 20:18:07', '', NULL, 18, NULL, NULL, NULL),
(851, 38, NULL, 2, 2, 5, 2, NULL, 2, '3GPV9P1', '2014-05-07', '0', '2014-05-07 20:19:41', '4.0 GB', NULL, 18, NULL, NULL, NULL),
(852, 39, NULL, 2, 3, 5, 2, NULL, NULL, 'CN0M1619641803CR0T4L', '2014-05-07', '0', '2014-05-07 20:20:08', '', NULL, 18, NULL, NULL, NULL),
(853, 38, NULL, 2, 2, 5, 2, NULL, 2, '3GQ4BP1', '2014-05-07', '0', '2014-05-07 20:20:48', '4.0 GB', NULL, 18, NULL, NULL, NULL),
(854, 35, NULL, 2, 3, 5, 4, NULL, NULL, '6CM2490VCN', '2014-05-07', '0', '2014-05-07 20:21:16', '', NULL, 18, NULL, NULL, NULL),
(855, 26, NULL, 2, 2, 5, 4, NULL, 2, 'MXL219163M', '2014-05-07', '0', '2014-05-07 20:22:29', '4.0 GB', NULL, 18, NULL, NULL, NULL),
(856, 35, NULL, 2, 3, 5, 4, NULL, NULL, '6CM2490VCY', '2014-05-07', '0', '2014-05-07 20:22:54', '', NULL, 18, NULL, NULL, NULL),
(857, 80, NULL, 2, 2, 5, 4, NULL, 2, 'MXL1220N8C', '2014-05-07', '0', '2014-05-07 20:23:54', '4.0 GB', NULL, 18, NULL, NULL, NULL),
(858, 35, NULL, 2, 3, 5, 4, NULL, NULL, '6CM2490VJB', '2014-05-07', '0', '2014-05-07 20:24:28', '', NULL, 18, NULL, NULL, NULL),
(859, 26, NULL, 2, 2, 5, 4, NULL, 2, 'MXL219163J', '2014-05-07', '0', '2014-05-07 20:25:06', '4.0 GB', NULL, 18, NULL, NULL, NULL),
(860, 36, NULL, 2, 3, 5, 2, NULL, NULL, 'CN0U47957161857FG78', '2014-05-07', '0', '2014-05-07 20:25:29', '4.0 GB', NULL, 2, NULL, NULL, NULL),
(861, 64, NULL, 2, 3, 5, 10, NULL, NULL, 'ZUMLHTKD201315T', '2014-05-07', '0', '2014-05-07 20:25:56', '', NULL, 18, NULL, NULL, NULL),
(862, 98, NULL, 2, 3, 5, 9, NULL, NULL, 'T6N13040368', '2014-05-07', '0', '2014-05-07 20:26:01', '4.0 GB', NULL, 2, NULL, NULL, NULL),
(863, 82, NULL, 2, 2, 5, 4, NULL, 2, 'MXM80B6G', '2014-05-07', '0', '2014-05-07 20:26:16', '4.0 GB', NULL, 2, NULL, NULL, NULL),
(864, 4, NULL, 2, 2, 5, 2, NULL, 1, 'C9HYMM1', '2014-05-07', '0', '2014-05-07 20:26:30', '4.0 GB', NULL, 2, NULL, NULL, NULL),
(865, 80, NULL, 2, 2, 5, 4, NULL, 2, 'MXL12120K8', '2014-05-07', '0', '2014-05-07 20:26:32', '4.0 GB', NULL, 18, NULL, NULL, NULL),
(866, 45, NULL, 2, 3, 5, 2, NULL, NULL, 'CN0MC0406418062S0R8', '2014-05-07', '0', '2014-05-07 20:26:49', '4.0 GB', NULL, 2, NULL, NULL, NULL),
(867, 42, NULL, 2, 3, 5, 2, NULL, NULL, 'CN0RNMH6744459CCBMFL', '2014-05-07', '0', '2014-05-07 20:27:23', '', NULL, 18, NULL, NULL, NULL),
(868, 99, NULL, 2, 2, 5, 2, NULL, 1, '42WP771', '2014-05-07', '0', '2014-05-07 20:28:06', '1.0 GB', NULL, 18, NULL, NULL, NULL),
(869, 20, NULL, 2, 3, 5, 2, NULL, NULL, 'CN0N300H641800CG1PDL', '2014-05-07', '0', '2014-05-07 20:32:45', '', NULL, 18, NULL, NULL, NULL),
(870, 26, NULL, 2, 2, 5, 4, NULL, 2, 'MXL2191640', '2014-05-07', '0', '2014-05-07 20:34:44', '4.0 GB', NULL, 18, NULL, NULL, NULL),
(871, 4, NULL, 2, 2, 5, 2, NULL, 1, 'F57SNM1', '2014-05-07', '0', '2014-05-07 20:34:48', '4.0 GB', NULL, 2, NULL, NULL, NULL),
(872, 37, NULL, 2, 3, 5, 2, NULL, NULL, 'CN0FP8167426181P5DDL', '2014-05-07', '0', '2014-05-07 20:35:10', '4.0 GB', NULL, 2, NULL, NULL, NULL),
(873, 64, NULL, 2, 3, 5, 10, NULL, NULL, 'ZUMLHTHD203733D', '2014-05-07', '0', '2014-05-07 20:35:21', '', NULL, 18, NULL, NULL, NULL),
(874, 30, NULL, 5, 2, 5, 4, NULL, 2, 'MXL3371J89', '2014-05-07', '0', '2014-05-07 20:36:02', '4.0 GB', NULL, 2, NULL, 354, NULL),
(875, 31, NULL, 5, 3, 5, 10, NULL, NULL, 'ZYGFH4LD601351P', '2014-05-07', '0', '2014-05-07 20:36:26', '4.0 GB', NULL, 2, NULL, 354, NULL),
(876, 30, NULL, 2, 2, 5, 4, NULL, 2, 'MXL3371J80', '2014-05-07', '0', '2014-05-07 20:36:53', '4.0 GB', NULL, 2, NULL, NULL, NULL),
(877, 2, NULL, 2, 2, 5, 2, NULL, 1, 'HD9UVCG1', '2014-05-07', '0', '2014-05-07 20:37:51', '1.0 GB', NULL, 18, NULL, NULL, NULL),
(878, 39, NULL, 2, 3, 5, 2, NULL, NULL, 'MX0N2363483234553WML', '2014-05-07', '0', '2014-05-07 20:38:27', '', NULL, 18, NULL, NULL, NULL),
(879, 26, NULL, 2, 2, 5, 4, NULL, 2, 'MXL249074K', '2014-05-07', '0', '2014-05-07 20:41:12', '4.0 GB', NULL, 18, NULL, NULL, NULL),
(880, 39, NULL, 2, 3, 5, 2, NULL, NULL, 'CN0C53696418057N38GH', '2014-05-07', '0', '2014-05-07 20:42:11', '', NULL, 18, NULL, NULL, NULL),
(881, 26, NULL, 2, 2, 5, 4, NULL, 2, 'MXL3061XLD', '2014-05-07', '0', '2014-05-07 20:54:18', '4.0 GB', NULL, 18, NULL, NULL, NULL),
(882, 51, NULL, 2, 3, 5, 2, NULL, NULL, 'CN0Y44137220149I0N0L', '2014-05-07', '0', '2014-05-07 20:54:42', '', NULL, 18, NULL, NULL, NULL),
(883, 80, NULL, 2, 2, 5, 4, NULL, 2, 'MXL1220N75', '2014-05-07', '0', '2014-05-07 20:55:15', '4.0 GB', NULL, 18, NULL, NULL, NULL),
(884, 20, NULL, 2, 3, 5, 2, NULL, NULL, 'CN0N300H641800CG0LFL', '2014-05-07', '0', '2014-05-07 20:55:58', '', NULL, 18, NULL, NULL, NULL),
(885, 80, NULL, 2, 2, 5, 4, NULL, 2, 'MXL1220NBG', '2014-05-07', '0', '2014-05-07 20:56:34', '4.0 GB', NULL, 18, NULL, NULL, NULL),
(886, 20, NULL, 2, 3, 5, 2, NULL, NULL, 'CN0N300H641800CG0LRL', '2014-05-07', '0', '2014-05-07 20:56:56', '', NULL, 18, NULL, NULL, NULL),
(887, 2, NULL, 2, 2, 5, 2, NULL, 1, '2G9UVCG1', '2014-05-07', '0', '2014-05-07 20:57:28', '1.0 GB', NULL, 18, NULL, NULL, NULL),
(888, 31, NULL, 2, 3, 5, 10, NULL, NULL, 'ZYGFH4LD600949W', '0000-00-00', '0', '2014-05-07 20:58:09', '', NULL, 2, NULL, NULL, NULL),
(889, 20, NULL, 2, 3, 5, 2, NULL, NULL, 'CN0N300H641800CG0L3L', '2014-05-07', '0', '2014-05-07 20:58:12', '', NULL, 18, NULL, NULL, NULL),
(890, 48, NULL, 2, 2, 5, 2, NULL, 1, '3R36UV91', '2014-05-07', '0', '2014-05-07 20:59:00', '1.0 GB', NULL, 18, NULL, NULL, NULL),
(891, 31, NULL, 2, 3, 5, 10, NULL, NULL, 'ZYGFH4LD601485D', '2014-05-07', '0', '2014-05-07 20:59:45', '', NULL, 18, NULL, NULL, NULL),
(892, 82, NULL, 2, 2, 5, 4, NULL, 2, 'MXL3180B66', '0000-00-00', '0', '2014-05-07 20:59:48', '4.0 GB', NULL, 2, NULL, NULL, NULL),
(893, 20, NULL, 2, 3, 5, 2, NULL, NULL, 'CN0N300H641800CG1PN', '0000-00-00', '0', '2014-05-07 21:00:05', '4.0 GB', NULL, 2, NULL, NULL, NULL),
(894, 4, NULL, 2, 2, 5, 2, NULL, 2, '2V0N9P1', '0000-00-00', '0', '2014-05-07 21:00:25', '4.0 GB', NULL, 2, NULL, NULL, NULL),
(895, 20, NULL, 2, 3, 5, 2, NULL, NULL, 'CN0X706H728729BU09KL', '0000-00-00', '0', '2014-05-07 21:01:31', '4.0 GB', NULL, 2, NULL, NULL, NULL),
(896, 4, NULL, 2, 2, 5, 2, NULL, 1, 'HT1VQL1', '0000-00-00', '0', '2014-05-07 21:02:23', '4.0 GB', NULL, 2, NULL, NULL, NULL),
(897, 20, NULL, 2, 3, 5, 2, NULL, NULL, 'CN0X706H728729B2544L', '0000-00-00', '0', '2014-05-07 21:02:41', '4.0 GB', NULL, 2, NULL, NULL, NULL),
(898, 82, NULL, 2, 2, 5, 4, NULL, 2, 'MXL3230Z0J', '2014-05-07', '0', '2014-05-07 21:04:19', '4.0 GB', NULL, 18, NULL, NULL, NULL),
(899, 20, NULL, 2, 3, 5, 2, NULL, NULL, 'CN0N300H6418006K0C7L', '2014-05-07', '0', '2014-05-07 21:05:04', '', NULL, 18, NULL, NULL, NULL),
(900, 82, NULL, 2, 2, 5, 4, NULL, 2, 'MXL3230Z1M', '2014-05-07', '0', '2014-05-07 21:05:53', '4.0 GB', NULL, 18, NULL, NULL, NULL),
(901, 20, NULL, 2, 3, 5, 2, NULL, NULL, 'CN0M16184663341P1RTU', '2014-05-07', '0', '2014-05-07 21:06:35', '', NULL, 18, NULL, NULL, NULL),
(902, 2, NULL, 2, 2, 5, 2, NULL, 1, 'CF9UVCG1', '2014-05-07', '0', '2014-05-07 21:07:42', '1.0 GB', NULL, 18, NULL, NULL, NULL),
(903, 20, NULL, 2, 3, 5, 2, NULL, NULL, 'CN0X706H728729B22D5L', '0000-00-00', '0', '2014-05-07 21:08:18', '4.0 GB', NULL, 2, NULL, NULL, NULL),
(904, 45, NULL, 2, 3, 5, 2, NULL, NULL, 'CN0CC6397287262D3NTL', '2014-05-07', '0', '2014-05-07 21:10:33', '', NULL, 18, NULL, NULL, NULL),
(905, 20, NULL, 2, 3, 5, 2, NULL, NULL, 'CN0X706H728729B22DA', '2014-05-07', '0', '2014-05-07 21:12:59', '', NULL, 18, NULL, NULL, NULL),
(906, 4, NULL, 2, 2, 5, 2, NULL, 1, 'HT25QL1', '2014-05-07', '0', '2014-05-07 21:13:29', '4.0 GB', NULL, 18, NULL, NULL, NULL),
(907, 62, NULL, 2, 3, 5, 2, NULL, NULL, 'CN0MC040641806370JM', '2014-05-07', '0', '2014-05-07 21:14:06', '', NULL, 18, NULL, NULL, NULL),
(908, 82, NULL, 2, 2, 5, 4, NULL, 2, 'MXL3230YZL', '2014-05-07', '0', '2014-05-07 21:16:51', '4.0 GB', NULL, 18, NULL, NULL, NULL),
(909, 96, NULL, 2, 3, 5, 2, NULL, NULL, 'CN0M1619641803CR177L', '2014-05-07', '0', '2014-05-07 21:17:32', '', NULL, 18, NULL, NULL, NULL),
(910, 4, NULL, 2, 2, 5, 2, NULL, 2, '2V0R9P1', '0000-00-00', '0', '2014-05-07 21:18:17', '4.0 GB', NULL, 2, NULL, NULL, NULL),
(911, 26, NULL, 2, 2, 5, 4, NULL, 2, 'MXL2191636', '2014-05-07', '0', '2014-05-07 21:18:22', '4.0 GB', NULL, 18, NULL, NULL, NULL),
(912, 20, NULL, 2, 3, 5, 2, NULL, NULL, 'CN0X706H728729B22DLL', '0000-00-00', '0', '2014-05-07 21:18:37', '4.0 GB', NULL, 2, NULL, NULL, NULL),
(913, 4, NULL, 2, 2, 5, 2, NULL, 2, '2VHS9P1', '0000-00-00', '0', '2014-05-07 21:18:57', '4.0 GB', NULL, 2, NULL, NULL, NULL),
(914, 20, NULL, 2, 3, 5, 2, NULL, NULL, 'CN0N300H641800C80AQL', '2014-05-07', '0', '2014-05-07 21:19:12', '', NULL, 18, NULL, NULL, NULL),
(915, 20, NULL, 2, 3, 5, 2, NULL, NULL, 'CN0X706H728729B251WL', '0000-00-00', '0', '2014-05-07 21:19:20', '4.0 GB', NULL, 2, NULL, NULL, NULL),
(916, 4, NULL, 2, 2, 5, 2, NULL, 2, '2WHP9P1', '0000-00-00', '0', '2014-05-07 21:19:56', '4.0 GB', NULL, 2, NULL, NULL, NULL),
(917, 38, NULL, 2, 2, 5, 2, NULL, 2, '3GTT9P1', '2014-05-07', '0', '2014-05-07 21:20:14', '4.0 GB', NULL, 18, NULL, NULL, NULL),
(918, 20, NULL, 2, 3, 5, 2, NULL, NULL, '2VHP9P1', '0000-00-00', '0', '2014-05-07 21:20:20', '4.0 GB', NULL, 2, NULL, NULL, NULL),
(919, 30, NULL, 2, 2, 5, 4, NULL, 2, 'MXL3371JHY', '0000-00-00', '0', '2014-05-07 21:20:44', '4.0 GB', NULL, 2, NULL, NULL, NULL),
(920, 31, NULL, 2, 3, 5, 10, NULL, NULL, 'ZYGFH4LD601371K', '0000-00-00', '0', '2014-05-07 21:20:59', '4.0 GB', NULL, 2, NULL, NULL, NULL),
(921, 37, NULL, 2, 3, 5, 2, NULL, NULL, 'CN0F534H71618', '2014-05-07', '0', '2014-05-07 21:21:29', '', NULL, 18, NULL, NULL, NULL),
(922, 82, NULL, 2, 2, 5, 4, NULL, 2, 'MXL3180B7N', '0000-00-00', '0', '2014-05-07 21:21:51', '4.0 GB', NULL, 2, NULL, NULL, NULL),
(923, 45, NULL, 2, 3, 5, 2, NULL, NULL, 'CN0MC0406418062S134S', '0000-00-00', '0', '2014-05-07 21:22:15', '4.0 GB', NULL, 2, NULL, NULL, NULL),
(924, 38, NULL, 2, 2, 5, 2, NULL, 2, '3GW8VP1', '2014-05-07', '0', '2014-05-07 21:22:40', '4.0 GB', NULL, 18, NULL, NULL, NULL),
(925, 42, NULL, 2, 3, 5, 2, NULL, NULL, 'CN0RNMH67444501H483S', '2014-05-07', '0', '2014-05-07 21:23:26', '', NULL, 18, NULL, NULL, NULL),
(926, 82, NULL, 2, 2, 5, 4, NULL, 2, 'MXL3180B98', '2014-05-07', '0', '2014-05-07 21:25:15', '4.0 GB', NULL, 18, NULL, NULL, NULL),
(927, 20, NULL, 2, 3, 5, 2, NULL, NULL, 'CN0N300H641800CG0LQL', '2014-05-07', '0', '2014-05-07 21:25:48', '', NULL, 18, NULL, NULL, NULL),
(928, 82, NULL, 2, 2, 5, 4, NULL, 2, 'MXL2450687', '2014-05-07', '0', '2014-05-07 21:26:44', '4.0 GB', NULL, 18, NULL, NULL, NULL),
(929, 20, NULL, 2, 3, 5, 2, NULL, 9, 'CN0X706H728729B2522L', '2014-05-07', '0', '2014-05-07 21:29:49', '', NULL, 18, NULL, NULL, NULL),
(930, 82, NULL, 2, 2, 5, 4, NULL, 2, 'MXL32725VD', '2014-05-07', '0', '2014-05-07 21:32:06', '4.0 GB', NULL, 18, NULL, NULL, NULL),
(931, 20, NULL, 2, 3, 5, 2, NULL, NULL, 'ZUMLHTHD203811Z', '2014-05-07', '0', '2014-05-07 21:32:25', '', NULL, 18, NULL, NULL, NULL),
(932, 26, NULL, 2, 2, 5, 4, NULL, 2, 'MXL2191638', '2014-05-07', '0', '2014-05-07 21:32:54', '4.0 GB', NULL, 18, NULL, NULL, NULL),
(933, 39, NULL, 2, 3, 5, 2, NULL, NULL, 'CN0M1619641804190HFH', '2014-05-07', '0', '2014-05-07 21:33:32', '', NULL, 18, NULL, NULL, NULL),
(934, 4, NULL, 2, 2, 5, 2, NULL, 1, 'C9HMMM1', '2014-05-07', '0', '2014-05-07 21:34:19', '2.0 GB', NULL, 18, NULL, NULL, NULL),
(935, 20, NULL, 2, 3, 5, 2, NULL, NULL, 'CN0X706H728729B22LRL', '2014-05-07', '0', '2014-05-07 21:35:09', '', NULL, 18, NULL, NULL, NULL),
(936, 99, NULL, 2, 2, 5, 2, NULL, 1, 'CTZFP61', '2014-05-07', '0', '2014-05-07 21:35:40', '1.0 GB', NULL, 18, NULL, NULL, NULL),
(937, 39, NULL, 2, 3, 5, 2, NULL, NULL, 'CN0M16196418045B3K3', '2014-05-07', '0', '2014-05-07 21:38:34', '', NULL, 18, NULL, NULL, NULL),
(938, 99, NULL, 2, 2, 5, 2, NULL, 1, 'HKLRV71', '2014-05-07', '0', '2014-05-07 21:39:09', '1.0 GB', NULL, 18, NULL, NULL, NULL),
(939, 45, NULL, 2, 3, 5, 2, NULL, NULL, 'CN0T99984663362I8FV', '2014-05-07', '0', '2014-05-07 21:39:33', '', NULL, 18, NULL, NULL, NULL),
(940, 23, NULL, 2, 2, 5, 2, NULL, 1, '3T2L1D1', '2014-05-07', '0', '2014-05-07 21:40:06', '1.0 GB', NULL, 18, NULL, NULL, NULL),
(941, 36, NULL, 2, 3, 5, 2, NULL, NULL, 'CN0U47957161857FGAD', '2014-05-07', '0', '2014-05-07 21:40:28', '', NULL, 18, NULL, NULL, NULL),
(942, 26, NULL, 2, 2, 5, 4, NULL, 2, 'MXL219163W', '2014-05-07', '0', '2014-05-07 21:41:01', '4.0 GB', NULL, 18, NULL, NULL, NULL),
(943, 51, NULL, 2, 3, 5, 2, NULL, NULL, 'CN0C5369641804C25SM', '2014-05-07', '0', '2014-05-07 21:41:32', '', NULL, 18, NULL, NULL, NULL),
(944, 23, NULL, 2, 2, 5, 2, NULL, 1, 'H46N2D1', '2014-05-07', '0', '2014-05-07 21:42:09', '1.0 GB', NULL, 18, NULL, NULL, NULL),
(945, 39, NULL, 2, 3, 5, 2, NULL, NULL, 'CN0M1619641803CR16G', '2014-05-07', '0', '2014-05-07 21:42:33', '', NULL, 18, NULL, NULL, NULL),
(946, 26, NULL, 2, 2, 5, 4, NULL, 2, 'MXL3022733', '2014-05-07', '0', '2014-05-07 21:43:08', '4.0 GB', NULL, 18, NULL, NULL, NULL),
(947, 39, NULL, 2, 3, 5, 2, NULL, NULL, 'CN0M16196418044U2AZ', '2014-05-07', '0', '2014-05-07 21:43:31', '', NULL, 18, NULL, NULL, NULL),
(948, 2, NULL, 2, 2, 5, 2, NULL, 1, 'DF9VCG1', '2014-05-07', '0', '2014-05-07 21:44:16', '1.0 GB', NULL, 18, NULL, NULL, NULL),
(949, 20, NULL, 2, 3, 5, 2, NULL, NULL, 'CN0X706H728729B25NT', '2014-05-07', '0', '2014-05-07 21:44:36', '', NULL, 18, NULL, NULL, NULL),
(950, 4, NULL, 2, 2, 5, 2, NULL, 1, 'HT43RL1', '2014-05-07', '0', '2014-05-07 21:45:11', '4.0 GB', NULL, 18, NULL, NULL, NULL),
(951, 20, NULL, 2, 3, 5, 2, NULL, NULL, 'CN0X706H728729B2521', '2014-05-07', '0', '2014-05-07 21:45:33', '', NULL, 18, NULL, NULL, NULL),
(952, 23, NULL, 2, 2, 5, 2, NULL, 1, '8W0RZC1', '2014-05-07', '0', '2014-05-07 21:45:59', '1.0 GB', NULL, 18, NULL, NULL, NULL),
(953, 39, NULL, 2, 3, 5, 2, NULL, NULL, 'CN0M16196418044U2BT', '2014-05-07', '0', '2014-05-07 21:46:23', '', NULL, 18, NULL, NULL, NULL),
(954, 48, NULL, 2, 2, 5, 2, NULL, 1, '9Z5K5C1', '2014-05-07', '0', '2014-05-07 21:47:13', '2.0 GB', NULL, 18, NULL, NULL, NULL),
(955, 26, NULL, 2, 2, 5, 4, NULL, 2, 'MXL219163L', '2014-05-07', '0', '2014-05-07 21:48:21', '4.0 GB', NULL, 18, NULL, NULL, NULL),
(956, 31, NULL, 2, 3, 5, 10, NULL, NULL, 'ZYGFH4LD601430', '2014-05-07', '0', '2014-05-07 21:48:46', '', NULL, 18, NULL, NULL, NULL),
(957, 26, NULL, 2, 2, 5, 4, NULL, 2, 'MXL2191637', '2014-05-07', '0', '2014-05-07 21:49:16', '4.0 GB', NULL, 18, NULL, NULL, NULL),
(958, 64, NULL, 2, 3, 5, 10, NULL, NULL, 'ZUMLHTHD203761', '2014-05-07', '0', '2014-05-07 21:49:58', '', NULL, 18, NULL, NULL, NULL),
(959, 49, NULL, 2, 3, 5, 4, NULL, NULL, 'MXL3180B81', '2014-05-07', '0', '2014-05-07 21:50:20', '', NULL, 18, NULL, NULL, NULL),
(960, 64, NULL, 2, 3, 5, 10, NULL, NULL, 'ZUMLHTKD201221', '2014-05-07', '0', '2014-05-07 21:50:53', '', NULL, 18, NULL, NULL, NULL),
(961, 26, NULL, 2, 2, 5, 4, NULL, 2, 'MXL219164G', '2014-05-07', '0', '2014-05-07 21:51:20', '4.0 GB', NULL, 18, NULL, NULL, NULL),
(962, 64, NULL, 2, 3, 5, 10, NULL, NULL, 'ZUMLHTHD203819', '2014-05-07', '0', '2014-05-07 21:52:33', '', NULL, 18, NULL, NULL, NULL),
(963, 82, NULL, 2, 2, 5, 4, NULL, 2, 'MXL32725VB', '2014-05-07', '0', '2014-05-07 21:53:06', '4.0 GB', NULL, 18, NULL, NULL, NULL),
(964, 64, NULL, 2, 3, 5, 10, NULL, NULL, 'ZUMLHTHD203453', '2014-05-07', '0', '2014-05-07 21:53:26', '', NULL, 18, NULL, NULL, NULL),
(965, 26, NULL, 2, 2, 5, 4, NULL, 2, 'MXL2191639', '2014-05-07', '0', '2014-05-07 21:54:16', '3.0 GB', NULL, 18, NULL, NULL, NULL),
(966, 31, NULL, 2, 3, 5, 10, NULL, NULL, 'ZYGFH4LD601356', '2014-05-07', '0', '2014-05-07 21:55:07', '', NULL, 18, NULL, NULL, NULL),
(967, 2, NULL, 2, 2, 5, 2, NULL, 1, 'J65VCG1', '2014-05-07', '0', '2014-05-07 21:55:32', '1.0 GB', NULL, 18, NULL, NULL, NULL),
(968, 64, NULL, 2, 3, 5, 10, NULL, NULL, 'ZUMLHTHD203988', '2014-05-07', '0', '2014-05-07 21:55:55', '', NULL, 18, NULL, NULL, NULL),
(969, 2, NULL, 2, 2, 5, 2, NULL, 1, 'BQD9PH1', '2014-05-07', '0', '2014-05-07 21:56:19', '1.0 GB', NULL, 18, NULL, NULL, NULL),
(970, 64, NULL, 2, 3, 5, 10, NULL, NULL, 'ZUMLHTHD203731', '2014-05-07', '0', '2014-05-07 21:56:48', '', NULL, 18, NULL, NULL, NULL),
(971, 26, NULL, 2, 2, 5, 4, NULL, 2, 'MXL219163K', '2014-05-07', '0', '2014-05-07 21:57:36', '4.0 GB', NULL, 18, NULL, NULL, NULL),
(972, 64, NULL, 2, 3, 5, 10, NULL, NULL, 'ZUMLHTKD202183', '2014-05-07', '0', '2014-05-07 21:58:03', '', NULL, 18, NULL, NULL, NULL),
(973, 38, NULL, 2, 2, 5, 2, NULL, 2, '3GTS9P1', '2014-05-07', '0', '2014-05-07 21:58:28', '3.0 GB', NULL, 18, NULL, NULL, NULL),
(974, 64, NULL, 2, 3, 5, 10, NULL, NULL, 'ZUMLHTHD203970', '2014-05-07', '0', '2014-05-07 21:58:49', '', NULL, 18, NULL, NULL, NULL),
(975, 4, NULL, 2, 2, 5, 2, NULL, 1, 'HT34QL1', '2014-05-07', '0', '2014-05-07 21:59:19', '2.0 GB', NULL, 18, NULL, NULL, NULL),
(976, 46, NULL, 2, 3, 5, 2, NULL, NULL, 'CN0R289D7161884TF2U', '2014-05-07', '0', '2014-05-07 21:59:57', '', NULL, 18, NULL, NULL, NULL),
(977, 38, NULL, 2, 2, 5, 2, NULL, 2, '3LVW9P1', '2014-05-07', '0', '2014-05-07 22:00:26', '3.0 GB', NULL, 18, NULL, NULL, NULL),
(978, 37, NULL, 2, 3, 5, 2, NULL, NULL, 'CN0D548H71618', '2014-05-07', '0', '2014-05-07 22:00:55', '', NULL, 18, NULL, NULL, NULL),
(979, 4, NULL, 2, 2, 5, 2, NULL, 1, 'HT15QL', '2014-05-07', '0', '2014-05-07 22:01:29', '2.0 GB', NULL, 18, NULL, NULL, NULL),
(980, 46, NULL, 2, 3, 5, 2, NULL, NULL, 'CN0R289D7161884NFQZ', '2014-05-07', '0', '2014-05-07 22:01:57', '', NULL, 18, NULL, NULL, NULL),
(981, 18, NULL, 2, 5, 5, 4, NULL, 2, '2CE20930YZ', '2014-05-07', '0', '2014-05-07 22:02:41', '4.0 GB', NULL, 18, NULL, NULL, NULL),
(982, 100, 6, 5, 5, 25, 4, NULL, 2, '2CE40212WQ', '2014-02-28', 'CUN127', '2014-05-08 16:04:13', '4.0 GB', NULL, 8, NULL, 362, NULL),
(983, 9, NULL, 5, 2, 4, 2, NULL, 1, '6276V91', '2014-05-12', '0', '2014-05-12 15:36:44', '512', NULL, 11, NULL, 363, NULL),
(984, 24, NULL, 3, 3, 25, 2, NULL, NULL, 'CN06R6444780437KN2DR', '2014-05-15', '0', '2014-05-15 16:42:15', '', NULL, 9, NULL, NULL, 11),
(985, 81, NULL, 2, 3, 25, 2, NULL, NULL, 'CN0FJ0666418068K2ANA', '2014-05-15', '0', '2014-05-15 17:06:20', '', NULL, 17, NULL, NULL, NULL),
(986, 23, NULL, 2, 2, 25, 2, NULL, 1, '4TLL1D1', '2014-05-15', '0', '2014-05-15 17:07:33', '1.0 GB', NULL, 17, NULL, NULL, NULL),
(987, 39, NULL, 5, 3, 25, 2, NULL, NULL, 'CN0M1619641803CR0SFL', '2014-05-15', '0', '2014-05-15 17:09:23', '', NULL, 17, NULL, 364, NULL),
(988, 7, NULL, 5, 2, 25, 2, NULL, 1, 'B8R6W61', '2014-05-15', '0', '2014-05-15 17:09:56', '1.0 GB', NULL, 17, NULL, 364, NULL),
(989, 101, NULL, 5, 5, 25, 2, NULL, 1, 'F4KB0G1', '2014-05-15', '0', '2014-05-15 17:12:58', '1.0 GB', NULL, 8, NULL, 365, NULL),
(990, 9, NULL, 5, 2, 25, 2, NULL, 1, '126K5C1', '2014-05-15', '0', '2014-05-15 17:44:50', '1GB', NULL, 8, NULL, 366, NULL),
(991, 51, NULL, 5, 3, 25, 2, NULL, NULL, 'CNQC53696418Q52', '2014-05-15', '0', '2014-05-15 17:46:21', '', NULL, 8, NULL, 366, NULL),
(992, 11, NULL, 5, 5, 25, 2, NULL, 2, 'H5BFQM1', '2014-05-15', '0', '2014-05-15 17:53:54', '4.0 GB', NULL, 17, NULL, 367, NULL),
(993, 23, NULL, 5, 2, 25, 2, NULL, 1, '6T2L1D1', '2014-05-15', '0', '2014-05-15 18:03:40', '1.0 GB', NULL, 17, NULL, 347, NULL),
(994, 24, NULL, 5, 3, 25, 2, NULL, NULL, 'CN06R6444780437KN3RP', '0000-00-00', '0', '2014-05-15 18:04:10', '', NULL, 2, NULL, 347, NULL),
(995, 45, NULL, 5, 3, 25, 2, NULL, NULL, 'CN0CC639728726379YFL', '0000-00-00', '0', '2014-05-15 18:05:40', '', NULL, 2, NULL, 347, NULL),
(996, 6, NULL, 5, 2, 25, 2, NULL, 1, '3YGVP31', '0000-00-00', '0', '2014-05-15 18:06:15', '0.5 GB', NULL, 2, NULL, 347, NULL),
(997, 102, NULL, 5, 2, 25, 2, NULL, 1, 'B8SXCB1', '2014-05-15', '0', '2014-05-15 18:23:06', '2.0 GB', NULL, 17, NULL, 368, NULL),
(998, 39, NULL, 5, 3, 25, 2, NULL, NULL, 'CN0M16184663341P0P8U', '2014-05-15', '0', '2014-05-15 18:24:28', '', NULL, 17, NULL, 368, NULL),
(999, 4, NULL, 5, 2, 25, 2, NULL, 1, '7YGVP31', '0000-00-00', '0', '2014-05-15 18:27:05', '0.5 GB', NULL, 2, NULL, 369, NULL),
(1000, 8, NULL, 5, 2, 25, 2, NULL, 1, '3G6CM41', '0000-00-00', '0', '2014-05-15 18:27:23', '1.0 GB', NULL, 2, NULL, 369, NULL),
(1001, 39, NULL, 5, 3, 25, 2, NULL, NULL, 'CN0M1619641803CQ17YL', '0000-00-00', '0', '2014-05-15 18:27:40', '1.0 GB', NULL, 2, NULL, 369, NULL),
(1002, 51, NULL, 5, 3, 25, 2, NULL, NULL, 'CN0Y44137220149I0NGL', '0000-00-00', '0', '2014-05-15 18:27:51', '1.0 GB', NULL, 2, NULL, 369, NULL),
(1003, 4, NULL, 2, 2, 25, 2, NULL, 1, 'JH64MM1', '0000-00-00', '0', '2014-05-15 19:45:21', '4.0 GB', NULL, 2, NULL, NULL, NULL),
(1004, 51, NULL, 2, 3, 25, 2, NULL, NULL, 'CN0C5369641804C103MC', '0000-00-00', '0', '2014-05-15 19:45:37', '4.0 GB', NULL, 2, NULL, NULL, NULL),
(1005, 9, NULL, 2, 2, 25, 2, NULL, 1, '323CDB1', '2014-05-15', '0', '2014-05-15 19:57:42', '0.5 GB', NULL, 17, NULL, NULL, NULL),
(1006, 52, NULL, 2, 3, 25, 2, NULL, NULL, 'CN0RY9794663376RALES', '2014-05-15', '0', '2014-05-15 19:58:03', '', NULL, 17, NULL, NULL, NULL),
(1007, 2, NULL, 2, 2, 25, 2, NULL, 1, '7JRXGF1', '2014-05-15', '0', '2014-05-15 19:58:19', '1.0 GB', NULL, 17, NULL, NULL, NULL),
(1008, 37, NULL, 2, 3, 25, 2, NULL, NULL, 'CN0FP816742617AO778U', '2014-05-15', '0', '2014-05-15 19:58:48', '', NULL, 17, NULL, NULL, NULL),
(1009, 61, NULL, 5, 5, 25, 2, NULL, 1, '7V97VL1', '2014-05-15', '0', '2014-05-15 20:04:42', '4.0 GB', NULL, 17, NULL, 370, NULL),
(1010, 40, NULL, 5, 3, 25, 2, NULL, NULL, 'CN0WH318728726AE0JF', '2014-05-15', '0', '2014-05-15 20:07:38', '', NULL, 17, NULL, 371, NULL),
(1011, 23, NULL, 5, 2, 25, 2, NULL, 1, 'DF299C1', '2014-05-15', '0', '2014-05-15 20:08:01', '2.0 GB', NULL, 17, NULL, 371, NULL),
(1012, 20, NULL, 5, 3, 25, 2, NULL, NULL, 'CN0N300H641800AF1R7', '2014-05-15', '0', '2014-05-15 20:10:02', '', NULL, 17, NULL, 372, NULL),
(1013, 82, NULL, 5, 2, 25, 4, NULL, 2, 'MXL24907VZ', '2014-05-15', '0', '2014-05-15 20:10:33', '3.0 GB', NULL, 17, NULL, 372, NULL),
(1014, 51, NULL, 5, 3, 25, 2, NULL, NULL, 'CN0Y44137287256320F', '2014-05-15', '0', '2014-05-15 20:12:46', '', NULL, 17, NULL, 373, NULL),
(1015, 23, NULL, 5, 2, 25, 2, NULL, 1, 'JMY2SD1', '2014-05-15', '0', '2014-05-15 20:13:28', '1.0 GB', NULL, 17, NULL, 373, NULL),
(1016, 51, NULL, 5, 3, 25, 2, NULL, NULL, 'CN0C5369641804C103J', '2014-05-15', '0', '2014-05-15 20:15:44', '', NULL, 17, NULL, 374, NULL),
(1017, 23, NULL, 5, 2, 25, 2, NULL, 1, '5V8RWD1', '2014-05-15', '0', '2014-05-15 20:16:08', '1.0 GB', NULL, 17, NULL, 374, NULL),
(1018, 55, NULL, 5, 3, 25, 2, NULL, NULL, 'CN0D54287287259G5AL', '2014-05-15', '0', '2014-05-15 20:18:54', '', NULL, 17, NULL, 375, NULL),
(1019, 6, NULL, 5, 2, 25, 2, NULL, 1, '34PC851', '2014-05-15', '0', '2014-05-15 20:19:20', '1.0 GB', NULL, 17, NULL, 375, NULL),
(1020, 37, NULL, 5, 3, 25, 2, NULL, NULL, 'CN0FP8167426183NCRT', '2014-05-15', '0', '2014-05-15 20:21:05', '', NULL, 17, NULL, 372, NULL),
(1021, 2, NULL, 5, 2, 25, 2, NULL, 1, '5M5XQG1', '2014-05-15', '0', '2014-05-15 20:21:34', '2.0 GB', NULL, 17, NULL, 372, NULL),
(1022, 51, NULL, 5, 3, 25, 2, NULL, NULL, 'CN0C536964180498098', '2014-05-15', '0', '2014-05-15 20:22:24', '', NULL, 17, NULL, 376, NULL),
(1023, 7, NULL, 5, 2, 25, 2, NULL, 1, 'BH2G361', '2014-05-15', '0', '2014-05-15 20:22:58', '', NULL, 17, NULL, 376, NULL),
(1024, 11, NULL, 5, 5, 25, 2, NULL, 2, '3V6QWN1', '2014-05-15', '0', '2014-05-15 20:25:05', '3.0 GB', NULL, 17, NULL, 376, NULL),
(1025, 20, NULL, 2, 3, 25, 2, NULL, NULL, 'CN0N300H641800CG11VL', '2014-05-15', '0', '2014-05-15 20:28:44', '', NULL, 17, NULL, NULL, NULL),
(1026, 8, NULL, 2, 2, 25, 2, NULL, 1, 'CLMZG41', '2014-05-15', '0', '2014-05-15 20:29:13', '1.0 GB', NULL, 17, NULL, NULL, NULL),
(1027, 37, NULL, 5, 3, 25, 2, NULL, NULL, 'CN0FP8164663377G7WCU', '2014-05-15', '0', '2014-05-15 20:33:37', '', NULL, 17, NULL, 377, NULL),
(1028, 2, NULL, 5, 2, 25, 2, NULL, 1, 'G3CSXF1', '2014-05-15', '0', '2014-05-15 20:34:00', '2.0 GB', NULL, 17, NULL, 377, NULL),
(1029, 14, NULL, 5, 5, 25, 4, NULL, 2, 'CNU2051JJ6', '2014-05-15', '0', '2014-05-15 20:35:41', '4.0 GB', NULL, 17, NULL, 378, NULL),
(1030, 37, NULL, 2, 3, 25, 2, NULL, NULL, 'CN0PM372728727BE2W6I', '2014-05-15', '0', '2014-05-15 20:40:46', '', NULL, 17, NULL, NULL, NULL),
(1031, 2, NULL, 2, 2, 25, 2, NULL, 1, '5WD25G1', '2014-05-15', '0', '2014-05-15 20:41:05', '1.0 GB', NULL, 17, NULL, NULL, NULL),
(1032, 90, NULL, 2, 5, 25, 12, NULL, 11, 'C02FDC35DF8B', '2014-05-15', '0', '2014-05-15 20:41:54', '4.0 GB', NULL, 17, NULL, NULL, NULL),
(1033, 45, NULL, 2, 3, 25, 2, NULL, NULL, 'CN0T99984663362I8ERU', '2014-05-15', '0', '2014-05-15 20:42:20', '', NULL, 17, NULL, NULL, NULL),
(1034, 38, NULL, 2, 2, 25, 2, NULL, 2, '3LQ7BP1', '2014-05-15', '0', '2014-05-15 20:43:00', '3.0 GB', NULL, 17, NULL, NULL, NULL),
(1035, 90, NULL, 2, 5, 25, 12, NULL, 13, '34743N5NZ63', '2014-05-15', '0', '2014-05-15 20:46:13', '4.0 GB', NULL, 17, NULL, NULL, NULL),
(1036, 103, NULL, 2, 2, 25, 12, NULL, 11, 'A1177', '2014-05-15', '0', '2014-05-15 20:50:55', '4.0 GB', NULL, 17, NULL, NULL, NULL),
(1037, 92, NULL, 2, 3, 25, 12, NULL, NULL, '2A5242BWPKK', '2014-05-15', '0', '2014-05-15 20:51:26', '', NULL, 17, NULL, NULL, NULL),
(1038, 90, NULL, 2, 5, 25, 12, NULL, 14, 'C02H31QYDV7L', '2014-05-15', '0', '2014-05-15 20:52:58', '8.0 GB', NULL, 17, NULL, NULL, NULL),
(1039, 92, NULL, 2, 3, 25, 12, NULL, NULL, 'W82025656JL', '2014-05-15', '0', '2014-05-15 20:53:16', '', NULL, 17, NULL, NULL, NULL),
(1040, 103, NULL, 2, 2, 25, 12, NULL, 15, 'H020401XEUF', '2014-05-15', '0', '2014-05-15 20:55:49', '6.0 GB', NULL, 17, NULL, NULL, NULL),
(1041, 37, NULL, 2, 3, 25, 2, NULL, NULL, 'CN0X706H728720561LRL', '2014-05-15', '0', '2014-05-15 20:56:12', '', NULL, 17, NULL, NULL, NULL),
(1042, 7, NULL, 2, 2, 25, 2, NULL, NULL, 'GLLRV71', '2014-05-15', '0', '2014-05-15 20:56:37', '', NULL, 17, NULL, NULL, NULL),
(1043, 45, NULL, 2, 3, 25, 2, NULL, NULL, 'CN0MC0406418062S0QXS', '2014-05-15', '0', '2014-05-15 21:11:12', '', NULL, 8, NULL, NULL, NULL),
(1044, 23, NULL, 2, 2, 25, 2, NULL, 1, 'C3PVRC1', '0000-00-00', '0', '2014-05-15 21:12:28', '1GB', NULL, 2, NULL, NULL, NULL),
(1045, 6, NULL, 2, 2, 25, 2, NULL, 1, 'BWGVP31', '0000-00-00', '0', '2014-05-15 21:13:51', '1GB', NULL, 2, NULL, NULL, NULL),
(1046, 6, NULL, 2, 2, 25, 2, NULL, 1, 'GLMZG41', '0000-00-00', '0', '2014-05-15 21:14:05', '1GB', NULL, 2, NULL, NULL, NULL),
(1047, 6, NULL, 3, 2, 25, 2, NULL, 1, '9C3TP31', '0000-00-00', '0', '2014-05-15 21:14:26', '1GB', NULL, 2, NULL, NULL, 15),
(1048, 6, NULL, 2, 2, 25, 2, NULL, 1, '19PC851', '0000-00-00', '0', '2014-05-15 21:14:36', '1GB', NULL, 2, NULL, NULL, NULL),
(1049, 6, NULL, 2, 2, 25, 2, NULL, 1, '6D3TP31', '0000-00-00', '0', '2014-05-15 21:14:43', '1GB', NULL, 2, NULL, NULL, NULL),
(1050, 6, NULL, 2, 2, 25, 2, NULL, 1, 'BR90041', '0000-00-00', '0', '2014-05-15 21:14:52', '1GB', NULL, 2, NULL, NULL, NULL),
(1051, 6, NULL, 2, 2, 25, 2, NULL, 1, '2Q9QQ41', '0000-00-00', '0', '2014-05-15 21:15:01', '1GB', NULL, 2, NULL, NULL, NULL),
(1052, 8, NULL, 2, 2, 25, 2, NULL, 1, 'GC6CM41', '0000-00-00', '0', '2014-05-15 21:15:24', '1GB', NULL, 2, NULL, NULL, NULL),
(1053, 8, NULL, 2, 2, 25, 2, NULL, 1, '4SMZG41', '0000-00-00', '0', '2014-05-15 21:15:36', '1GB', NULL, 2, NULL, NULL, NULL),
(1054, 8, NULL, 3, 2, 25, 2, NULL, 1, '1G6CM41', '0000-00-00', '0', '2014-05-15 21:15:48', '1GB', NULL, 2, NULL, NULL, 14),
(1055, 8, NULL, 2, 2, 25, 2, NULL, 1, 'GX7CM41', '0000-00-00', '0', '2014-05-15 21:15:57', '1GB', NULL, 2, NULL, NULL, NULL),
(1056, 8, NULL, 2, 2, 25, 2, NULL, 1, 'BHMZG41', '0000-00-00', '0', '2014-05-15 21:16:07', '1GB', NULL, 2, NULL, NULL, NULL),
(1057, 8, NULL, 2, 2, 25, 2, NULL, 1, '4D6CM41', '0000-00-00', '0', '2014-05-15 21:16:13', '1GB', NULL, 2, NULL, NULL, NULL),
(1058, 8, NULL, 2, 2, 25, 2, NULL, 1, 'DV7CM41', '0000-00-00', '0', '2014-05-15 21:16:22', '1GB', NULL, 2, NULL, NULL, NULL),
(1059, 8, NULL, 3, 2, 25, 2, NULL, 1, 'BYM8M41', '0000-00-00', '0', '2014-05-15 21:16:30', '1GB', NULL, 2, NULL, NULL, 13),
(1060, 8, NULL, 2, 2, 25, 2, NULL, 1, '418CM41', '0000-00-00', '0', '2014-05-15 21:16:35', '1GB', NULL, 2, NULL, NULL, NULL),
(1061, 8, NULL, 2, 2, 25, 2, NULL, 1, '7V7CM41', '0000-00-00', '0', '2014-05-15 21:16:41', '1GB', NULL, 2, NULL, NULL, NULL),
(1062, 8, NULL, 3, 2, 25, 2, NULL, 1, 'F68CM41', '0000-00-00', '0', '2014-05-15 21:16:48', '1GB', NULL, 2, NULL, NULL, 16),
(1063, 8, NULL, 2, 2, 25, 2, NULL, 1, 'HV7CM41', '0000-00-00', '0', '2014-05-15 21:16:55', '1GB', NULL, 2, NULL, NULL, NULL),
(1064, 7, NULL, 2, 2, 25, 2, NULL, 1, '2GLRV71', '0000-00-00', '0', '2014-05-15 21:17:22', '1GB', NULL, 2, NULL, NULL, NULL),
(1065, 7, NULL, 2, 2, 25, 2, NULL, 1, 'FWZFP61', '0000-00-00', '0', '2014-05-15 21:17:30', '1GB', NULL, 2, NULL, NULL, NULL),
(1066, 34, NULL, 2, 2, 25, 2, NULL, 1, 'F58RNM1', '0000-00-00', '0', '2014-05-15 21:17:46', '1GB', NULL, 2, NULL, NULL, NULL),
(1067, 8, NULL, 2, 2, 25, 2, NULL, 1, '3RMZG41', '0000-00-00', '0', '2014-05-15 21:19:06', '1GB', NULL, 2, NULL, NULL, NULL),
(1068, 8, NULL, 2, 2, 25, 2, NULL, 1, '1D6CM41', '0000-00-00', '0', '2014-05-15 21:19:12', '1GB', NULL, 2, NULL, NULL, NULL),
(1069, 104, NULL, 5, 5, 5, 12, NULL, 17, 'C02HR768DRV6', '2014-05-15', '0', '2014-05-15 22:05:44', '6.0 GB', NULL, 17, NULL, 379, NULL),
(1070, 4, NULL, 5, 2, 5, 2, NULL, 1, 'HT3LQL1', '2014-05-15', '0', '2014-05-15 22:07:14', '2.0 GB', NULL, 17, NULL, 380, NULL),
(1071, 20, NULL, 5, 3, 5, 2, NULL, NULL, 'CN0X706H728729B22CT', '2014-05-15', '0', '2014-05-15 22:08:08', '', NULL, 17, NULL, 380, NULL),
(1072, 16, NULL, 5, 5, 25, 4, NULL, 2, '2CE3410YST', '2014-05-15', '0', '2014-05-15 22:31:12', '4.0 GB', NULL, 17, NULL, 381, NULL),
(1073, 42, NULL, 5, 3, 25, 2, NULL, NULL, 'CN04JNJ2641809BF1USS', '2014-05-15', '0', '2014-05-15 22:31:52', '', NULL, 17, NULL, 381, NULL),
(1074, 99, NULL, 5, 2, 25, 2, NULL, 1, '7W6FP61', '2014-05-15', '0', '2014-05-15 22:36:06', '1.0 GB', NULL, 17, NULL, 382, NULL),
(1075, 39, NULL, 5, 3, 25, 2, NULL, NULL, 'CN0M1619641804190JQH', '2014-05-15', '0', '2014-05-15 22:36:39', '', NULL, 17, NULL, 382, NULL),
(1076, 9, NULL, 2, 2, 25, 2, NULL, 1, '8VRXQ91', '0000-00-00', '0', '2014-05-15 22:40:56', '512 MB', NULL, 2, NULL, NULL, NULL),
(1077, 42, NULL, 2, 3, 25, 2, NULL, NULL, 'CN04JNJ2641809BF1UWS', '0000-00-00', '0', '2014-05-15 22:41:54', '1GB', NULL, 2, NULL, NULL, NULL),
(1078, 2, NULL, 5, 2, 25, 2, NULL, 1, '7N00QH1', '2014-05-15', '0', '2014-05-15 22:43:02', '1.0 GB', NULL, 17, NULL, 383, NULL),
(1079, 51, NULL, 5, 3, 25, 2, NULL, NULL, 'CN0Y44137287255P0JML', '2014-05-15', '0', '2014-05-15 22:43:28', '', NULL, 17, NULL, 383, NULL),
(1080, 16, NULL, 2, 5, 25, 4, NULL, 2, '2CE2331ZTK', '0000-00-00', '0', '2014-05-15 22:44:28', '4.0 GB', NULL, 2, NULL, NULL, NULL),
(1081, 9, NULL, 5, 2, 25, 2, NULL, 1, 'JD3L5C1', '2014-05-15', '0', '2014-05-15 22:46:12', '2.0 GB', NULL, 17, NULL, 216, NULL),
(1082, 37, NULL, 5, 3, 25, 2, NULL, NULL, 'CN0FP8164663377975EL', '2014-05-15', '0', '2014-05-15 22:46:41', '', NULL, 17, NULL, 216, NULL),
(1083, 9, NULL, 5, 2, 25, 2, NULL, 1, '6P36V91', '2014-05-15', '0', '2014-05-15 22:49:27', '512 MB', NULL, 17, NULL, 384, NULL),
(1084, 39, NULL, 5, 3, 25, 2, NULL, NULL, 'CN0M1619641804511HQ', '2014-05-15', '0', '2014-05-15 22:49:52', '', NULL, 17, NULL, 384, NULL),
(1085, 24, NULL, 3, 3, 25, 2, NULL, NULL, 'CN06R64447804366C0FM', '2014-05-16', '0', '2014-05-16 14:49:11', '', NULL, 9, NULL, NULL, 13),
(1086, 51, NULL, 3, 3, 25, 2, NULL, NULL, 'CN0C53696418052F2M7S', '2014-05-16', '0', '2014-05-16 15:35:22', '', NULL, 9, NULL, NULL, 16),
(1087, 2, NULL, 2, 2, 25, 2, NULL, NULL, 'FF9VCG1', '2014-05-16', '0', '2014-05-16 15:40:19', '', NULL, 17, NULL, NULL, NULL),
(1088, 53, NULL, 5, 3, 5, 11, NULL, NULL, 'MUL5022C0080665', '2014-05-16', '0', '2014-05-16 15:55:03', '', NULL, 19, NULL, 386, NULL),
(1089, 7, NULL, 5, 2, 5, 2, NULL, 1, 'J676W61', '2014-05-16', '0', '2014-05-16 15:56:01', '1.0 GB', NULL, 19, NULL, 386, NULL),
(1090, 40, NULL, 5, 3, 5, 2, NULL, NULL, 'MX0YH2234663475E2GJU', '2014-05-16', '0', '2014-05-16 15:57:20', '', NULL, 18, NULL, 385, NULL),
(1091, 82, NULL, 5, 2, 5, 4, NULL, 2, 'MXL3180HPD', '2014-05-16', '0', '2014-05-16 15:58:30', '4.O GB', NULL, 18, NULL, 385, NULL),
(1092, 46, NULL, 5, 3, 5, 2, NULL, NULL, 'CNOR289D7161884NFR0U', '2014-05-16', '0', '2014-05-16 16:04:13', '', NULL, 18, NULL, 388, NULL),
(1093, 2, NULL, 5, 2, 5, 2, NULL, 1, '955VCG1', '2014-05-16', '0', '2014-05-16 16:05:02', '1.O GB', NULL, 18, NULL, 388, NULL),
(1094, 40, NULL, 2, 3, 25, 2, NULL, NULL, 'CN0WH318728726AE3W8U', '0000-00-00', '0', '2014-05-16 16:11:02', '', NULL, 2, NULL, NULL, NULL),
(1095, 37, NULL, 2, 3, 25, 2, NULL, NULL, 'CN0FP8167426184746FU', '0000-00-00', '0', '2014-05-16 16:12:06', '', NULL, 2, NULL, NULL, NULL),
(1096, 37, NULL, 2, 3, 25, 2, NULL, NULL, 'CN0FP8167426184749CU', '0000-00-00', '0', '2014-05-16 16:13:11', '', NULL, 2, NULL, NULL, NULL),
(1097, 16, NULL, 5, 5, 5, 4, NULL, 2, '2CE249129S', '2014-05-16', '0', '2014-05-16 16:13:43', '4.0 GB', NULL, 18, NULL, 393, NULL),
(1098, 37, NULL, 2, 3, 25, 2, NULL, NULL, 'CN0FP8167426184749RU', '0000-00-00', '0', '2014-05-16 16:13:55', '', NULL, 2, NULL, NULL, NULL),
(1099, 59, NULL, 2, 3, 25, 9, NULL, NULL, '912025011495', '0000-00-00', '0', '2014-05-16 16:15:24', '', NULL, 2, NULL, NULL, NULL),
(1100, 52, NULL, 5, 3, 5, 2, NULL, NULL, 'CN0RY979742618154V2S', '2014-05-16', '0', '2014-05-16 16:24:19', '', NULL, 18, NULL, 396, NULL),
(1101, 36, NULL, 5, 3, 5, 2, NULL, NULL, 'CN0U4795716184BPABCB', '2014-05-16', '0', '2014-05-16 16:24:56', '', NULL, 19, NULL, 387, NULL),
(1102, 82, NULL, 5, 2, 5, 4, NULL, 2, 'MXL32725W0', '2014-05-16', '0', '2014-05-16 16:25:24', '4.0 GB', NULL, 18, NULL, 396, NULL),
(1103, 7, NULL, 5, 2, 5, 2, NULL, 1, 'JZZFP61', '2014-05-16', '0', '2014-05-16 16:25:49', '1.0 GB', NULL, 19, NULL, 387, NULL),
(1104, 51, NULL, 5, 3, 5, 2, NULL, NULL, 'CN0C5369641805171WAS', '2014-05-16', '0', '2014-05-16 16:27:43', '', NULL, 19, NULL, 387, NULL),
(1105, 7, NULL, 5, 2, 5, 2, NULL, 1, 'DMXFP61', '2014-05-16', '0', '2014-05-16 16:28:50', 'DMXFP61', NULL, 19, NULL, 387, NULL),
(1106, 16, NULL, 5, 5, 5, 4, NULL, 2, '2CE3101J2X', '2014-05-16', '0', '2014-05-16 16:28:54', '4.0 GB', NULL, 18, NULL, 397, NULL),
(1107, 40, NULL, 5, 3, 5, 2, NULL, NULL, 'CN0UH572466336C94N2U', '2014-05-16', '0', '2014-05-16 16:29:37', '', NULL, 19, NULL, 387, NULL),
(1108, 7, NULL, 5, 2, 5, 2, NULL, 1, '4PXFP6', '2014-05-16', '0', '2014-05-16 16:30:51', '1.0 GB', NULL, 19, NULL, 387, NULL),
(1109, 45, NULL, 5, 3, 5, 2, NULL, NULL, 'CN0MC040641806371A0C', '2014-05-16', '0', '2014-05-16 16:31:36', '', NULL, 19, NULL, 389, NULL),
(1110, 16, NULL, 5, 5, 5, 4, NULL, 2, '2CE2392HWD', '2014-05-16', '0', '2014-05-16 16:32:36', '4.0 GB', NULL, 18, NULL, 398, NULL),
(1111, 2, NULL, 5, 2, 5, 2, NULL, 1, '1DPRTF1', '2014-05-16', '0', '2014-05-16 16:32:43', '1.0 GB', NULL, 19, NULL, 389, NULL),
(1112, 24, NULL, 5, 3, 5, 2, NULL, NULL, 'CN06R6444780437KN3SX', '2014-05-16', '0', '2014-05-16 16:33:16', '', NULL, 19, NULL, 390, NULL),
(1113, 9, NULL, 5, 2, 5, 2, NULL, 1, 'BS36V91', '2014-05-16', '0', '2014-05-16 16:34:08', '1.0 GB', NULL, 19, NULL, 390, NULL),
(1114, 105, NULL, 2, 3, 25, 4, NULL, NULL, 'SN1', '0000-00-00', '0', '2014-05-16 16:35:15', '', NULL, 2, NULL, NULL, NULL),
(1115, 11, NULL, 5, 5, 5, 2, NULL, 2, '36BFQN1 ', '2014-05-16', '0', '2014-05-16 16:35:22', '4.0 GB', NULL, 19, NULL, 390, NULL),
(1116, 37, NULL, 2, 3, 25, 2, NULL, NULL, 'CN0FP8167426184749FU', '0000-00-00', '0', '2014-05-16 16:37:11', '', NULL, 2, NULL, NULL, NULL),
(1117, 37, NULL, 2, 3, 25, 2, NULL, NULL, 'CN0FP8167426184733LU', '0000-00-00', '0', '2014-05-16 16:37:47', '', NULL, 2, NULL, NULL, NULL),
(1118, 14, NULL, 5, 5, 5, 4, NULL, 2, 'CLU20993G9N', '2014-05-16', '0', '2014-05-16 16:37:48', '4.0 GB', NULL, 18, NULL, 399, NULL),
(1119, 37, NULL, 2, 3, 25, 2, NULL, NULL, 'CN0FP81674261830339AA', '0000-00-00', '0', '2014-05-16 16:38:53', '', NULL, 2, NULL, NULL, NULL),
(1120, 51, NULL, 5, 3, 5, 2, NULL, NULL, 'CN0Y44137220149I0P1L', '2014-05-16', '0', '2014-05-16 16:38:55', '', NULL, 19, NULL, 390, NULL),
(1121, 9, NULL, 5, 2, 5, 2, NULL, 1, 'GVJWC81', '2014-05-16', '0', '2014-05-16 16:39:57', '1.0 GB', NULL, 19, NULL, 390, NULL),
(1122, 31, NULL, 2, 3, 25, 10, NULL, NULL, 'MJH9NP102685K', '0000-00-00', '0', '2014-05-16 16:40:03', '', NULL, 2, NULL, NULL, NULL),
(1123, 100, NULL, 5, 5, 5, 4, NULL, 2, '2CE40212W6', '2014-05-16', '0', '2014-05-16 16:40:37', '4.0 GB', NULL, 18, NULL, 400, NULL),
(1124, 24, NULL, 2, 3, 25, 2, NULL, NULL, 'CN06R6444780437KN3NG', '0000-00-00', '0', '2014-05-16 16:40:59', '', NULL, 2, NULL, NULL, NULL),
(1125, 23, NULL, 5, 2, 5, 2, NULL, 1, 'JT2L1D1', '2014-05-16', '0', '2014-05-16 16:41:24', '1.0 GB', NULL, 19, NULL, 390, NULL),
(1126, 9, NULL, 2, 2, 25, 2, NULL, NULL, '1276V91', '0000-00-00', '0', '2014-05-16 16:41:52', '', NULL, 2, NULL, NULL, NULL),
(1127, 36, NULL, 5, 3, 5, 2, NULL, NULL, 'CN0U47957161857FGAH7', '2014-05-16', '0', '2014-05-16 16:42:19', '', NULL, 19, NULL, 391, NULL),
(1128, 38, NULL, 5, 2, 5, 2, NULL, 2, '3GV9BP1', '2014-05-16', '0', '2014-05-16 16:43:00', '3.0 GB', NULL, 19, NULL, 391, NULL),
(1129, 9, NULL, 2, 2, 25, 2, NULL, NULL, '5TRXQ91', '0000-00-00', '0', '2014-05-16 16:43:26', '', NULL, 2, NULL, NULL, NULL),
(1130, 20, NULL, 5, 3, 5, 2, NULL, NULL, 'CN0X706H728720580FLL', '2014-05-16', '0', '2014-05-16 16:43:31', '', NULL, 18, NULL, 401, NULL),
(1131, 8, NULL, 2, 2, 25, 2, NULL, NULL, 'CQ0VH31', '0000-00-00', '0', '2014-05-16 16:43:51', '', NULL, 2, NULL, NULL, NULL),
(1132, 37, NULL, 5, 3, 5, 2, NULL, NULL, 'CN0PM3727287279K0MMI', '2014-05-16', '0', '2014-05-16 16:44:02', '', NULL, 19, NULL, 392, NULL),
(1133, 8, NULL, 2, 2, 25, 2, NULL, NULL, 'JKPC851', '0000-00-00', '0', '2014-05-16 16:44:08', '', NULL, 2, NULL, NULL, NULL),
(1134, 49, NULL, 5, 2, 5, 4, NULL, 2, 'MXL249075F', '2014-05-16', '0', '2014-05-16 16:44:31', '4.0 GB', NULL, 18, NULL, 401, NULL),
(1135, 9, NULL, 2, 2, 25, 2, NULL, NULL, '8LVSQ91', '0000-00-00', '0', '2014-05-16 16:44:34', '', NULL, 2, NULL, NULL, NULL),
(1136, 23, NULL, 5, 2, 5, 2, NULL, 1, 'C46N2D1', '2014-05-16', '0', '2014-05-16 16:44:50', '1.0 GB', NULL, 19, NULL, 392, NULL),
(1137, 9, NULL, 2, 2, 25, 2, NULL, NULL, '55SCV91', '0000-00-00', '0', '2014-05-16 16:44:56', '', NULL, 2, NULL, NULL, NULL),
(1138, 40, NULL, 5, 3, 5, 2, NULL, NULL, 'CN0WH318728726B340EU', '2014-05-16', '0', '2014-05-16 16:45:21', '', NULL, 19, NULL, 392, NULL),
(1139, 23, NULL, 2, 2, 25, 2, NULL, NULL, 'FHW8PC1', '0000-00-00', '0', '2014-05-16 16:45:40', '', NULL, 2, NULL, NULL, NULL),
(1140, 9, NULL, 2, 2, 25, 2, NULL, NULL, '8MVSQ91', '0000-00-00', '0', '2014-05-16 16:46:07', '', NULL, 2, NULL, NULL, NULL),
(1141, 8, NULL, 2, 2, 25, 2, NULL, NULL, 'BT8VH31', '2014-05-16', '0', '2014-05-16 16:47:46', '', NULL, 8, NULL, NULL, NULL),
(1142, 20, NULL, 2, 3, 5, 2, NULL, NULL, 'CN0N300H641800C805QL', '2014-05-16', '0', '2014-05-16 16:49:49', '', NULL, 18, NULL, NULL, NULL),
(1143, 2, NULL, 2, 2, 5, 2, NULL, 1, '675VCG1', '2014-05-16', '0', '2014-05-16 16:50:38', '1.0 GB', NULL, 18, NULL, NULL, NULL),
(1144, 39, NULL, 2, 3, 5, 2, NULL, NULL, 'CN0M161964180417092S', '2014-05-16', '0', '2014-05-16 16:51:10', '', NULL, 18, NULL, NULL, NULL),
(1145, 80, NULL, 2, 2, 5, 4, NULL, 2, 'MXL12120GT', '2014-05-16', '0', '2014-05-16 16:51:55', '3.0 GB', NULL, 18, NULL, NULL, NULL),
(1146, 20, NULL, 2, 3, 26, 2, NULL, NULL, 'CN0N300H641800BU09FL', '0000-00-00', '0', '2014-05-16 16:58:44', '', NULL, 2, NULL, NULL, NULL),
(1147, 7, NULL, 2, 2, 26, 2, NULL, 1, 'CLLRB71', '0000-00-00', '0', '2014-05-16 16:59:31', '1.0 GB', NULL, 2, NULL, NULL, NULL),
(1148, 50, NULL, 2, 3, 26, 3, NULL, NULL, '309JE05833', '0000-00-00', '0', '2014-05-16 16:59:48', '1.0 GB', NULL, 2, NULL, NULL, NULL),
(1149, 4, NULL, 2, 2, 26, 2, NULL, 1, 'HT71QL1', '0000-00-00', '0', '2014-05-16 17:00:11', '2.0 GB', NULL, 2, NULL, NULL, NULL),
(1150, 7, NULL, 5, 2, 5, 2, NULL, 1, 'JCZF761', '2014-05-16', '0', '2014-05-16 17:01:46', '1.0 GB', NULL, 19, NULL, 392, NULL),
(1151, 51, NULL, 5, 3, 5, 2, NULL, NULL, 'CN0Y44137220149I0NTL', '2014-05-16', '0', '2014-05-16 17:02:13', '', NULL, 19, NULL, 392, NULL),
(1152, 9, NULL, 5, 2, 5, 2, NULL, 2, 'JKVSQ91', '2014-05-16', '0', '2014-05-16 17:02:46', '1.0 GB', NULL, 19, NULL, 392, NULL),
(1153, 51, NULL, 5, 3, 5, 2, NULL, NULL, 'CN0C5369641804980FAH', '2014-05-16', '0', '2014-05-16 17:03:29', '', NULL, 19, NULL, 392, NULL),
(1154, 7, NULL, 5, 2, 5, 2, NULL, 1, '7T6FP61', '2014-05-16', '0', '2014-05-16 17:04:04', '1.0 GB', NULL, 19, NULL, 392, NULL),
(1155, 45, NULL, 5, 3, 26, 2, NULL, NULL, 'CN0T99984663362B8YJU', '0000-00-00', '0', '2014-05-16 17:04:14', '2.0 GB', NULL, 2, NULL, 402, NULL),
(1156, 51, NULL, 5, 3, 26, 2, NULL, NULL, 'CN0C53696418052G2TES', '0000-00-00', '0', '2014-05-16 17:04:25', '2.0 GB', NULL, 2, NULL, 402, NULL),
(1157, 82, NULL, 5, 2, 26, 4, NULL, 2, 'MXL3180HPL', '0000-00-00', '0', '2014-05-16 17:04:50', '2.0 GB', NULL, 2, NULL, 402, NULL),
(1158, 84, NULL, 5, 2, 26, 2, NULL, 1, 'JKQHBF1', '0000-00-00', '0', '2014-05-16 17:05:16', '1.0 GB', NULL, 2, NULL, 402, NULL),
(1159, 39, NULL, 5, 3, 5, 2, NULL, NULL, 'CN0M1619641803CR0T0L', '2014-05-16', '0', '2014-05-16 17:06:00', '', NULL, 19, NULL, 392, NULL),
(1160, 7, NULL, 5, 2, 5, 2, NULL, 1, 'H9ZF761', '2014-05-16', '0', '2014-05-16 17:06:35', '1.0 GB', NULL, 19, NULL, 392, NULL),
(1161, 39, NULL, 5, 3, 5, 2, NULL, NULL, 'CN0M16196418044U2EUH', '2014-05-16', '0', '2014-05-16 17:08:54', '', NULL, 19, NULL, 394, NULL),
(1162, 53, NULL, 2, 3, 26, 11, NULL, NULL, 'MUL5022C0080690', '0000-00-00', '0', '2014-05-16 17:09:08', '1.0 GB', NULL, 2, NULL, NULL, NULL);
INSERT INTO `equipogeneral` (`id`, `idModelo`, `idProveedores`, `idEstatus`, `idTipoEquipo`, `idHotel`, `idMarca`, `idTamano`, `idSitemaOperativo`, `numeroSerie`, `fechaCompra`, `factura`, `fechaIngreso`, `memoria`, `nombrePC`, `capturaColaboradorId`, `idHotelCambio`, `resguardo_idresguardo`, `idPrestamo`) VALUES
(1163, 6, NULL, 5, 2, 5, 2, NULL, 1, 'BG3TP31', '2014-05-16', '0', '2014-05-16 17:09:53', '1.0 GB', NULL, 19, NULL, 394, NULL),
(1164, 2, NULL, 2, 2, 26, 2, NULL, 1, 'JMKRVG1', '0000-00-00', '0', '2014-05-16 17:09:57', '1.0 GB', NULL, 2, NULL, NULL, NULL),
(1165, 39, NULL, 5, 3, 26, 2, NULL, NULL, 'CN0M1619641803CR0SHL', '0000-00-00', '0', '2014-05-16 17:10:16', '1.0 GB', NULL, 2, NULL, 403, NULL),
(1166, 9, NULL, 5, 2, 26, 2, NULL, 1, 'GHC0R91', '0000-00-00', '0', '2014-05-16 17:10:44', '2.0 GB', NULL, 2, NULL, 403, NULL),
(1167, 37, NULL, 5, 3, 5, 2, NULL, NULL, 'CN0F534H744438AAACFK', '2014-05-16', '0', '2014-05-16 17:10:45', '', NULL, 19, NULL, 392, NULL),
(1168, 45, NULL, 5, 3, 26, 2, NULL, NULL, 'CN0T99984663362B95NU', '0000-00-00', '0', '2014-05-16 17:11:02', '2.0 GB', NULL, 2, NULL, 404, NULL),
(1169, 99, NULL, 5, 2, 26, 2, NULL, 1, '2YFP61', '0000-00-00', '0', '2014-05-16 17:11:30', '0.5 GB', NULL, 2, NULL, 404, NULL),
(1170, 38, NULL, 5, 2, 5, 2, NULL, 2, '3GV79P1', '2014-05-16', '0', '2014-05-16 17:11:32', '3.0 GB', NULL, 19, NULL, 392, NULL),
(1171, 51, NULL, 2, 3, 5, 2, NULL, NULL, 'CN0C5369641804C301W', '2014-05-16', '0', '2014-05-16 17:12:50', '', NULL, 18, NULL, NULL, NULL),
(1172, 23, NULL, 2, 2, 5, 2, NULL, 1, 'JG90WC1', '2014-05-16', '0', '2014-05-16 17:13:38', '2.0 GB', NULL, 18, NULL, NULL, NULL),
(1173, 45, NULL, 5, 3, 26, 2, NULL, NULL, 'CN0MC0406418063719AC', '0000-00-00', '0', '2014-05-16 17:13:42', '0.5 GB', NULL, 2, NULL, 404, NULL),
(1174, 2, NULL, 5, 2, 26, 2, NULL, 1, 'JH6R8F11', '0000-00-00', '0', '2014-05-16 17:14:03', '2.0 GB', NULL, 2, NULL, 404, NULL),
(1175, 51, NULL, 2, 3, 26, 2, NULL, NULL, 'CN0C5369641804C30AAS', '0000-00-00', '0', '2014-05-16 17:15:36', '2.0 GB', NULL, 2, NULL, NULL, NULL),
(1176, 24, NULL, 2, 3, 26, 2, NULL, NULL, 'CN06R64447804366C0HE', '0000-00-00', '0', '2014-05-16 17:16:12', '2.0 GB', NULL, 2, NULL, NULL, NULL),
(1177, 51, NULL, 2, 3, 26, 2, NULL, NULL, 'CN0C5369641804C10ACC', '0000-00-00', '0', '2014-05-16 17:16:24', '2.0 GB', NULL, 2, NULL, NULL, NULL),
(1178, 51, NULL, 2, 3, 26, 2, NULL, NULL, 'CN0C5369641804980F6H', '0000-00-00', '0', '2014-05-16 17:16:31', '2.0 GB', NULL, 2, NULL, NULL, NULL),
(1179, 39, NULL, 2, 3, 26, 2, NULL, NULL, 'MX0N2363483234553X6L', '0000-00-00', '0', '2014-05-16 17:16:41', '2.0 GB', NULL, 2, NULL, NULL, NULL),
(1180, 51, NULL, 2, 3, 26, 2, NULL, NULL, 'CN0C5369641804BD0VEC', '0000-00-00', '0', '2014-05-16 17:16:52', '2.0 GB', NULL, 2, NULL, NULL, NULL),
(1181, 37, NULL, 5, 3, 26, 2, NULL, NULL, 'CN06552H72872866O068LA00', '0000-00-00', '0', '2014-05-16 17:17:00', '2.0 GB', NULL, 2, NULL, 406, NULL),
(1182, 45, NULL, 2, 3, 26, 2, NULL, NULL, 'CN0CC6397287262D59YL', '0000-00-00', '0', '2014-05-16 17:17:08', '2.0 GB', NULL, 2, NULL, NULL, NULL),
(1183, 45, NULL, 5, 3, 26, 2, NULL, NULL, 'CN0T99984663362B96PU', '0000-00-00', '0', '2014-05-16 17:19:48', '2.0 GB', NULL, 2, NULL, 408, NULL),
(1184, 51, NULL, 5, 3, 26, 2, NULL, NULL, 'CN0C5369641804C1035C', '0000-00-00', '0', '2014-05-16 17:19:57', '2.0 GB', NULL, 2, NULL, 408, NULL),
(1185, 45, NULL, 5, 3, 26, 2, NULL, NULL, 'CN0MC040641805CH022S', '0000-00-00', '0', '2014-05-16 17:20:06', '2.0 GB', NULL, 2, NULL, 409, NULL),
(1186, 36, NULL, 2, 3, 26, 2, NULL, NULL, 'CN0U479571618622GLL5', '0000-00-00', '0', '2014-05-16 17:20:21', '2.0 GB', NULL, 2, NULL, NULL, NULL),
(1187, 50, NULL, 5, 3, 26, 3, NULL, NULL, '309JE04924', '0000-00-00', '0', '2014-05-16 17:20:30', '2.0 GB', NULL, 2, NULL, 410, NULL),
(1188, 39, NULL, 5, 3, 26, 2, NULL, NULL, 'CN0M1619641804190JUH', '0000-00-00', '0', '2014-05-16 17:20:45', '2.0 GB', NULL, 2, NULL, 410, NULL),
(1189, 52, NULL, 5, 3, 26, 2, NULL, NULL, 'CN0RY9794663376RALDS', '0000-00-00', '0', '2014-05-16 17:20:54', '2.0 GB', NULL, 2, NULL, 410, NULL),
(1190, 46, NULL, 5, 3, 26, 2, NULL, NULL, 'CN0R289D7161884NEXPU', '0000-00-00', '0', '2014-05-16 17:21:08', '2.0 GB', NULL, 2, NULL, 412, NULL),
(1191, 45, NULL, 5, 3, 26, 2, NULL, NULL, 'CN0MC0406418062S135S', '0000-00-00', '0', '2014-05-16 17:21:22', '2.0 GB', NULL, 2, NULL, 413, NULL),
(1192, 37, NULL, 5, 3, 26, 2, NULL, NULL, 'CN0C552H728728660G9L', '0000-00-00', '0', '2014-05-16 17:21:30', '2.0 GB', NULL, 2, NULL, 413, NULL),
(1193, 51, NULL, 5, 3, 26, 2, NULL, NULL, 'CN0Y44137287255M0WAY', '0000-00-00', '0', '2014-05-16 17:21:37', '2.0 GB', NULL, 2, NULL, 413, NULL),
(1194, 82, NULL, 2, 2, 26, 4, NULL, 2, 'MXL2380RL2', '0000-00-00', '0', '2014-05-16 17:22:11', '4.0 GB', NULL, 2, NULL, NULL, NULL),
(1195, 82, NULL, 2, 2, 26, 4, NULL, 2, 'MXL3141D7K', '0000-00-00', '0', '2014-05-16 17:22:20', '4.0 GB', NULL, 2, NULL, NULL, NULL),
(1196, 82, NULL, 2, 2, 26, 4, NULL, 2, 'MXL24408X3', '0000-00-00', '0', '2014-05-16 17:22:27', '4.0 GB', NULL, 2, NULL, NULL, NULL),
(1197, 82, NULL, 2, 2, 26, 4, NULL, 2, 'MXL2490753', '0000-00-00', '0', '2014-05-16 17:22:33', '4.0 GB', NULL, 2, NULL, NULL, NULL),
(1198, 82, NULL, 2, 2, 26, 4, NULL, 2, 'MXL24907WZ', '0000-00-00', '0', '2014-05-16 17:22:39', '4.0 GB', NULL, 2, NULL, NULL, NULL),
(1199, 30, NULL, 2, 2, 26, 4, NULL, 2, 'MXL4061629', '0000-00-00', '0', '2014-05-16 17:22:50', '4.0 GB', NULL, 2, NULL, NULL, NULL),
(1200, 2, NULL, 5, 2, 26, 2, NULL, 1, 'F3CSXF1', '0000-00-00', '0', '2014-05-16 17:23:12', '1.0 GB', NULL, 2, NULL, 406, NULL),
(1201, 2, NULL, 2, 2, 26, 2, NULL, 1, '9X0G5H1', '0000-00-00', '0', '2014-05-16 17:23:18', '1.0 GB', NULL, 2, NULL, NULL, NULL),
(1202, 80, NULL, 2, 2, 26, 4, NULL, 2, 'MXL12120K9', '0000-00-00', '0', '2014-05-16 17:23:45', '3.0 GB', NULL, 2, NULL, NULL, NULL),
(1203, 2, NULL, 5, 2, 26, 2, NULL, 1, 'JPKRVG1', '0000-00-00', '0', '2014-05-16 17:24:06', '1.0 GB', NULL, 2, NULL, 408, NULL),
(1204, 7, NULL, 5, 2, 26, 2, NULL, 1, 'G5F6071', '0000-00-00', '0', '2014-05-16 17:24:43', '1.0 GB', NULL, 2, NULL, 408, NULL),
(1205, 7, NULL, 5, 2, 26, 2, NULL, 1, '4QD1J61', '0000-00-00', '0', '2014-05-16 17:24:50', '1.0 GB', NULL, 2, NULL, 409, NULL),
(1206, 23, NULL, 2, 2, 26, 2, NULL, 1, 'HT2L1D1', '0000-00-00', '0', '2014-05-16 17:25:10', '1.0 GB', NULL, 2, NULL, NULL, NULL),
(1207, 48, NULL, 5, 2, 26, 2, NULL, 1, 'BSRXQ91', '0000-00-00', '0', '2014-05-16 17:25:28', '1.0 GB', NULL, 2, NULL, 410, NULL),
(1208, 23, NULL, 5, 2, 26, 2, NULL, 1, 'DKZFLC1', '0000-00-00', '0', '2014-05-16 17:25:36', '1.0 GB', NULL, 2, NULL, 410, NULL),
(1209, 2, NULL, 5, 2, 26, 2, NULL, 1, '1RPH5H1', '0000-00-00', '0', '2014-05-16 17:25:44', '1.0 GB', NULL, 2, NULL, 410, NULL),
(1210, 4, NULL, 5, 2, 26, 2, NULL, 1, 'HT1XQL1', '0000-00-00', '0', '2014-05-16 17:26:38', '2.0 GB', NULL, 2, NULL, 412, NULL),
(1211, 2, NULL, 5, 2, 26, 2, NULL, 1, '7N3BLH1', '0000-00-00', '0', '2014-05-16 17:26:55', '1.0 GB', NULL, 2, NULL, 413, NULL),
(1212, 2, NULL, 5, 2, 26, 2, NULL, 1, 'BNKRVG1', '0000-00-00', '0', '2014-05-16 17:27:01', '1.0 GB', NULL, 2, NULL, 413, NULL),
(1213, 7, NULL, 5, 2, 26, 2, NULL, 1, '2KY5L71', '0000-00-00', '0', '2014-05-16 17:27:11', '1.0 GB', NULL, 2, NULL, 413, NULL),
(1214, 51, NULL, 5, 3, 5, 2, NULL, NULL, 'CN0C5369641804BR1B4C', '2014-05-16', '0', '2014-05-16 17:29:50', '', NULL, 18, NULL, 405, NULL),
(1215, 9, NULL, 5, 2, 5, 2, NULL, 1, 'FSRXQ91', '2014-05-16', '0', '2014-05-16 17:30:50', '2.0 GB', NULL, 18, NULL, 405, NULL),
(1216, 107, NULL, 2, 2, 26, 8, NULL, 2, 'S1HFB00', '0000-00-00', '0', '2014-05-16 17:38:35', '4.0 GB', NULL, 2, NULL, NULL, NULL),
(1217, 107, NULL, 2, 2, 26, 8, NULL, 2, 'S1HFC48', '0000-00-00', '0', '2014-05-16 17:38:42', '4.0 GB', NULL, 2, NULL, NULL, NULL),
(1218, 107, NULL, 2, 2, 26, 8, NULL, 2, 'S1HFC53', '0000-00-00', '0', '2014-05-16 17:38:46', '4.0 GB', NULL, 2, NULL, NULL, NULL),
(1219, 20, NULL, 5, 3, 5, 2, NULL, NULL, 'CN0N300H6418006D015L', '2014-05-16', '0', '2014-05-16 17:41:24', '', NULL, 18, NULL, 407, NULL),
(1220, 9, NULL, 5, 2, 5, 2, NULL, 1, 'DQ36V91', '2014-05-16', '0', '2014-05-16 17:42:09', '2.0 GB', NULL, 18, NULL, 407, NULL),
(1221, 31, NULL, 5, 3, 5, 10, NULL, NULL, 'ZYGFH4LD700061E', '2014-05-16', '0', '2014-05-16 17:42:41', '', NULL, 18, NULL, 407, NULL),
(1222, 82, NULL, 5, 2, 5, 4, NULL, 2, 'MXL3180HP9', '2014-05-16', '0', '2014-05-16 17:43:30', '4.0 GB', NULL, 18, NULL, 407, NULL),
(1223, 51, NULL, 5, 3, 5, 2, NULL, NULL, 'CN0Y44137220149I0NCL', '2014-05-16', '0', '2014-05-16 17:50:22', '', NULL, 19, NULL, 395, NULL),
(1224, 7, NULL, 5, 2, 5, 2, NULL, 1, 'BGZF761', '2014-05-16', '0', '2014-05-16 17:51:10', '1.0 GB', NULL, 19, NULL, 395, NULL),
(1225, 40, NULL, 5, 3, 5, 2, NULL, NULL, 'CN0WH318728726AE406U', '2014-05-16', '0', '2014-05-16 18:00:07', '', NULL, 18, NULL, 411, NULL),
(1226, 82, NULL, 5, 2, 5, 4, NULL, 2, 'MXL2380RL1', '2014-05-16', '0', '2014-05-16 18:00:57', '4.0 GB', NULL, 18, NULL, 411, NULL),
(1227, 50, NULL, 2, 3, 5, 3, NULL, NULL, '309JE05098', '2014-05-16', '0', '2014-05-16 18:09:18', '', NULL, 18, NULL, NULL, NULL),
(1228, 9, NULL, 2, 2, 5, 2, NULL, 1, '39QWC81', '2014-05-16', '0', '2014-05-16 18:19:40', '1.0 GB', NULL, 18, NULL, NULL, NULL),
(1229, 39, NULL, 2, 3, 5, 2, NULL, NULL, 'CN0M1619641803CR0SKL', '2014-05-16', '0', '2014-05-16 18:20:17', '', NULL, 18, NULL, NULL, NULL),
(1230, 2, NULL, 2, 2, 5, 2, NULL, 1, '3RPH5H1', '2014-05-16', '0', '2014-05-16 18:21:06', '1.0 GB', NULL, 18, NULL, NULL, NULL),
(1231, 51, NULL, 2, 3, 5, 2, NULL, NULL, 'CN0Y44137220149K46PL', '2014-05-16', '0', '2014-05-16 18:22:37', '', NULL, 18, NULL, NULL, NULL),
(1232, 9, NULL, 2, 2, 5, 2, NULL, 1, '15K6V91', '2014-05-16', '0', '2014-05-16 18:23:22', '2.0 GB', NULL, 18, NULL, NULL, NULL),
(1233, 36, NULL, 5, 3, 5, 2, NULL, NULL, 'CN0U47957161857FG786', '2014-05-16', '0', '2014-05-16 18:26:01', '', NULL, 19, NULL, 414, NULL),
(1234, 38, NULL, 5, 2, 5, 2, NULL, 2, '3GVS9P1', '2014-05-16', '0', '2014-05-16 18:27:19', '3.0 GB', NULL, 19, NULL, 414, NULL),
(1235, 50, NULL, 5, 3, 5, 3, NULL, NULL, '309JE05097', '2014-05-16', '0', '2014-05-16 18:27:49', '', NULL, 19, NULL, 415, NULL),
(1236, 38, NULL, 5, 2, 5, 2, NULL, 2, '3GV5BP1', '2014-05-16', '0', '2014-05-16 18:28:38', '3.0 GB', NULL, 19, NULL, 415, NULL),
(1237, 36, NULL, 5, 3, 5, 2, NULL, NULL, 'CN0U47957161857FG764', '2014-05-16', '0', '2014-05-16 18:29:15', '', NULL, 19, NULL, 416, NULL),
(1238, 9, NULL, 5, 2, 5, 2, NULL, 1, '9T36V91', '2014-05-16', '0', '2014-05-16 18:30:30', '1.0 GB', NULL, 19, NULL, 416, NULL),
(1239, 52, NULL, 5, 3, 5, 2, NULL, NULL, 'CN0RY9794663377D6T3S', '2014-05-16', '0', '2014-05-16 18:31:42', '', NULL, 19, NULL, 417, NULL),
(1240, 6, NULL, 5, 2, 5, 2, NULL, 1, 'DKPC851', '2014-05-16', '0', '2014-05-16 18:32:29', '2.0 GB', NULL, 19, NULL, 417, NULL),
(1241, 24, NULL, 5, 3, 5, 2, NULL, NULL, 'CN06R6444780437KN3GB', '2014-05-16', '0', '2014-05-16 18:33:28', '', NULL, 19, NULL, 418, NULL),
(1242, 50, NULL, 5, 3, 5, 3, NULL, NULL, '309JE04668', '2014-05-16', '0', '2014-05-16 20:10:37', '', NULL, 19, NULL, 419, NULL),
(1243, 9, NULL, 5, 2, 5, 2, NULL, 1, '1MYJV81', '2014-05-16', '0', '2014-05-16 20:11:22', '1.0 GB', NULL, 19, NULL, 419, NULL),
(1244, 50, NULL, 5, 3, 5, 3, NULL, NULL, '309JE05105', '2014-05-16', '0', '2014-05-16 20:11:51', '', NULL, 19, NULL, 420, NULL),
(1245, 23, NULL, 5, 2, 5, 2, NULL, 1, 'FT2L1D1', '2014-05-16', '0', '2014-05-16 20:12:59', '3.0 GB', NULL, 19, NULL, 420, NULL),
(1246, 50, NULL, 5, 3, 5, 3, NULL, NULL, '309JE05095', '2014-05-16', '0', '2014-05-16 20:13:34', '', NULL, 19, NULL, 421, NULL),
(1247, 30, NULL, 5, 2, 5, 4, NULL, 2, 'MXL34912NY', '2014-05-16', '0', '2014-05-16 20:14:43', '3.0 GB', NULL, 19, NULL, 421, NULL),
(1248, 20, NULL, 5, 3, 5, 2, NULL, NULL, 'CN0X706H728729BK0E7L', '2014-05-16', '0', '2014-05-16 20:15:15', '', NULL, 19, NULL, 422, NULL),
(1249, 9, NULL, 5, 2, 5, 2, NULL, 1, '4KVSQ91', '2014-05-16', '0', '2014-05-16 20:15:58', '1.0 GB', NULL, 19, NULL, 422, NULL),
(1250, 37, NULL, 5, 3, 5, 2, NULL, NULL, '7287286606DLA00', '2014-05-16', '0', '2014-05-16 20:17:03', '', NULL, 19, NULL, 423, NULL),
(1251, 38, NULL, 5, 2, 5, 2, NULL, 2, '3GRW9P1', '2014-05-16', '0', '2014-05-16 20:17:32', '3.0 GB', NULL, 19, NULL, 423, NULL),
(1252, 45, NULL, 5, 3, 5, 2, NULL, NULL, 'CN0MC040641805CQ17W', '2014-05-16', '0', '2014-05-16 20:22:15', '', NULL, 18, NULL, 424, NULL),
(1253, 82, NULL, 5, 2, 5, 4, NULL, 2, 'MXL24408XB', '2014-05-16', '0', '2014-05-16 20:25:09', '4.0 GB', NULL, 18, NULL, 424, NULL),
(1254, 51, NULL, 5, 3, 5, 2, NULL, NULL, 'CN0C5369641804C103W', '2014-05-16', '0', '2014-05-16 20:25:39', '', NULL, 18, NULL, 424, NULL),
(1255, 49, NULL, 5, 2, 5, 4, NULL, 2, 'MXL3022729', '2014-05-16', '0', '2014-05-16 20:26:14', '4.0 GB', NULL, 18, NULL, 424, NULL),
(1256, 40, NULL, 5, 3, 5, 2, NULL, NULL, 'CN0WH318728726AD72H', '2014-05-16', '0', '2014-05-16 20:27:24', '', NULL, 18, NULL, 424, NULL),
(1257, 82, NULL, 5, 2, 5, 4, NULL, 2, 'MXL3141D6J', '2014-05-16', '0', '2014-05-16 20:28:37', '4.0 GB', NULL, 18, NULL, 424, NULL),
(1258, 51, NULL, 5, 3, 5, 2, NULL, NULL, 'CN0C53696418051838QS', '2014-05-16', '0', '2014-05-16 20:29:14', '', NULL, 18, NULL, 424, NULL),
(1259, 82, NULL, 5, 2, 5, 4, NULL, 2, 'MXL3141D7X', '2014-05-16', '0', '2014-05-16 20:29:51', '4.0 GB', NULL, 18, NULL, 424, NULL),
(1260, 51, NULL, 5, 3, 5, 2, NULL, NULL, 'CN0C5369641804C30B6', '2014-05-16', '0', '2014-05-16 20:30:53', '', NULL, 18, NULL, 424, NULL),
(1261, 82, NULL, 5, 2, 5, 4, NULL, 2, 'MXL302270K', '2014-05-16', '0', '2014-05-16 20:31:31', '4.0 GB', NULL, 18, NULL, 424, NULL),
(1262, 37, NULL, 5, 3, 5, 2, NULL, NULL, 'CN0FP8167426181P241I', '2014-05-16', '0', '2014-05-16 20:38:45', '', NULL, 18, NULL, 425, NULL),
(1263, 9, NULL, 5, 2, 5, 2, NULL, 1, '7SRXQ91', '2014-05-16', '0', '2014-05-16 20:39:30', '1.0 GB', NULL, 18, NULL, 425, NULL),
(1264, 4, NULL, 5, 2, 4, 2, NULL, 1, 'HT2KQL1', '0000-00-00', '0', '2014-05-16 20:44:00', '4.0 GB', NULL, 2, NULL, 426, NULL),
(1265, 2, NULL, 5, 2, 4, 2, NULL, 1, '965VCG1', '0000-00-00', '0', '2014-05-16 20:44:25', '1.0 GB', NULL, 2, NULL, 427, NULL),
(1266, 9, NULL, 5, 2, 4, 2, NULL, 1, 'F4SCV91', '0000-00-00', '0', '2014-05-16 20:45:14', '1.0 GB', NULL, 2, NULL, 429, NULL),
(1267, 82, NULL, 5, 2, 4, 4, NULL, 2, 'MXL2490C73', '0000-00-00', '0', '2014-05-16 20:47:15', '4.0 GB', NULL, 2, NULL, 428, NULL),
(1268, 23, NULL, 5, 2, 4, 2, NULL, 1, 'J66N2D1', '0000-00-00', '0', '2014-05-16 20:48:01', '3.0 GB', NULL, 2, NULL, 432, NULL),
(1269, 30, NULL, 5, 2, 4, 4, NULL, 1, 'MXL34912PS', '0000-00-00', '0', '2014-05-16 20:48:15', '4.0 GB', NULL, 2, NULL, 434, NULL),
(1270, 30, NULL, 2, 2, 4, 4, NULL, 1, 'MXL34912R0', '0000-00-00', '0', '2014-05-16 20:48:35', '4.0 GB', NULL, 2, NULL, NULL, NULL),
(1271, 9, NULL, 5, 2, 4, 2, NULL, 1, 'B8K8K91', '0000-00-00', '0', '2014-05-16 20:49:23', '1.0 GB', NULL, 2, NULL, 436, NULL),
(1272, 7, NULL, 2, 2, 4, 2, NULL, 1, 'HGZP771', '0000-00-00', '0', '2014-05-16 20:50:11', '0.5 GB', NULL, 2, NULL, NULL, NULL),
(1273, 7, NULL, 5, 2, 4, 2, NULL, 1, '9KN6P61', '0000-00-00', '0', '2014-05-16 20:50:27', '0.5 GB', NULL, 2, NULL, 438, NULL),
(1274, 9, NULL, 5, 2, 4, 2, NULL, 1, '6S36V91', '0000-00-00', '0', '2014-05-16 20:50:37', '0.5 GB', NULL, 2, NULL, 441, NULL),
(1275, 9, NULL, 5, 2, 4, 2, NULL, 1, '3VJWC81', '0000-00-00', '0', '2014-05-16 20:50:44', '0.5 GB', NULL, 2, NULL, 444, NULL),
(1276, 2, NULL, 2, 2, 4, 2, NULL, 1, 'B65VCG1', '0000-00-00', '0', '2014-05-16 20:51:02', '4.0 GB', NULL, 2, NULL, NULL, NULL),
(1277, 9, NULL, 5, 2, 4, 2, NULL, 1, '36XKQB1', '0000-00-00', '0', '2014-05-16 20:51:29', '0.5 GB', NULL, 2, NULL, 445, NULL),
(1278, 2, NULL, 5, 2, 4, 2, NULL, 1, 'JD9VCG1', '0000-00-00', '0', '2014-05-16 20:51:54', '1.0 GB', NULL, 2, NULL, 446, NULL),
(1279, 45, NULL, 5, 3, 4, 2, NULL, NULL, 'CN0CC6397287262D3MPL', '0000-00-00', '0', '2014-05-16 20:52:21', '1.0 GB', NULL, 2, NULL, 426, NULL),
(1280, 51, NULL, 5, 3, 4, 2, NULL, NULL, 'CN0C53696418052G2T6S', '0000-00-00', '0', '2014-05-16 20:53:38', '1.0 GB', NULL, 2, NULL, 427, NULL),
(1281, 53, NULL, 5, 3, 4, 11, NULL, NULL, 'MUL5022C0080700', '0000-00-00', '0', '2014-05-16 20:53:52', '1.0 GB', NULL, 2, NULL, 428, NULL),
(1282, 53, NULL, 5, 3, 4, 11, NULL, NULL, 'MUL5022C0080669', '0000-00-00', '0', '2014-05-16 20:54:01', '1.0 GB', NULL, 2, NULL, 429, NULL),
(1283, 35, NULL, 5, 3, 4, 4, NULL, NULL, '6CM231006F', '0000-00-00', '0', '2014-05-16 20:54:12', '1.0 GB', NULL, 2, NULL, 428, NULL),
(1284, 55, NULL, 5, 3, 4, 2, NULL, NULL, 'CN0D54287287259G5ARL', '0000-00-00', '0', '2014-05-16 20:54:34', '1.0 GB', NULL, 2, NULL, 432, NULL),
(1285, 40, NULL, 5, 3, 4, 2, NULL, NULL, 'CN0WH318728727498PPC', '0000-00-00', '0', '2014-05-16 20:54:43', '1.0 GB', NULL, 2, NULL, 434, NULL),
(1286, 40, NULL, 2, 3, 4, 2, NULL, NULL, 'CN0WH318728726AE2GAU', '0000-00-00', '0', '2014-05-16 20:54:48', '1.0 GB', NULL, 2, NULL, NULL, NULL),
(1287, 50, NULL, 5, 3, 4, 3, NULL, NULL, '309JE05087', '0000-00-00', '0', '2014-05-16 20:54:55', '1.0 GB', NULL, 2, NULL, 436, NULL),
(1288, 39, NULL, 2, 3, 4, 2, NULL, NULL, 'CN0M16196418044U2D8H', '0000-00-00', '0', '2014-05-16 20:55:06', '1.0 GB', NULL, 2, NULL, NULL, NULL),
(1289, 51, NULL, 5, 3, 4, 2, NULL, NULL, 'CN0C536964180459110H', '0000-00-00', '0', '2014-05-16 20:55:22', '1.0 GB', NULL, 2, NULL, 438, NULL),
(1290, 108, NULL, 5, 3, 4, 2, NULL, NULL, 'MX0H63044760555BAEGF', '0000-00-00', '0', '2014-05-16 20:59:45', '1.0 GB', NULL, 2, NULL, 441, NULL),
(1291, 45, NULL, 5, 3, 4, 2, NULL, NULL, 'CN0CC6397287262D3LVL', '0000-00-00', '0', '2014-05-16 20:59:59', '1.0 GB', NULL, 2, NULL, 444, NULL),
(1292, 37, NULL, 2, 3, 4, 2, NULL, NULL, 'CN0F534H7161888EB609', '0000-00-00', '0', '2014-05-16 21:00:18', '1.0 GB', NULL, 2, NULL, NULL, NULL),
(1293, 39, NULL, 5, 3, 4, 2, NULL, NULL, 'CN0M16196418045B3KCH', '0000-00-00', '0', '2014-05-16 21:00:29', '1.0 GB', NULL, 2, NULL, 445, NULL),
(1294, 40, NULL, 5, 3, 4, 2, NULL, NULL, 'CN0NJ1747373174D1AU8', '0000-00-00', '0', '2014-05-16 21:00:49', '1.0 GB', NULL, 2, NULL, 446, NULL),
(1295, 109, NULL, 5, 2, 4, 13, NULL, 18, 'TC7000A00251086', '2014-05-16', '0', '2014-05-16 21:04:42', '2.0 GB', NULL, 17, NULL, 428, NULL),
(1296, 4, NULL, 5, 2, 5, 2, NULL, 1, 'HT2LQL1', '2014-05-16', '0', '2014-05-16 21:22:05', '2.0 GB', NULL, 18, NULL, 439, NULL),
(1297, 37, NULL, 5, 3, 5, 2, NULL, NULL, 'CN0FP8167426179S647', '2014-05-16', '0', '2014-05-16 21:23:10', '', NULL, 18, NULL, 439, NULL),
(1298, 9, NULL, 5, 2, 5, 2, NULL, 1, '4C3L5C1', '2014-05-16', '0', '2014-05-16 21:34:00', '1.0 GB', NULL, 18, NULL, 448, NULL),
(1299, 51, NULL, 5, 3, 5, 2, NULL, NULL, 'CN0C5369641804980FK', '2014-05-16', '0', '2014-05-16 21:34:49', '', NULL, 18, NULL, 448, NULL),
(1300, 82, NULL, 5, 2, 5, 4, NULL, 2, 'MXL3180HPG', '2014-05-16', '0', '2014-05-16 21:41:53', '4.0 GB', NULL, 18, NULL, 456, NULL),
(1301, 51, NULL, 5, 3, 5, 2, NULL, NULL, 'CN0C53696418054H8PT', '2014-05-16', '0', '2014-05-16 21:42:30', '', NULL, 18, NULL, 456, NULL),
(1302, 37, NULL, 5, 3, 5, 2, NULL, NULL, 'CN0FP816742617B52GG', '2014-05-16', '0', '2014-05-16 21:51:41', '', NULL, 18, NULL, 460, NULL),
(1303, 39, NULL, 5, 3, 5, 2, NULL, NULL, 'CN0M16196418041S1HVC', '2014-05-16', '0', '2014-05-16 21:51:58', '', NULL, 19, NULL, 430, NULL),
(1304, 9, NULL, 5, 2, 5, 2, NULL, 2, 'D9SCV91', '2014-05-16', '0', '2014-05-16 21:53:01', '1.0 GB', NULL, 19, NULL, 430, NULL),
(1305, 50, NULL, 5, 3, 5, 3, NULL, NULL, '309JE04925', '2014-05-16', '0', '2014-05-16 21:53:32', '', NULL, 19, NULL, 431, NULL),
(1306, 9, NULL, 5, 2, 5, 2, NULL, 1, 'D276V91', '2014-05-16', '0', '2014-05-16 21:54:08', '1.0 GB', NULL, 19, NULL, 431, NULL),
(1307, 39, NULL, 5, 3, 5, 2, NULL, NULL, 'CN0M1619641804191HUH', '2014-05-16', '0', '2014-05-16 21:55:58', '', NULL, 19, NULL, 433, NULL),
(1308, 2, NULL, 5, 2, 5, 2, NULL, 1, '7G9VCG1', '2014-05-16', '0', '2014-05-16 21:56:31', '1.0 GB', NULL, 19, NULL, 433, NULL),
(1309, 23, NULL, 5, 2, 4, 2, NULL, 1, 'CYGXPB1', '2014-05-16', '0', '2014-05-16 21:56:33', '1.0 GB', NULL, 17, NULL, 461, NULL),
(1310, 39, NULL, 5, 3, 4, 2, NULL, NULL, 'CN0M16196418041S1HC', '2014-05-16', '0', '2014-05-16 21:56:54', '', NULL, 17, NULL, 461, NULL),
(1311, 52, NULL, 5, 3, 5, 2, NULL, NULL, 'CN0RY9794663376RALFS', '2014-05-16', '0', '2014-05-16 21:57:17', '', NULL, 19, NULL, 435, NULL),
(1312, 4, NULL, 5, 2, 5, 2, NULL, 2, 'JH3XLM1', '2014-05-16', '0', '2014-05-16 21:57:47', '3.0 GB', NULL, 19, NULL, 435, NULL),
(1313, 39, NULL, 5, 3, 5, 2, NULL, NULL, 'CN0M16196418041S1H1C', '2014-05-16', '0', '2014-05-16 21:58:17', '', NULL, 19, NULL, 437, NULL),
(1314, 4, 2, 2, 2, 5, 2, NULL, 1, 'HT33RL1', '2014-05-16', '0', '2014-05-16 21:58:43', '3.0 GB', NULL, 18, NULL, NULL, NULL),
(1315, 20, NULL, 2, 3, 5, 2, NULL, NULL, 'CN0X706H728729BU2CM', '2014-05-16', '0', '2014-05-16 21:59:08', '', NULL, 18, NULL, NULL, NULL),
(1316, 7, NULL, 5, 2, 5, 2, NULL, 1, '106FP61', '2014-05-16', '0', '2014-05-16 21:59:59', '1.0 GB', NULL, 19, NULL, 437, NULL),
(1317, 37, NULL, 2, 3, 5, 2, NULL, NULL, 'CN0C552H7287286606AL', '2014-05-16', '0', '2014-05-16 22:00:36', '', NULL, 19, NULL, NULL, NULL),
(1318, 38, NULL, 5, 2, 5, 2, NULL, 2, '3GR3BP1', '2014-05-16', '0', '2014-05-16 22:00:41', '3.0 GB', NULL, 18, NULL, 462, NULL),
(1319, 20, NULL, 5, 3, 5, 2, NULL, NULL, 'CN0N300H6418006T0QP', '2014-05-16', '0', '2014-05-16 22:01:07', '', NULL, 18, NULL, 462, NULL),
(1320, 2, NULL, 2, 2, 5, 2, NULL, 1, 'F65VCG1', '2014-05-16', '0', '2014-05-16 22:01:21', '1.0 GB', NULL, 19, NULL, NULL, NULL),
(1321, 46, NULL, 2, 3, 5, 2, NULL, NULL, 'CN0R289D7161884NFRKU', '2014-05-16', '0', '2014-05-16 22:01:55', '', NULL, 19, NULL, NULL, NULL),
(1322, 23, NULL, 2, 2, 5, 2, NULL, 1, '7M90DD1', '2014-05-16', '0', '2014-05-16 22:02:34', '1.0 GB', NULL, 19, NULL, NULL, NULL),
(1323, 16, NULL, 2, 5, 5, 4, NULL, 2, '2CE934509X1', '2014-05-16', '0', '2014-05-16 22:04:13', '3.0 GB', NULL, 19, NULL, NULL, NULL),
(1324, 23, NULL, 5, 2, 4, 2, NULL, 1, 'S19C150', '0000-00-00', '0', '2014-05-16 22:04:58', '3.0 GB', NULL, 2, NULL, 471, NULL),
(1325, 4, NULL, 5, 2, 5, 2, NULL, 1, 'HT1JQL1', '2014-05-16', '0', '2014-05-16 22:05:31', '2.0 GB', NULL, 18, NULL, 463, NULL),
(1326, 16, NULL, 2, 5, 5, 4, NULL, 2, '2CE34509TX', '2014-05-16', '0', '2014-05-16 22:05:51', '3.0 GB', NULL, 19, NULL, NULL, NULL),
(1327, 2, NULL, 2, 2, 4, 2, NULL, 1, '3WD25G1', '0000-00-00', '0', '2014-05-16 22:05:59', '1.0 GB', NULL, 2, NULL, NULL, NULL),
(1328, 40, NULL, 5, 3, 5, 2, NULL, NULL, 'CN0WH318728727498P6', '2014-05-16', '0', '2014-05-16 22:06:00', '', NULL, 18, NULL, 463, NULL),
(1329, 2, NULL, 5, 2, 4, 2, NULL, 1, '1QKRVG1', '0000-00-00', '0', '2014-05-16 22:07:10', '1.0 GB', NULL, 2, NULL, 472, NULL),
(1330, 2, NULL, 5, 2, 4, 2, NULL, 1, '385VCG1', '0000-00-00', '0', '2014-05-16 22:07:15', '1.0 GB', NULL, 2, NULL, 473, NULL),
(1331, 2, NULL, 2, 2, 4, 2, NULL, 1, 'D6BJGF1', '0000-00-00', '0', '2014-05-16 22:07:23', '1.0 GB', NULL, 2, NULL, NULL, NULL),
(1332, 9, NULL, 2, 2, 4, 2, NULL, 1, 'HGC0R91', '0000-00-00', '0', '2014-05-16 22:07:44', '1.0 GB', NULL, 2, NULL, NULL, NULL),
(1333, 4, NULL, 5, 2, 5, 2, NULL, 1, 'HT4JQL1', '2014-05-16', '0', '2014-05-16 22:07:56', '2.0 GB', NULL, 18, NULL, 464, NULL),
(1334, 45, NULL, 2, 3, 5, 2, NULL, NULL, 'CN0MC0406418066609AL', '2014-05-16', '0', '2014-05-16 22:08:05', '', NULL, 19, NULL, NULL, NULL),
(1335, 20, NULL, 5, 3, 5, 2, NULL, NULL, 'CN0X706H728729B25CN', '2014-05-16', '0', '2014-05-16 22:08:21', '', NULL, 18, NULL, 464, NULL),
(1336, 2, NULL, 5, 2, 4, 2, NULL, 1, '94MDWH1', '0000-00-00', '0', '2014-05-16 22:08:24', '1.0 GB', NULL, 2, NULL, 474, NULL),
(1337, 7, NULL, 5, 2, 4, 2, NULL, 1, '3WD1J61', '0000-00-00', '0', '2014-05-16 22:08:47', '1.0 GB', NULL, 2, NULL, 476, NULL),
(1338, 2, NULL, 5, 2, 4, 2, NULL, 1, '7F9VCY1', '0000-00-00', '0', '2014-05-16 22:08:56', '1.0 GB', NULL, 2, NULL, 477, NULL),
(1339, 9, NULL, 5, 2, 4, 2, NULL, 1, 'CBSCV91', '0000-00-00', '0', '2014-05-16 22:09:13', '1.0 GB', NULL, 2, NULL, 478, NULL),
(1340, 2, NULL, 2, 2, 5, 2, NULL, 1, '4R1G5H1', '2014-05-16', '0', '2014-05-16 22:09:26', '1.0 GB', NULL, 19, NULL, NULL, NULL),
(1341, 16, NULL, 2, 5, 5, 4, NULL, 2, '2CE2392GX9', '2014-05-16', '0', '2014-05-16 22:10:08', '3.0 GB', NULL, 19, NULL, NULL, NULL),
(1342, 4, NULL, 5, 2, 5, 2, NULL, 1, 'HT22QL1', '2014-05-16', '0', '2014-05-16 22:10:17', '2.0 GB', NULL, 18, NULL, 465, NULL),
(1343, 51, NULL, 5, 3, 5, 2, NULL, NULL, 'CN0C5369641804C25SF', '2014-05-16', '0', '2014-05-16 22:10:52', '', NULL, 18, NULL, 465, NULL),
(1344, 40, NULL, 2, 3, 5, 2, NULL, NULL, 'CN0WH318728726AG49HT', '2014-05-16', '0', '2014-05-16 22:11:05', '', NULL, 19, NULL, NULL, NULL),
(1345, 30, NULL, 2, 2, 5, 4, NULL, 2, 'MXL34013VM', '2014-05-16', '0', '2014-05-16 22:11:57', '8.0 GB', NULL, 19, NULL, NULL, NULL),
(1346, 31, NULL, 5, 3, 4, 10, NULL, NULL, 'ZYGFH4LD700057', '0000-00-00', '0', '2014-05-16 22:12:04', '1.0 GB', NULL, 2, NULL, 471, NULL),
(1347, 50, NULL, 2, 3, 4, 3, NULL, NULL, '309JE0507', '0000-00-00', '0', '2014-05-16 22:12:18', '1.0 GB', NULL, 2, NULL, NULL, NULL),
(1348, 20, NULL, 2, 3, 5, 2, NULL, NULL, 'CN0N300H641800C80AGL', '2014-05-16', '0', '2014-05-16 22:12:33', '', NULL, 19, NULL, NULL, NULL),
(1349, 40, NULL, 5, 3, 4, 2, NULL, NULL, 'CN0WH3187287273A1LW', '0000-00-00', '0', '2014-05-16 22:12:34', '1.0 GB', NULL, 2, NULL, 472, NULL),
(1350, 40, NULL, 5, 3, 4, 2, NULL, NULL, 'CN0WH318728726AE3Y4', '0000-00-00', '0', '2014-05-16 22:13:42', '1.0 GB', NULL, 2, NULL, 473, NULL),
(1351, 20, NULL, 2, 3, 4, 2, NULL, NULL, 'CN0X706H728729B251F', '0000-00-00', '0', '2014-05-16 22:13:55', '1.0 GB', NULL, 2, NULL, NULL, NULL),
(1352, 45, NULL, 2, 3, 4, 2, NULL, NULL, 'CN0MC040641806370JT', '0000-00-00', '0', '2014-05-16 22:14:28', '1.0 GB', NULL, 2, NULL, NULL, NULL),
(1353, 37, NULL, 5, 3, 4, 2, NULL, NULL, 'CN0C552H72872866099LA00', '0000-00-00', '0', '2014-05-16 22:14:36', '1.0 GB', NULL, 2, NULL, 474, NULL),
(1354, 50, NULL, 5, 3, 4, 3, NULL, NULL, '309JE0492', '0000-00-00', '0', '2014-05-16 22:14:53', '1.0 GB', NULL, 2, NULL, 476, NULL),
(1355, 39, NULL, 5, 3, 4, 2, NULL, NULL, 'CN0M1619641803CR178', '0000-00-00', '0', '2014-05-16 22:15:05', '1.0 GB', NULL, 2, NULL, 477, NULL),
(1356, 37, NULL, 5, 3, 4, 2, NULL, NULL, 'CN0FP8164663377G7W9V', '0000-00-00', '0', '2014-05-16 22:15:17', '1.0 GB', NULL, 2, NULL, 478, NULL),
(1357, 4, NULL, 5, 2, 5, 2, NULL, 1, 'HT3KQL1', '2014-05-16', '0', '2014-05-16 22:15:31', '2.0 GB', NULL, 18, NULL, 466, NULL),
(1358, 16, NULL, 5, 5, 4, 4, NULL, 2, '2CE2331ZTM', '0000-00-00', '0', '2014-05-16 22:15:51', '3.0 GB', NULL, 2, NULL, 475, NULL),
(1359, 20, NULL, 5, 3, 5, 2, NULL, NULL, 'CN0X706H728729B2525', '2014-05-16', '0', '2014-05-16 22:15:53', '', NULL, 18, NULL, 466, NULL),
(1360, 52, NULL, 2, 3, 5, 2, NULL, NULL, 'CN0RY9794663377D6TFS', '2014-05-16', '0', '2014-05-16 22:17:34', '', NULL, 19, NULL, NULL, NULL),
(1361, 4, NULL, 2, 2, 5, 2, NULL, 1, '1T5FNL1', '2014-05-16', '0', '2014-05-16 22:18:44', '3.0 GB', NULL, 19, NULL, NULL, NULL),
(1362, 39, NULL, 2, 3, 5, 2, NULL, NULL, 'CN0M1619641803CQ17LL', '2014-05-16', '0', '2014-05-16 22:19:13', '', NULL, 19, NULL, NULL, NULL),
(1363, 9, NULL, 2, 2, 5, 2, NULL, 1, '4MYJV81', '2014-05-16', '0', '2014-05-16 22:20:03', '2.0 GB', NULL, 19, NULL, NULL, NULL),
(1364, 45, NULL, 2, 3, 5, 2, NULL, NULL, 'CN0T99984663365P974M', '2014-05-16', '0', '2014-05-16 22:22:46', '', NULL, 19, NULL, NULL, NULL),
(1365, 8, NULL, 2, 2, 5, 2, NULL, 1, '7YZ2231', '2014-05-16', '0', '2014-05-16 22:25:21', '1.0 GB', NULL, 19, NULL, NULL, NULL),
(1366, 79, NULL, 2, 3, 5, 2, NULL, NULL, 'CN0WH3187287274974LC', '2014-05-16', '0', '2014-05-16 22:26:31', '', NULL, 19, NULL, NULL, NULL),
(1367, 2, NULL, 2, 2, 5, 2, NULL, 1, 'HFPRTF1', '2014-05-16', '0', '2014-05-16 22:27:14', '1.0 GB', NULL, 19, NULL, NULL, NULL),
(1368, 40, NULL, 2, 3, 5, 2, NULL, NULL, 'CN0WH318728726AD1C8U', '2014-05-16', '0', '2014-05-16 22:27:40', '', NULL, 19, NULL, NULL, NULL),
(1369, 9, NULL, 2, 2, 5, 2, NULL, 1, '8Y3L5C1', '2014-05-16', '0', '2014-05-16 22:28:18', '1.0 GB', NULL, 19, NULL, NULL, NULL),
(1370, 36, NULL, 2, 3, 5, 2, NULL, NULL, 'CN0U47957161857FG762', '2014-05-16', '0', '2014-05-16 22:30:35', '', NULL, 19, NULL, NULL, NULL),
(1371, 7, NULL, 5, 2, 5, 2, NULL, 1, '6YZRJ71', '2014-05-16', '0', '2014-05-16 22:32:49', '2.0 GB', NULL, 18, NULL, 467, NULL),
(1372, 45, NULL, 5, 3, 5, 2, NULL, NULL, 'CN0MC04064180661935', '2014-05-16', '0', '2014-05-16 22:33:21', '', NULL, 18, NULL, 467, NULL),
(1373, 100, NULL, 5, 5, 5, 4, NULL, 2, '2CE3450DVV', '2014-05-16', '0', '2014-05-16 22:35:35', '4.0 GB', NULL, 18, NULL, 468, NULL),
(1374, 4, NULL, 5, 2, 5, 2, NULL, 1, 'HT2WQL1', '2014-05-16', '0', '2014-05-16 22:37:38', '3.0 GB', NULL, 18, NULL, 469, NULL),
(1375, 20, NULL, 5, 3, 5, 2, NULL, NULL, 'CN0X706H728729B2528', '2014-05-16', '0', '2014-05-16 22:37:57', '', NULL, 18, NULL, 469, NULL),
(1376, 2, NULL, 5, 2, 5, 2, NULL, 1, '7YBMFJ1', '2014-05-16', '0', '2014-05-16 22:40:11', '1.0 GB', NULL, 18, NULL, 470, NULL),
(1377, 45, NULL, 5, 3, 5, 2, NULL, NULL, 'CN0CC6397287262D4DJL', '2014-05-16', '0', '2014-05-16 22:40:41', '', NULL, 18, NULL, 470, NULL),
(1378, 9, NULL, 2, 2, 5, 2, NULL, 1, '2LVSQ91', '2014-05-16', '0', '2014-05-16 22:41:24', '1.0 GB', NULL, 19, NULL, NULL, NULL),
(1379, 16, NULL, 2, 5, 5, 4, NULL, 2, '2CE3081VWT', '2014-05-16', '0', '2014-05-16 22:42:29', '4.0 GB', NULL, 18, NULL, NULL, NULL),
(1380, 37, NULL, 2, 3, 4, 2, NULL, NULL, 'CN0FP8167426183O39CA', '0000-00-00', '0', '2014-05-17 14:31:20', '', NULL, 2, NULL, NULL, NULL),
(1381, 37, NULL, 2, 3, 4, 2, NULL, NULL, 'CN0FP8164663377G7WJU', '0000-00-00', '0', '2014-05-17 14:31:27', '', NULL, 2, NULL, NULL, NULL),
(1382, 110, NULL, 2, 3, 4, 14, NULL, NULL, 'ET1715L8CWA1G', '2014-05-17', '0', '2014-05-17 14:39:20', '', NULL, 17, NULL, NULL, NULL),
(1383, 45, NULL, 2, 3, 4, 2, NULL, NULL, 'CN0MC040641805CQ17SS', '0000-00-00', '0', '2014-05-17 14:39:46', '', NULL, 2, NULL, NULL, NULL),
(1384, 40, NULL, 2, 3, 4, 2, NULL, NULL, 'CN0WH3187287273A1M6U', '0000-00-00', '0', '2014-05-17 14:39:54', '', NULL, 2, NULL, NULL, NULL),
(1385, 37, NULL, 2, 3, 4, 2, NULL, NULL, 'CN0C552H72872', '0000-00-00', '0', '2014-05-17 14:40:10', '', NULL, 2, NULL, NULL, NULL),
(1386, 24, NULL, 2, 3, 4, 2, NULL, NULL, 'CN08W234466333BH2JQU', '0000-00-00', '0', '2014-05-17 14:40:21', '', NULL, 2, NULL, NULL, NULL),
(1387, 39, NULL, 2, 3, 4, 2, NULL, NULL, 'CN0M1619641803CQ17KL', '0000-00-00', '0', '2014-05-17 14:40:33', '', NULL, 2, NULL, NULL, NULL),
(1388, 51, NULL, 2, 3, 4, 2, NULL, NULL, 'CN0Y44137220149I0NFL', '0000-00-00', '0', '2014-05-17 14:40:44', '', NULL, 2, NULL, NULL, NULL),
(1389, 51, NULL, 2, 3, 4, 2, NULL, NULL, 'CN0C53696418058R1R6H', '0000-00-00', '0', '2014-05-17 14:40:50', '', NULL, 2, NULL, NULL, NULL),
(1390, 51, NULL, 2, 3, 4, 2, NULL, NULL, 'CN0D5421466335461HHU', '0000-00-00', '0', '2014-05-17 14:40:55', '', NULL, 2, NULL, NULL, NULL),
(1391, 51, NULL, 2, 3, 4, 2, NULL, NULL, 'CN0Y44137220149I0NML', '0000-00-00', '0', '2014-05-17 14:41:00', '', NULL, 2, NULL, NULL, NULL),
(1392, 9, NULL, 2, 2, 4, 2, NULL, 1, '6YJWC81', '0000-00-00', '0', '2014-05-17 14:41:27', '1.0 GB', NULL, 2, NULL, NULL, NULL),
(1393, 9, NULL, 2, 2, 4, 2, NULL, 1, '97SCV91', '0000-00-00', '0', '2014-05-17 14:45:21', '0.5 GB', NULL, 2, NULL, NULL, NULL),
(1394, 9, NULL, 2, 2, 4, 2, NULL, 1, '3MXYCB1', '0000-00-00', '0', '2014-05-17 14:46:46', '1.0 GB', NULL, 2, NULL, NULL, NULL),
(1395, 4, NULL, 2, 2, 4, 2, NULL, 1, 'HT1KQL1', '0000-00-00', '0', '2014-05-17 14:47:01', '3.0 GB', NULL, 2, NULL, NULL, NULL),
(1396, 38, NULL, 2, 2, 4, 2, NULL, 2, '3LW6BP1', '0000-00-00', '0', '2014-05-17 14:47:22', '3.0 GB', NULL, 2, NULL, NULL, NULL),
(1397, 4, NULL, 2, 2, 4, 2, NULL, 1, 'HT1LQL1', '0000-00-00', '0', '2014-05-17 14:47:35', '3.0 GB', NULL, 2, NULL, NULL, NULL),
(1398, 7, NULL, 2, 2, 4, 2, NULL, 1, 'SN2', '0000-00-00', '0', '2014-05-17 14:48:25', '3.0 GB', NULL, 2, NULL, NULL, NULL),
(1399, 7, NULL, 2, 2, 4, 2, NULL, 1, '4Y5FP61', '0000-00-00', '0', '2014-05-17 14:48:46', '3.0 GB', NULL, 2, NULL, NULL, NULL),
(1400, 9, NULL, 2, 2, 4, 2, NULL, 1, '9VRXQ91', '0000-00-00', '0', '2014-05-17 14:48:55', '1.0 GB', NULL, 2, NULL, NULL, NULL),
(1401, 7, NULL, 2, 2, 4, 2, NULL, 1, 'FJLRV71', '0000-00-00', '0', '2014-05-17 14:49:08', '0.5 GB', NULL, 2, NULL, NULL, NULL),
(1402, 80, NULL, 2, 2, 4, 4, NULL, 1, 'MXL24520PD', '0000-00-00', '0', '2014-05-17 14:50:25', '2.5 GB', NULL, 2, NULL, NULL, NULL);

-- --------------------------------------------------------

--
-- Estructura de tabla para la tabla `equipogeneral_log`
--

CREATE TABLE IF NOT EXISTS `equipogeneral_log` (
  `id` int(11) NOT NULL AUTO_INCREMENT COMMENT 'Llave primaria de la tabla equipogeneral_log',
  `idModelo` int(11) NOT NULL COMMENT 'Llave foránea de la tabla modelo',
  `idProveedores` int(11) NOT NULL COMMENT 'Llave foránea de la tabla proveedores',
  `idEstatus` int(11) NOT NULL COMMENT 'Llave foránea de la tabla estado',
  `idTipoEquipo` int(11) NOT NULL COMMENT 'Llave foránea de la tabla tipoEquipo',
  `idHotel` int(11) NOT NULL COMMENT 'Llave foránea de la tabla Hotel',
  `idMarca` int(11) NOT NULL COMMENT 'Llave foránea de la tabla Marca',
  `idProcesador` int(11) DEFAULT NULL COMMENT 'Llave foránea de la tabla Procesador. Puede ser null',
  `idTamano` int(11) DEFAULT NULL,
  `idTarjetaRed` int(11) DEFAULT NULL,
  `idSitemaOperativo` int(11) DEFAULT NULL COMMENT 'Llave foránea de la tabla sistema operativo',
  `idTipoCD` int(11) DEFAULT NULL,
  `numeroSerie` varchar(50) NOT NULL COMMENT 'Número de serie del equipo',
  `fechaCompra` date NOT NULL COMMENT 'Fecha de compra del equipo',
  `factura` varchar(50) NOT NULL COMMENT 'Número de fáctura',
  `garantia` int(7) NOT NULL DEFAULT '0' COMMENT 'Años de garantia',
  `fechaIngreso` datetime NOT NULL COMMENT 'fecha de ingreso en la base de datos',
  `discoDuro` char(20) DEFAULT NULL,
  `memoria` char(15) DEFAULT NULL COMMENT 'Memoria RAM del equipo',
  `nombrePC` varchar(100) DEFAULT NULL COMMENT 'Nombre del equipo',
  `colaborador_id_usuario` int(11) NOT NULL COMMENT 'Llave foránea de la tabla Colaborador.',
  `Plataforma_idPlataforma` int(11) DEFAULT NULL COMMENT 'Llave foránea de la tabla plataforma.Puede ser null',
  `idHotelCambio` int(11) DEFAULT NULL COMMENT 'Llave foránea de la tabla Hotel. Solo es asignado cuando es cambiado de hotel el equipo',
  `fechaModificacion` datetime NOT NULL COMMENT 'Fecha de la modificación',
  PRIMARY KEY (`id`),
  UNIQUE KEY `nombre_UNIQUE` (`nombrePC`),
  KEY `fk_equipo_proveedores1_idx` (`idProveedores`),
  KEY `fk_equipo_tipo_equipo1_idx` (`idTipoEquipo`),
  KEY `fk_equipo_modelo1_idx` (`idModelo`),
  KEY `fk_equipo_estatus1_idx` (`idEstatus`),
  KEY `fk_equipo_hotel1_idx` (`idHotel`),
  KEY `fk_equipo_marca1_idx` (`idMarca`),
  KEY `fk_equipoGeneral_procesadores1_idx` (`idProcesador`),
  KEY `fk_equipoGeneral_monitor1_idx` (`idTamano`),
  KEY `fk_equipoGeneral_tipoCD1_idx` (`idTipoCD`),
  KEY `fk_equipoGeneral_red1_idx` (`idTarjetaRed`),
  KEY `fk_equipoGeneral_sitemaOperativo1_idx` (`idSitemaOperativo`),
  KEY `fk_equipoGeneral_colaborador1_idx` (`colaborador_id_usuario`),
  KEY `fk_equipoGeneral_Plataforma1_idx` (`Plataforma_idPlataforma`)
) ENGINE=InnoDB DEFAULT CHARSET=latin1 AUTO_INCREMENT=1 ;

-- --------------------------------------------------------

--
-- Estructura de tabla para la tabla `estatus`
--

CREATE TABLE IF NOT EXISTS `estatus` (
  `idEstatus` int(11) NOT NULL COMMENT 'Llave primaria de la tabla de estado',
  `descripcion` varchar(45) DEFAULT NULL COMMENT 'Nombre del estado',
  PRIMARY KEY (`idEstatus`)
) ENGINE=InnoDB DEFAULT CHARSET=latin1;

--
-- Volcado de datos para la tabla `estatus`
--

INSERT INTO `estatus` (`idEstatus`, `descripcion`) VALUES
(1, 'BAJA'),
(2, 'ALTA'),
(3, 'PRESTAMO'),
(4, 'BODEGA'),
(5, 'ASIGNADO'),
(6, 'Cambio de Hotel');

-- --------------------------------------------------------

--
-- Estructura de tabla para la tabla `gerencia`
--

CREATE TABLE IF NOT EXISTS `gerencia` (
  `id` int(11) NOT NULL AUTO_INCREMENT COMMENT 'Llave primaria de la tabla gerencia',
  `nombregerencia` varchar(45) NOT NULL COMMENT 'Nombre de la gerencia',
  `descripciongerencia` text COMMENT 'Descripción de la gerencia',
  `direccion_id` int(11) NOT NULL COMMENT 'Dirección a la que pertenece la gerencia',
  PRIMARY KEY (`id`),
  KEY `fk_gerencia_direccion1_idx` (`direccion_id`)
) ENGINE=InnoDB  DEFAULT CHARSET=latin1 AUTO_INCREMENT=3 ;

--
-- Volcado de datos para la tabla `gerencia`
--

INSERT INTO `gerencia` (`id`, `nombregerencia`, `descripciongerencia`, `direccion_id`) VALUES
(1, 'ASIGNAR GERENCIA', NULL, 1),
(2, 'TECNOLOGIA DE LA INFORMACION', NULL, 2);

-- --------------------------------------------------------

--
-- Estructura de tabla para la tabla `hotel`
--

CREATE TABLE IF NOT EXISTS `hotel` (
  `id` int(11) NOT NULL AUTO_INCREMENT COMMENT 'Llave primaria de la tabla hotel',
  `nombreHotel` varchar(35) NOT NULL COMMENT 'Nombre del Hotel',
  `descripcion` text COMMENT 'Descripción del Hotel',
  PRIMARY KEY (`id`)
) ENGINE=InnoDB  DEFAULT CHARSET=latin1 AUTO_INCREMENT=152 ;

--
-- Volcado de datos para la tabla `hotel`
--

INSERT INTO `hotel` (`id`, `nombreHotel`, `descripcion`) VALUES
(2, 'BP        ', NULL),
(3, 'SP        ', NULL),
(4, 'MPN       ', NULL),
(5, 'MPS       ', NULL),
(13, 'CGM', NULL),
(14, 'LBC       ', NULL),
(15, 'PLC       ', NULL),
(16, 'CZP       ', NULL),
(18, 'MID       ', NULL),
(20, 'SMG       ', NULL),
(25, 'CEDIS     ', NULL),
(26, 'MG        ', NULL),
(137, 'IMP', NULL),
(138, 'WTC       ', NULL),
(148, 'IMP       ', NULL),
(149, 'IMP       ', NULL),
(150, 'IMP       ', NULL),
(151, 'IMP       ', NULL);

-- --------------------------------------------------------

--
-- Estructura de tabla para la tabla `hotel_has_departamento`
--

CREATE TABLE IF NOT EXISTS `hotel_has_departamento` (
  `hotel_id` int(11) NOT NULL COMMENT 'Llave foránea de la tabla Hotel',
  `departamento_iddepartamento` int(11) NOT NULL COMMENT 'Llave foránea de la tabla departamento',
  PRIMARY KEY (`hotel_id`,`departamento_iddepartamento`),
  KEY `fk_hotel_has_departamento_departamento1_idx` (`departamento_iddepartamento`),
  KEY `fk_hotel_has_departamento_hotel1_idx` (`hotel_id`)
) ENGINE=InnoDB DEFAULT CHARSET=latin1;

--
-- Volcado de datos para la tabla `hotel_has_departamento`
--

INSERT INTO `hotel_has_departamento` (`hotel_id`, `departamento_iddepartamento`) VALUES
(25, 100001),
(25, 100003),
(25, 100006),
(25, 100007),
(25, 100013),
(25, 100014),
(25, 100020),
(25, 100021),
(25, 100022),
(25, 100024),
(25, 100025),
(25, 100026),
(25, 100027),
(25, 100028),
(25, 100029),
(25, 100030),
(25, 100034),
(2, 100036),
(25, 100042),
(18, 100043),
(25, 100043),
(18, 100048),
(25, 100049),
(5, 100062),
(20, 100068),
(13, 100070),
(25, 100074),
(3, 100076),
(5, 100080),
(25, 100084),
(2, 100090),
(5, 100093),
(2, 100097),
(4, 100099),
(3, 100101),
(2, 100111),
(4, 100114),
(5, 100115),
(3, 100116),
(5, 100122),
(4, 100126),
(2, 100129),
(4, 100132),
(5, 100133),
(4, 100137),
(5, 100138),
(3, 100139),
(2, 100141),
(25, 100146),
(5, 100147),
(25, 100148),
(25, 100150),
(25, 100153),
(25, 100154),
(25, 100157),
(25, 100158),
(4, 100168),
(5, 100169),
(3, 100170),
(25, 100177),
(25, 100184),
(25, 100185),
(25, 100190),
(25, 100191),
(25, 100194),
(2, 100197),
(4, 100199),
(4, 100206),
(5, 100207),
(4, 100214),
(2, 100218),
(4, 100220),
(5, 100221),
(3, 100222),
(2, 100225),
(4, 100227),
(5, 100228),
(2, 100232),
(4, 100234),
(5, 100235),
(3, 100236),
(2, 100246),
(4, 100248),
(5, 100249),
(3, 100250),
(4, 100255),
(5, 100256),
(2, 100260),
(4, 100262),
(5, 100263),
(4, 100269),
(25, 100293),
(25, 100309),
(5, 100316),
(25, 100320),
(25, 100329),
(5, 100330),
(5, 100334),
(3, 100341),
(4, 100342),
(5, 100343),
(25, 100346),
(5, 100373),
(25, 100398),
(5, 100401),
(5, 100405),
(25, 100411),
(5, 100413),
(5, 100414),
(20, 100452),
(20, 100453),
(20, 100454),
(25, 100461),
(25, 100465),
(25, 100466),
(25, 100467),
(4, 100471),
(25, 100482),
(14, 100508),
(14, 100510),
(14, 100511),
(14, 100512),
(14, 100514),
(14, 100515),
(14, 100517),
(14, 100518),
(14, 100519),
(14, 100524),
(16, 100527),
(16, 100535),
(16, 100540),
(16, 100545),
(15, 100549),
(15, 100552),
(15, 100560),
(15, 100562),
(16, 100593),
(5, 100653),
(25, 100655),
(25, 100670),
(14, 100674),
(14, 100675),
(5, 100682),
(5, 100683),
(5, 100689),
(25, 100695),
(5, 100711),
(5, 100734),
(25, 100794),
(25, 100800),
(2, 100839),
(26, 100843),
(3, 100845),
(26, 100850),
(25, 100881),
(25, 100882),
(25, 100884),
(25, 100888),
(25, 100907),
(26, 100952),
(26, 100956),
(26, 100957),
(26, 100958),
(26, 100961),
(26, 100966),
(26, 100967),
(25, 101013),
(2, 101017),
(25, 101030),
(18, 101031),
(25, 101031),
(13, 101123),
(25, 101144),
(25, 101147),
(25, 101148),
(25, 101149),
(4, 101152),
(25, 101156),
(25, 101157),
(25, 101162),
(25, 101167),
(25, 101168),
(25, 101179),
(25, 101180),
(25, 101181),
(25, 101198),
(25, 101200),
(18, 101212),
(25, 101234),
(25, 101249),
(25, 101251),
(25, 101252),
(25, 101253),
(25, 101255),
(25, 101258),
(25, 101259),
(25, 101260),
(25, 101262),
(25, 101264),
(25, 101265),
(25, 101267),
(25, 101268),
(5, 101270),
(25, 101272),
(25, 101273),
(25, 101279),
(25, 101282),
(25, 101283),
(25, 101285),
(25, 101286),
(25, 101287),
(25, 101288),
(2, 101290),
(25, 101292),
(25, 101294),
(25, 101296),
(25, 101299),
(25, 101316),
(25, 101318),
(25, 101322),
(25, 101323),
(5, 101325),
(25, 101327),
(25, 101330),
(25, 101331),
(25, 101340),
(18, 101341),
(25, 101341),
(25, 101342),
(25, 101343);

-- --------------------------------------------------------

--
-- Estructura de tabla para la tabla `mantenimiento`
--

CREATE TABLE IF NOT EXISTS `mantenimiento` (
  `id` int(11) NOT NULL AUTO_INCREMENT COMMENT 'llave primaria de la tabla de mantenimiento',
  `tipo` int(2) NOT NULL COMMENT 'Tipo de mantenimeinto 1 Preveentivo 2 Correctivo ',
  `observaciones` text COMMENT 'Observaciones del mantenimiento',
  `fecha` date NOT NULL COMMENT 'Fecha de realización del mantenimiento',
  PRIMARY KEY (`id`)
) ENGINE=InnoDB DEFAULT CHARSET=latin1 AUTO_INCREMENT=1 ;

-- --------------------------------------------------------

--
-- Estructura de tabla para la tabla `mantenimiento_has_refacciones`
--

CREATE TABLE IF NOT EXISTS `mantenimiento_has_refacciones` (
  `equipoGeneral_id` int(11) NOT NULL COMMENT 'Llave primaria de la tabla contenedora de equipo de mantenimiento',
  `Mantenimiento_id` int(11) NOT NULL COMMENT 'Llave foránea de la tabla Mantenimeinto',
  `refaccion_idrefaccion` int(11) DEFAULT NULL COMMENT 'Llave foránea de la refacción',
  `cantidadRefaccion` varchar(45) DEFAULT NULL COMMENT 'Cantidad de la refacción utilizada',
  KEY `fk_Mantenimiento_has_refacciones_equipoGeneral1_idx` (`equipoGeneral_id`),
  KEY `fk_Mantenimiento_has_refacciones_Mantenimiento1_idx` (`Mantenimiento_id`),
  KEY `fk_Mantenimiento_has_refacciones_refaccion1_idx` (`refaccion_idrefaccion`)
) ENGINE=InnoDB DEFAULT CHARSET=latin1;

-- --------------------------------------------------------

--
-- Estructura de tabla para la tabla `marca`
--

CREATE TABLE IF NOT EXISTS `marca` (
  `idMarca` int(11) NOT NULL AUTO_INCREMENT COMMENT 'Llave primaria de la tabla Marca',
  `nombremarca` varchar(50) NOT NULL COMMENT 'Nombre de la Marca',
  `descripcion` text COMMENT 'Descripción de la marca. Puede ser nula',
  PRIMARY KEY (`idMarca`)
) ENGINE=InnoDB  DEFAULT CHARSET=latin1 AUTO_INCREMENT=15 ;

--
-- Volcado de datos para la tabla `marca`
--

INSERT INTO `marca` (`idMarca`, `nombremarca`, `descripcion`) VALUES
(1, 'ACER', ''),
(2, 'DELL', ''),
(3, 'LG', ''),
(4, 'HP', ''),
(5, 'TOSHIBA', ''),
(6, 'SONY', ''),
(8, 'LENOVO', ''),
(9, 'VIEWSONIC', ''),
(10, 'SAMSUNG', ''),
(11, 'GATEWAY', ''),
(12, 'MAC', ''),
(13, 'TELECLIENT', ''),
(14, 'ELO', '');

-- --------------------------------------------------------

--
-- Estructura de tabla para la tabla `modelo`
--

CREATE TABLE IF NOT EXISTS `modelo` (
  `idModelo` int(11) NOT NULL AUTO_INCREMENT COMMENT 'Llave primaria de la tabla modelo',
  `nombremodelo` varchar(35) DEFAULT NULL COMMENT 'Nombre del modelo de equipo.',
  `descripcion` text COMMENT 'Descripción del modelo',
  `fkidMarca` int(11) NOT NULL COMMENT 'Llave foránea de Marca ',
  `fkidTipoEquipo` int(11) NOT NULL COMMENT 'Llave foránea del tipo de equipo',
  PRIMARY KEY (`idModelo`),
  KEY `marcaindice` (`fkidMarca`),
  KEY `tipoequipoindice` (`fkidTipoEquipo`)
) ENGINE=InnoDB  DEFAULT CHARSET=latin1 AUTO_INCREMENT=111 ;

--
-- Volcado de datos para la tabla `modelo`
--

INSERT INTO `modelo` (`idModelo`, `nombremodelo`, `descripcion`, `fkidMarca`, `fkidTipoEquipo`) VALUES
(2, 'OPTIPLEX 755', '', 2, 2),
(3, 'OPTIPLEX 760', '', 2, 2),
(4, 'OPTIPLEX 780', '', 2, 2),
(5, 'OPTIPLEX 960', '', 2, 2),
(6, 'OPTIPLEX GX270', '', 2, 2),
(7, 'OPTIPLEX SX280', '', 2, 2),
(8, 'OPTIPLEX GX60', '', 2, 2),
(9, 'OPTIPLEX GX620', '', 2, 2),
(11, 'INSPIRON 1110', '', 2, 5),
(12, 'INSPIRON 1150', '', 2, 5),
(13, 'INSPIRON 5100', '', 2, 5),
(14, 'PRO BOOK 4430S', '', 4, 5),
(15, 'PRO BOOK 4420S', '', 4, 5),
(16, 'PRO BOOK 4440S', '', 4, 5),
(17, 'PRO BOOK 5330M', '', 4, 5),
(18, 'PRO BOOK 6360B', '', 4, 5),
(19, 'VAIO PCG-4E1P', '', 6, 5),
(20, 'E1709W', '', 2, 3),
(21, '9470M', 'CORE I5 8GB RAM 15" ULTRA SLIM', 4, 5),
(23, 'OPTIPLEX 745', '', 2, 2),
(24, 'E151FP', '', 2, 3),
(26, 'COMPAQ ELITE 8200', '', 4, 2),
(27, 'SLIC-BPC', '', 4, 2),
(28, 'VS14755', '', 9, 3),
(30, 'ELITEDESK 800', '', 4, 2),
(31, 'S19C150F', '', 10, 3),
(34, 'OPTIPLEX SX 780', '', 2, 2),
(35, 'LV1911', '', 4, 3),
(36, '1505FP', '', 2, 3),
(37, '1708FP', '', 2, 3),
(38, 'VOSTRO 230', '', 2, 2),
(39, 'E152FP', '', 2, 3),
(40, 'E177FP', '', 2, 3),
(41, 'LATITUDE E4300', '', 2, 5),
(42, 'P190S', '', 2, 3),
(43, 'OPTIPLEX 180', '', 2, 2),
(45, 'E176FP', '', 2, 3),
(46, '2208WFP', '', 2, 3),
(48, 'OPTIPLEX 620', '', 2, 3),
(49, 'COMPAQ ELITE 8300', '', 4, 3),
(50, '566LE', '', 3, 3),
(51, 'E153FP', '', 2, 3),
(52, 'E178FP', '', 2, 3),
(53, 'FPD1530', '', 11, 3),
(54, 'COMPAQ ELITE 6200', '', 4, 2),
(55, 'E173FP', '', 2, 3),
(56, '151NR', '', 10, 3),
(57, '1152N', '', 10, 3),
(58, 'PRUEBA 1', '', 1, 2),
(59, 'BG 800 ', '', 9, 3),
(60, 'PAVILION G4', '', 4, 5),
(61, 'LATITUDE E5400', '', 2, 5),
(62, 'LATITUDE E5410', '', 2, 5),
(63, 'E167FP', '', 2, 3),
(64, 'SYNCMASTER S19B150', '', 10, 3),
(65, 'PROBOOK 6470B', '', 4, 5),
(67, 'E1700W', '', 2, 3),
(68, 'ELITEBOOK 8470', '', 4, 5),
(69, 'OPTIPLEX 720', '', 2, 2),
(70, '86005', '', 4, 2),
(71, '1908FP', '', 2, 3),
(72, 'INSPIRON 11Z', '', 2, 2),
(75, 'UBPCEB25FL', '', 6, 5),
(76, 'E166FP', '', 2, 3),
(77, 'SYNCMASTER 701N', '', 10, 3),
(78, 'A1347', '', 12, 2),
(79, '1707FP', '', 2, 3),
(80, 'COMPAQ 6005 PRO', '', 4, 2),
(81, 'E157FP', '', 2, 3),
(82, 'COMPAQ ELITE 8300', '', 4, 2),
(84, 'OPTIPLEX 775', '', 2, 2),
(85, 'E156FP', '', 2, 3),
(86, 'OPTIPLEX GX20', '', 2, 2),
(87, 'PROO BOOK 440 G1', '', 4, 2),
(88, 'LATITUDE XT', '', 2, 5),
(89, 'LATITUDE XT2', '', 2, 5),
(90, 'MAC BOOK PRO', '', 12, 5),
(91, 'MAC PRO 3.1', '', 12, 2),
(92, 'CINEMA DISPLAY', '', 12, 3),
(93, 'MAC PRO 1.1', '', 12, 2),
(94, 'IMAC', '', 12, 2),
(95, 'IMAC', '', 12, 3),
(96, '1740FP', '', 2, 3),
(97, 'PAVILION DV5', '', 4, 5),
(98, 'VA1911A', '', 9, 3),
(99, 'OPTIPLEX GX280', '', 2, 2),
(100, 'PRO BOOK 440 G1', '', 4, 5),
(101, 'LATITUDE D630', '', 2, 5),
(102, 'OPTIPLEX GX260', '', 2, 2),
(103, 'POWER MAC', '', 12, 2),
(104, 'MAC BOOK AIR', '', 12, 5),
(105, 'GA028AA', '', 4, 3),
(107, '3574Z7S', '', 8, 2),
(108, '1704FP', '', 2, 3),
(109, 'TC7000', '', 13, 2),
(110, 'E292567', '', 14, 3);

-- --------------------------------------------------------

--
-- Estructura de tabla para la tabla `perfil`
--

CREATE TABLE IF NOT EXISTS `perfil` (
  `id_auto` int(3) NOT NULL AUTO_INCREMENT COMMENT 'Identificador del registro.',
  `nombreperfil` varchar(30) COLLATE utf8_unicode_ci NOT NULL COMMENT 'Nombre del perfil.',
  PRIMARY KEY (`id_auto`)
) ENGINE=InnoDB  DEFAULT CHARSET=utf8 COLLATE=utf8_unicode_ci COMMENT='Almacena la informaciÃƒÂ³n sobre el perfil que puede tomar u' AUTO_INCREMENT=4 ;

--
-- Volcado de datos para la tabla `perfil`
--

INSERT INTO `perfil` (`id_auto`, `nombreperfil`) VALUES
(1, 'ADMINISTRADOR'),
(2, 'SUPERVISOR'),
(3, 'SOPORTE');

-- --------------------------------------------------------

--
-- Estructura de tabla para la tabla `plataforma`
--

CREATE TABLE IF NOT EXISTS `plataforma` (
  `idPlataforma` int(11) NOT NULL AUTO_INCREMENT COMMENT 'Llave primaria de la tabla Plataforma',
  `nombrePlataforma` varchar(40) NOT NULL COMMENT 'Nombre de la plataorma (citrix,2003,citrix2013, local, etc)',
  PRIMARY KEY (`idPlataforma`)
) ENGINE=InnoDB  DEFAULT CHARSET=latin1 AUTO_INCREMENT=11 ;

--
-- Volcado de datos para la tabla `plataforma`
--

INSERT INTO `plataforma` (`idPlataforma`, `nombrePlataforma`) VALUES
(1, 'APP CITRIX 2003'),
(2, 'APP CITRIX 2013'),
(3, 'APP LOCAL'),
(5, 'ESCRITORIO VIRTUAL'),
(6, 'STREAMING'),
(7, 'APP CITRIX OPEN OFFICE'),
(8, 'APP LOCAL OFFICE 2007'),
(9, 'LIBRE OFFICE'),
(10, 'APP CITRIX ZM');

-- --------------------------------------------------------

--
-- Estructura de tabla para la tabla `prestamos`
--

CREATE TABLE IF NOT EXISTS `prestamos` (
  `id` int(11) NOT NULL AUTO_INCREMENT COMMENT 'Llave primaria de la tabla de préstamos',
  `idColaboradorEmpleado` int(11) NOT NULL COMMENT 'Llave foránea del colaborador que recibe el prestamo',
  `estatus_idEstatus` int(11) DEFAULT NULL COMMENT 'Estado del préstamo',
  `fecha_devolucion` date NOT NULL COMMENT 'Fecha en que se tiene que devolver el préstamo',
  `fecha_prestamo` date NOT NULL COMMENT 'Fecha en la que se realiza el préstamo',
  `proroga` int(11) DEFAULT '0' COMMENT 'Proroga a la entrega del prestamo',
  `descripcion` text COMMENT 'Descripción del motivo por el cual se realiza el préstamo',
  `capturaUser` int(11) NOT NULL COMMENT 'llave foránea del usuario que hace el préstamo',
  `nombreEquipo` varchar(35) NOT NULL COMMENT 'Nombre del equipo en préstamo',
  `Plataforma_idPlataforma` int(11) DEFAULT NULL,
  PRIMARY KEY (`id`),
  KEY `fk_prestamos_colaborador1_idx` (`idColaboradorEmpleado`),
  KEY `fk_prestamos_estatus1_idx` (`estatus_idEstatus`),
  KEY `capturaUser` (`capturaUser`),
  KEY `Plataforma_idPlataforma` (`Plataforma_idPlataforma`)
) ENGINE=InnoDB  DEFAULT CHARSET=latin1 AUTO_INCREMENT=17 ;

--
-- Volcado de datos para la tabla `prestamos`
--

INSERT INTO `prestamos` (`id`, `idColaboradorEmpleado`, `estatus_idEstatus`, `fecha_devolucion`, `fecha_prestamo`, `proroga`, `descripcion`, `capturaUser`, `nombreEquipo`, `Plataforma_idPlataforma`) VALUES
(11, 16, NULL, '2014-08-15', '2014-05-15', 0, '', 8, 'PRACTICANTE3', 9),
(13, 13153, NULL, '2014-08-16', '2014-05-16', 0, 'EQUIPO EN PRESTAMO POR 3 MESES PARA PRACTICANTE', 9, 'PRACTICANTE5', 2),
(14, 56843, NULL, '2014-08-16', '2014-05-16', 0, 'EQUIPO EN PRESTAMO POR 3 MESES PARA PRACTICANTE.', 9, 'PRACTICANTE7', 2),
(15, 55829, NULL, '2014-08-16', '2014-05-16', 0, 'EQUIPO EN PRESTAMO POR 3 MESES PARA PRACTICANTE', 9, 'PRACTICANTE6', 2),
(16, 41546, NULL, '2014-08-16', '2014-05-16', 0, 'EQUIPO EN PRESTAMO POR 3 MESES PARA PRACTICANTE', 9, 'PRACTICANTE4', 2);

-- --------------------------------------------------------

--
-- Estructura de tabla para la tabla `prestamos_log`
--

CREATE TABLE IF NOT EXISTS `prestamos_log` (
  `id` int(11) NOT NULL AUTO_INCREMENT COMMENT 'Llave primaria del log de préstamos',
  `equipo_id` int(11) NOT NULL COMMENT 'llave foranea del equipo',
  `id_colaborador` int(11) NOT NULL COMMENT 'Llave foránea del colaborador que prestó el equipo',
  `fecha_prestamo` date NOT NULL COMMENT 'Fecha de realización de préstamo',
  `fecha_devolucion` date DEFAULT NULL COMMENT 'Fecha de devolución del préstamo',
  `id_prestamo` int(11) DEFAULT NULL COMMENT 'Llave foránea de la tabla prestamo. Se vuelve null cuando se elimina el préstamo',
  `id_responsable` int(11) NOT NULL,
  `fecha_entrada_equipo` datetime DEFAULT NULL,
  `fecha_salida_equipo` datetime DEFAULT NULL,
  `estado` varchar(40) DEFAULT NULL,
  PRIMARY KEY (`id`),
  KEY `id_responsable` (`id_responsable`),
  KEY `equipo_id` (`equipo_id`),
  KEY `id_colaborador` (`id_colaborador`),
  KEY `id_prestamo` (`id_prestamo`),
  KEY `id_responsable_2` (`id_responsable`)
) ENGINE=InnoDB  DEFAULT CHARSET=latin1 AUTO_INCREMENT=50 ;

--
-- Volcado de datos para la tabla `prestamos_log`
--

INSERT INTO `prestamos_log` (`id`, `equipo_id`, `id_colaborador`, `fecha_prestamo`, `fecha_devolucion`, `id_prestamo`, `id_responsable`, `fecha_entrada_equipo`, `fecha_salida_equipo`, `estado`) VALUES
(40, 984, 16, '2014-05-15', '2014-08-15', 11, 9, '2014-05-15 11:46:14', NULL, 'PRESTAMO'),
(41, 689, 16, '2014-05-15', '2014-08-15', 11, 9, '2014-05-15 11:53:29', NULL, 'PRESTAMO'),
(42, 1059, 13153, '2014-05-16', '2014-08-16', 13, 9, '2014-05-16 09:47:53', NULL, 'PRESTAMO'),
(43, 1085, 13153, '2014-05-16', '2014-08-16', 13, 9, '2014-05-16 09:49:26', NULL, 'PRESTAMO'),
(44, 1054, 56843, '2014-05-16', '2014-08-16', 14, 9, '2014-05-16 09:52:34', NULL, 'PRESTAMO'),
(45, 352, 56843, '2014-05-16', '2014-08-16', 14, 9, '2014-05-16 09:52:56', NULL, 'PRESTAMO'),
(46, 1047, 55829, '2014-05-16', '2014-08-16', 15, 9, '2014-05-16 10:25:36', NULL, 'PRESTAMO'),
(47, 729, 55829, '2014-05-16', '2014-08-16', 15, 9, '2014-05-16 10:25:58', NULL, 'PRESTAMO'),
(48, 1062, 41546, '2014-05-16', '2014-08-16', 16, 9, '2014-05-16 10:36:36', NULL, 'PRESTAMO'),
(49, 1086, 41546, '2014-05-16', '2014-08-16', 16, 9, '2014-05-16 10:36:43', NULL, 'PRESTAMO');

-- --------------------------------------------------------

--
-- Estructura de tabla para la tabla `procesadores`
--

CREATE TABLE IF NOT EXISTS `procesadores` (
  `idProcesadores` int(11) NOT NULL AUTO_INCREMENT COMMENT 'Llave primario de la tabla de procesadores',
  `nombreProcesador` varchar(45) NOT NULL COMMENT 'Nombre del procesador',
  `especificaciones` varchar(100) NOT NULL COMMENT 'Especificaciones técnicas del procesador',
  PRIMARY KEY (`idProcesadores`),
  UNIQUE KEY `Marca_UNIQUE` (`nombreProcesador`)
) ENGINE=InnoDB DEFAULT CHARSET=latin1 AUTO_INCREMENT=1 ;

-- --------------------------------------------------------

--
-- Estructura de tabla para la tabla `programas`
--

CREATE TABLE IF NOT EXISTS `programas` (
  `id` int(11) NOT NULL AUTO_INCREMENT COMMENT 'Llave primario de la tabla de programas',
  `nombre` varchar(45) DEFAULT NULL COMMENT 'Nombre delñprograma',
  `observaciones` text COMMENT 'Descripción del programa',
  PRIMARY KEY (`id`)
) ENGINE=InnoDB  DEFAULT CHARSET=latin1 AUTO_INCREMENT=2 ;

-- --------------------------------------------------------

--
-- Estructura de tabla para la tabla `programas_has_equipo`
--

CREATE TABLE IF NOT EXISTS `programas_has_equipo` (
  `programas_id1` int(11) NOT NULL COMMENT 'Llave foránea del programa',
  `equipoGeneral_id` int(11) NOT NULL COMMENT 'Llave foránea del equipo que contiene el programa',
  KEY `fk_programas_has_equipo_programas1_idx` (`programas_id1`),
  KEY `fk_programas_has_equipo_equipoGeneral1_idx` (`equipoGeneral_id`)
) ENGINE=InnoDB DEFAULT CHARSET=latin1;

-- --------------------------------------------------------

--
-- Estructura de tabla para la tabla `proveedores`
--

CREATE TABLE IF NOT EXISTS `proveedores` (
  `idProveedores` int(11) NOT NULL AUTO_INCREMENT COMMENT 'Llave primaria de la tabla de proveedores',
  `nombreProveedor` varchar(40) NOT NULL COMMENT 'Nombre del proveedor de equipo',
  PRIMARY KEY (`idProveedores`)
) ENGINE=InnoDB  DEFAULT CHARSET=latin1 AUTO_INCREMENT=9 ;

--
-- Volcado de datos para la tabla `proveedores`
--

INSERT INTO `proveedores` (`idProveedores`, `nombreProveedor`) VALUES
(1, 'COMPUFAX'),
(2, 'RED UNO'),
(3, 'PC MART'),
(4, 'COMPUCENTER'),
(5, 'DELL MEXICO'),
(6, 'GENESIS'),
(8, 'ALEJANDRO TRAVA');

-- --------------------------------------------------------

--
-- Estructura de tabla para la tabla `refaccion`
--

CREATE TABLE IF NOT EXISTS `refaccion` (
  `idrefaccion` int(11) NOT NULL COMMENT 'Llave primaria dela tabla refacción',
  `nombre` varchar(40) NOT NULL COMMENT 'Nombre de la refacción',
  `caracteristica` varchar(60) DEFAULT NULL COMMENT 'Características de la refacción',
  `existencia` int(17) NOT NULL COMMENT 'Existencias en inventario',
  PRIMARY KEY (`idrefaccion`)
) ENGINE=InnoDB DEFAULT CHARSET=latin1;

-- --------------------------------------------------------

--
-- Estructura de tabla para la tabla `resguardo`
--

CREATE TABLE IF NOT EXISTS `resguardo` (
  `id_resguardo` int(11) NOT NULL AUTO_INCREMENT COMMENT 'Llave primario de la tabla de resguardos',
  `comentarios` text COMMENT 'Comentarios adicionales ',
  `fechaCaptura` date DEFAULT NULL COMMENT 'Fecha en la que se realiza el resguardo',
  `nombreEquipo` varchar(35) DEFAULT NULL COMMENT 'Nombre del equipo de resguardo',
  `capturaUser` int(11) DEFAULT NULL COMMENT 'Llave foránea del usuario que captura el resguardo',
  `idColaboradorEmpleado` int(11) NOT NULL COMMENT 'Llave foránea del usuario que recibe el resguardo',
  `Plataforma_idPlataforma` int(11) DEFAULT NULL,
  PRIMARY KEY (`id_resguardo`),
  KEY `fk_resguardo_colaborador_idx` (`idColaboradorEmpleado`),
  KEY `idColaboradorEmpleado` (`idColaboradorEmpleado`),
  KEY `Plataforma_idPlataforma` (`Plataforma_idPlataforma`),
  KEY `capturaUser` (`capturaUser`)
) ENGINE=InnoDB  DEFAULT CHARSET=latin1 AUTO_INCREMENT=479 ;

--
-- Volcado de datos para la tabla `resguardo`
--

INSERT INTO `resguardo` (`id_resguardo`, `comentarios`, `fechaCaptura`, `nombreEquipo`, `capturaUser`, `idColaboradorEmpleado`, `Plataforma_idPlataforma`) VALUES
(21, '', '2014-04-30', 'RRIOJA', 17, 29648, 2),
(22, '', '2014-04-30', 'ALEYVA', 17, 48104, 2),
(23, '', '2014-04-30', 'BARRONIZ', 17, 7599, 3),
(24, '', '2014-04-30', 'AMARTINEZ', 17, 22285, 2),
(25, '', '2014-04-30', 'GCABALLERO', 19, 10392, 3),
(26, '', '2014-04-30', 'MAYRAMIREZ', 17, 50193, 2),
(27, '', '2014-04-30', 'FROJAS', 20, 245, 2),
(28, '', '2014-04-30', 'JBLANCO', 19, 19882, 5),
(29, '', '2014-04-30', 'NCHIM', 20, 51296, 3),
(30, '', '2014-04-30', 'DALCOCER', 18, 8324, 2),
(31, '', '2014-04-30', 'GLAJIMENEZ', 19, 54688, 5),
(32, '', '2014-04-30', 'MESQUIVEL', 19, 54692, 5),
(33, '', '2014-04-30', 'TVELAZCO', 18, 9565, 2),
(34, '', '2014-04-30', 'AUC', 19, 617, 5),
(35, '', '2014-04-30', 'SPIMENTEL', 18, 44014, 6),
(36, '', '2014-04-30', 'MIRUIZ', 19, 37062, 5),
(37, '', '2014-04-30', 'REHERNANDEZ', 18, 356, 2),
(38, '', '2014-04-30', 'FOCTAVIANO', 18, 7540, 6),
(39, '', '2014-04-30', 'FEMARTINEZ', 17, 28342, 3),
(40, '', '2014-04-30', 'VIGARCIA', 18, 12585, 6),
(41, '', '2014-04-30', 'SPUC', 19, 483, 5),
(42, '', '2014-04-30', 'SGALLARDO', 18, 17749, 6),
(43, '', '2014-04-30', 'GAMORENO', 18, 51566, 2),
(44, '', '2014-04-30', 'LUCAN', 19, 56502, 2),
(45, '', '2014-04-30', 'PHERNANDEZ', 18, 801, 5),
(46, '', '2014-04-30', 'JUJIMENEZ', 19, 8400, 2),
(47, '', '2014-04-30', 'MDELEON', 19, 12862, 5),
(48, '', '2014-04-30', 'REGARCIA', 18, 51500, 2),
(49, '', '2014-04-30', 'JALVARADO', 19, 792, 2),
(50, '', '2014-04-30', 'JOCHAN', 17, 27885, 2),
(51, '', '2014-04-30', 'ZANDRES', 19, 302, 6),
(52, '', '2014-04-30', 'CLHERNANDEZ', 19, 770, 6),
(53, '', '2014-04-30', 'TCRUZ', 17, 28938, 2),
(54, '', '2014-04-30', 'HREBELES', 17, 57383, 2),
(55, '', '2014-04-30', 'JALCANTAR', 19, 3874, 5),
(56, '', '2014-04-30', 'CALEAL', 17, 32333, 2),
(57, '', '2014-04-30', 'FSANCHEZ', 19, 391, 3),
(58, '', '2014-04-30', 'JARANGEL', 19, 18002, 2),
(59, '', '2014-04-30', 'MADIAZ', 19, 74, 2),
(60, '', '2014-04-30', 'USOSA', 18, 56755, 2),
(61, '', '2014-04-30', 'ERIVERA', 19, 543, 6),
(62, '', '2014-04-30', 'MVIVAR', 18, 41863, 2),
(63, '', '2014-04-30', 'JCEPEDA', 17, 10008, 2),
(64, '', '2014-04-30', 'OBARRERA', 17, 338, 2),
(66, '', '2014-04-30', 'AULIBARRI', 17, 54298, 2),
(67, '', '2014-04-30', 'DOCAMPO', 18, 51355, 2),
(68, '', '2014-04-30', 'NVEGA', 18, 56912, 2),
(69, '', '2014-04-30', 'GESPINOSA', 17, 22292, 2),
(70, '', '2014-04-30', 'ROSANCHEZ', 18, 6274, 2),
(71, '', '2014-05-02', 'EGILHARRY', 17, 45460, 2),
(72, '', '2014-05-02', 'RFLORES', 17, 53302, 2),
(73, '', '2014-05-02', 'BCAMPOS', 19, 55683, 3),
(74, '', '2014-05-02', 'RSANCHEZ', 18, 52097, 1),
(75, '', '2014-05-02', 'MZURBIA', 17, 51387, 2),
(76, '', '2014-05-02', 'ENACOSTA', 17, 722, 2),
(77, '', '2014-05-02', 'CTOBON', 17, 1738, 2),
(78, '', '2014-05-02', 'PARUIZ', 19, 55669, 2),
(79, '', '2014-05-02', 'HPINTO', 17, 39052, 2),
(80, '', '2014-05-02', 'ALBSANCHEZ', 18, 48782, 2),
(81, '', '2014-05-02', 'JSOTO', 18, 25967, 1),
(82, '', '2014-05-02', 'BBETANCOURT', 18, 8650, 3),
(83, '', '2014-05-02', 'PAPEL', 19, 55663, 2),
(84, '', '2014-05-02', 'GENMARTINEZ', 18, 51784, 2),
(85, '', '2014-05-02', 'JOZAVALA', 19, 56706, 2),
(86, '', '2014-05-02', 'ARPEREZ', 18, 9911, 2),
(87, '', '2014-05-02', 'MPOOT', 18, 4727, 1),
(88, '', '2014-05-02', 'EMISLAS', 18, 52238, 1),
(89, '', '2014-05-02', 'MHURTADO', 19, 56300, 2),
(90, '', '2014-05-02', 'CMANZANERO', 18, 37016, 1),
(91, '', '2014-05-02', 'RICVAZQUEZ', 19, 55688, 2),
(92, '', '2014-05-02', 'PESLAVA', 18, 56906, 2),
(93, '', '2014-05-02', 'EDZIB', 17, 14999, 2),
(94, '', '2014-05-02', 'DPONCE', 17, 55161, 2),
(95, '', '2014-05-02', 'ATORRECILLA', 18, 14291, 2),
(96, '', '2014-05-02', 'EGAMBOA', 18, 215, 1),
(97, '', '2014-05-02', 'KREYES', 17, 46846, 2),
(98, '', '2014-05-02', 'JTURRIZA', 18, 16447, 6),
(99, '', '2014-05-02', 'MACASTILLO', 18, 44486, 2),
(100, '', '2014-05-02', 'MOLARTE', 18, 291, 3),
(101, '', '2014-05-02', 'SGAMBOA', 18, 1962, 1),
(102, '', '2014-05-02', 'IALVA', 18, 12398, 3),
(103, '', '2014-05-02', 'EVALDERRAMA', 18, 42028, 1),
(104, '', '2014-05-02', 'ANTPEREZ', 18, 57276, 2),
(105, '', '2014-05-02', 'JOCORTES', 18, 54847, 2),
(106, '', '2014-05-02', 'FGAMBOA', 18, 7020, 2),
(107, '', '2014-05-02', 'AAQUINO', 18, 818, 1),
(108, '', '2014-05-02', 'TCABRERA', 18, 7460, 2),
(109, '', '2014-05-02', 'MBOJORQUEZ', 18, 3118, 1),
(110, '', '2014-05-02', 'MALOPEZ', 19, 3447, 2),
(111, '', '2014-05-02', 'PATORRES', 18, 727, 1),
(112, '', '2014-05-02', 'JDIAZ', 17, 1672, 1),
(113, '', '2014-05-02', 'MAPEREZ', 18, 3111, 1),
(114, '', '2014-05-02', 'OCHI', 19, 537, 6),
(115, '', '2014-05-02', 'MRAMIREZ', 19, 812, 6),
(116, '', '2014-05-02', 'ACRUZ', 19, 846, 2),
(117, '', '2014-05-02', 'EPAT', 19, 6318, 5),
(118, '', '2014-05-02', 'OMARIANO', 19, 32140, 3),
(119, '', '2014-05-02', 'GISANTIAGO', 19, 56486, 3),
(120, '', '2014-05-02', 'ANTONHERNANDEZ', 18, 7717, 2),
(121, '', '2014-05-02', 'VIHERRERA', 18, 26, 3),
(122, '', '2014-05-02', 'MMAR', 18, 39981, 3),
(123, '', '2014-05-02', 'MFONSECA', 18, 54580, 5),
(124, '', '2014-05-02', 'MARGMARTINEZ', 18, 44087, 3),
(125, '', '2014-05-02', 'BOCANA', 18, 321, 2),
(126, '', '2014-05-02', 'EDUCLAUD', 19, 55628, 2),
(127, '', '2014-05-02', 'XESQUIVEL', 19, 1283, 2),
(128, '', '2014-05-02', 'LOALCAZAR', 19, 46474, 2),
(129, '', '2014-05-02', 'ALRODRIGUEZ', 18, 81, 3),
(130, '', '2014-05-02', 'WMAY', 18, 41098, 3),
(131, '', '2014-05-02', 'RMAAS', 19, 41617, 2),
(132, '', '2014-05-02', 'MARLARA', 19, 36968, 2),
(133, '', '2014-05-02', 'ROLIVARES', 18, 50261, 3),
(134, '', '2014-05-02', 'CACUEVAS', 18, 56856, 2),
(135, '', '2014-05-02', 'DVILLARREAL', 18, 1520, 2),
(136, '', '2014-05-02', 'YPEREZ', 18, 6683, 2),
(137, '', '2014-05-02', 'MARIAHERNANDEZ', 17, 24963, 1),
(138, '', '2014-05-02', 'SESQUIVEL', 17, 10456, 2),
(139, '', '2014-05-02', 'OMENDOZA', 18, 21985, 2),
(140, '', '2014-05-02', 'PRODRIGUEZ', 19, 44621, 2),
(141, '', '2014-05-02', 'KMORENO', 17, 27608, 2),
(142, '', '2014-05-02', 'PPALAFOX', 18, 19563, 2),
(143, '', '2014-05-02', 'AWENCES', 19, 19418, 2),
(144, '', '2014-05-02', 'DESPINAL ', 19, 53334, 2),
(145, '', '2014-05-02', 'DINCLAN', 19, 36971, 2),
(146, '', '2014-05-02', 'MARIAMORALES', 19, 38930, 2),
(147, '', '2014-05-02', 'LGUZMAN', 19, 28788, 2),
(148, '', '2014-05-02', 'EVEMARTINEZ', 18, 55135, 2),
(149, '', '2014-05-02', 'ROJIMENEZ', 18, 55128, 2),
(150, '', '2014-05-02', 'CESHERNANDEZ', 17, 14455, 1),
(151, '', '2014-05-02', 'MMURGUIA', 17, 51508, 1),
(152, '', '2014-05-02', 'SERGARCIA', 18, 48037, 2),
(153, '', '2014-05-02', 'CTUN', 18, 26482, 2),
(154, '', '2014-05-02', 'CCHALE', 18, 1015, 2),
(155, '', '2014-05-02', 'CESPINOZA', 17, 51385, 1),
(156, '', '2014-05-02', 'RODMARTINEZ', 17, 8495, 1),
(157, '', '2014-05-02', 'DAVALOS', 17, 7650, 1),
(158, '', '2014-05-02', 'TIHERNANDEZ', 17, 4295, 3),
(159, '', '2014-05-03', 'DMALTRANA', 18, 41546, 3),
(160, '', '2014-05-03', 'DSEGOVIA', 18, 19885, 3),
(161, '', '2014-05-03', 'LEHERRERA', 19, 52560, 5),
(162, '', '2014-05-03', 'MARCASTRO', 19, 30328, 6),
(163, '', '2014-05-03', 'MMAGANA', 19, 27216, 5),
(164, '', '2014-05-03', 'EVGOMEZ', 19, 18001, 3),
(165, '', '2014-05-03', 'JOOLAN', 19, 41436, 2),
(166, '', '2014-05-03', 'HCHAN', 18, 520, 2),
(167, '', '2014-05-03', 'LTEC', 18, 312, 5),
(168, '', '2014-05-03', 'MMERCADO', 18, 41983, 2),
(169, '', '2014-05-05', 'EDUCASTILLO', 19, 1786, 3),
(170, '', '2014-05-05', 'MMUNOZ', 19, 12584, 3),
(171, '', '2014-05-05', 'MRDGZ', 19, 1825, 3),
(173, '', '2014-05-05', 'ADRORTIZ', 17, 1696, 3),
(174, '', '2014-05-05', 'JFAVELA', 17, 18411, 2),
(175, '', '2014-05-05', 'JCALDERON', 17, 532, 3),
(176, '', '2014-05-05', 'TORUZ', 19, 16829, 3),
(177, '', '2014-05-05', 'MROMERO', 17, 44579, 2),
(178, '', '2014-05-05', 'ULORTIZ', 17, 51366, 2),
(179, '', '2014-05-05', 'VMANZANILLA', 19, 33578, 3),
(180, '', '2014-05-05', 'MARTGUTIERREZ', 17, 52073, 3),
(181, '', '2014-05-05', 'HAGONZALEZ', 17, 56150, 3),
(182, '', '2014-05-05', 'LICHUC', 17, 51734, 3),
(183, '', '2014-05-05', 'CVALDEZ', 17, 17096, 3),
(184, '', '2014-05-05', 'AMIJANGOS', 17, 56301, 3),
(185, '', '2014-05-05', 'ALGONGORA', 19, 52028, 3),
(186, '', '2014-05-05', 'PGIJON', 19, 33965, 3),
(187, '', '2014-05-05', 'APENA', 19, 56094, 3),
(188, '', '2014-05-05', 'JVALDERRABANO', 19, 52607, 3),
(189, '', '2014-05-05', 'ELMUNOZ', 19, 56095, 3),
(190, '', '2014-05-05', 'JSAINZ', 19, 2008, 3),
(191, '', '2014-05-05', 'SHERRERA', 19, 1335, 3),
(192, '', '2014-05-05', 'IMANZANERO', 17, 52722, 5),
(193, '', '2014-05-05', 'YCAAMAL', 17, 25342, 3),
(194, '', '2014-05-05', 'ALFCORTES', 19, 23717, 3),
(195, '', '2014-05-05', 'MCHAGOLLA', 17, 56186, 2),
(196, '', '2014-05-05', 'MULIBARRI', 17, 2581, 3),
(197, '', '2014-05-05', 'NMENA', 17, 56255, 2),
(198, '', '2014-05-05', 'AMOLINA', 17, 15532, 3),
(199, '', '2014-05-05', 'CANTONIO', 17, 55083, 2),
(200, '', '2014-05-05', 'OMARTINEZ', 17, 30320, 2),
(201, '', '2014-05-05', 'VSANDOVAL', 17, 3556, 5),
(202, '', '2014-05-05', 'DAYGARCIA', 17, 57024, 1),
(203, '', '2014-05-05', 'BECAMPOS', 17, 56843, 2),
(204, '', '2014-05-05', 'LAUMARTINEZ', 17, 55339, 2),
(205, '', '2014-05-05', 'GROJAS', 17, 30, 3),
(206, '', '2014-05-05', 'ASOBRADO', 19, 1663, 3),
(207, '', '2014-05-05', 'ACAAMAL', 19, 274, 5),
(208, '', '2014-05-05', 'ELAZARO', 19, 275, 6),
(209, '', '2014-05-05', 'OJIMENEZ', 19, 261, 3),
(210, '', '2014-05-05', 'RMEZA', 18, 29419, 3),
(211, '', '2014-05-05', 'IOLAYA', 18, 55829, 2),
(212, '', '2014-05-05', 'JMELENDREZ', 18, 52813, 5),
(213, '', '2014-05-05', 'LDIAZ', 18, 32163, 3),
(214, '', '2014-05-05', 'RURGELL', 18, 4632, 2),
(215, '', '2014-05-05', 'JOUCH', 18, 3800, 6),
(216, 'TIENE UNA EQUIPO DE COMPUTO QUE SOLO LE PUSIMOS COMO REFERENCIA AL SEÑIOR EDWIN POR QUE EL DISPOSITIVO PERTENECUIA A UNOS ESTUDIANTES, LA CUAL YA NO LABORAN EN EL PALACE.', '2014-05-05', 'EDCAHUN', 18, 7829, 6),
(217, '', '2014-05-05', 'MARISHERNANDEZ', 18, 11519, 6),
(218, '', '2014-05-05', 'AHURTADO', 18, 40690, 5),
(219, '', '2014-05-05', 'JMONTESINOS', 18, 4270, 2),
(220, '', '2014-05-05', 'YNOVELO', 18, 53740, 5),
(221, 'LA PC DELL OPTIPLEX 755 CON NUMERO DE SERIE 4HPRTF1 UTILIZA LA PLATAFORMA DE CITRIX  ST', '2014-05-05', 'WPENATE', 19, 41987, 3),
(222, '', '2014-05-05', 'VERNICA', 18, 56823, 3),
(223, '', '2014-05-05', 'ARGONZALEZ', 18, 54080, 5),
(224, '', '2014-05-05', 'EMEZA', 18, 45830, 3),
(225, '', '2014-05-05', 'EJIMENEZ', 18, 12938, 2),
(226, '', '2014-05-05', 'LABOR26280', 19, 56944, 6),
(227, '', '2014-05-05', 'DISTINTIVO H', 8, 31047, 3),
(228, '', '2014-05-05', 'PALACE0202', 19, 24399, 1),
(229, '', '2014-05-05', 'WCANO', 19, 8990, 2),
(230, '', '2014-05-05', 'MIPOOL', 19, 10122, 6),
(231, '', '2014-05-05', 'NMOO', 17, 57041, 2),
(232, '', '2014-05-05', 'TAHERNANDEZ', 18, 4438, 3),
(233, '', '2014-05-05', 'COGOMEZ', 19, 57318, 2),
(234, '', '2014-05-05', 'GCRUZ', 17, 326, 1),
(235, '', '2014-05-05', 'MCERVANTES', 19, 11091, 2),
(236, '', '2014-05-05', 'AVALENTIN', 17, 12475, 1),
(237, '', '2014-05-05', 'JSANTIAGO', 19, 34339, 7),
(238, '', '2014-05-05', 'EXIJUM', 8, 1824, 3),
(239, '', '2014-05-05', 'PPOOT', 19, 3134, 7),
(240, '', '2014-05-05', 'JSANSORES', 8, 25373, 3),
(241, '', '2014-05-05', 'DACHAN', 17, 14986, 1),
(242, '', '2014-05-05', 'DCASTRO', 17, 13765, 3),
(243, '', '2014-05-05', 'GHERRERA', 17, 7557, 5),
(244, '', '2014-05-05', 'MMORALES', 17, 2103, 1),
(245, '', '2014-05-05', 'ROAGUILAR', 17, 12074, 2),
(246, '', '2014-05-05', 'UROSARIO', 17, 12825, 5),
(247, '', '2014-05-05', 'MATMORALES', 18, 20482, 2),
(248, '', '2014-05-05', 'SBACAB', 17, 2434, 3),
(249, '', '2014-05-05', 'EFLORES', 17, 1845, 3),
(250, '', '2014-05-05', 'MXOOL', 17, 518, 5),
(251, '', '2014-05-05', 'CLAPEREZ', 18, 45587, 2),
(252, '', '2014-05-05', 'CAGUAYO', 19, 9051, 2),
(253, '', '2014-05-05', 'JOGONZALEZ', 8, 25289, 3),
(254, '', '2014-05-05', 'RMAGANA', 18, 47308, 2),
(255, '', '2014-05-05', 'CALCOCER', 19, 396, 6),
(256, '', '2014-05-05', 'MADELGADO', 19, 11651, 2),
(257, '', '2014-05-05', 'REMARTIN', 18, 57434, 1),
(258, '', '2014-05-05', 'YMARTINEZ', 19, 36763, 3),
(259, '', '2014-05-05', 'CARGARCIA', 19, 47052, 3),
(260, '', '2014-05-05', 'GSALAS', 18, 57464, 2),
(261, '', '2014-05-05', 'JARUIZ', 19, 57163, 2),
(262, '', '2014-05-05', 'LCASTILLO', 19, 1761, 3),
(263, 'TIENE UN PC DELL OPTIPLEX GX620 CON PLATAFORMA CITRIX ST', '2014-05-06', 'JOSPEREZ', 18, 4527, 3),
(264, '', '2014-05-06', 'ROGRODRIGUEZ', 17, 45833, 3),
(265, '', '2014-05-06', 'FSUAREZ', 17, 43078, 3),
(266, '', '2014-05-06', 'RCHALE', 17, 1958, 3),
(267, '', '2014-05-06', 'CNANDEZ', 17, 7569, 3),
(268, '', '2014-05-06', 'ASALGADO', 17, 3902, 1),
(269, '', '2014-05-06', 'JGABRIEL', 18, 50883, 3),
(271, '', '2014-05-06', 'FANDRES', 18, 8660, 3),
(272, '', '2014-05-06', 'JUICAB', 18, 29236, 1),
(273, '', '2014-05-06', 'ANQUINONES', 17, 56905, 2),
(274, '', '2014-05-06', 'AORTIZ', 18, 16, 3),
(275, '', '2014-05-06', 'GMENDEZ', 18, 31518, 3),
(276, '', '2014-05-06', 'JSHERAN', 17, 53548, 1),
(277, '', '2014-05-06', 'JARRIAGA', 17, 46704, 1),
(278, '', '2014-05-06', 'AMONTORES', 17, 57128, 2),
(279, '', '2014-05-06', 'JJERONIMO', 17, 33351, 2),
(280, '', '2014-05-06', 'ALEGORRETA', 17, 53805, 2),
(281, '', '2014-05-06', 'JOSOSA', 18, 41602, 1),
(282, '', '2014-05-06', 'JBARRERA', 17, 40979, 3),
(283, '', '2014-05-06', 'RCASANOVA', 17, 9556, 2),
(284, '', '2014-05-06', 'PARROYO', 17, 41889, 3),
(285, '', '2014-05-06', 'KESQUIVEL', 17, 54759, 8),
(286, '', '2014-05-06', 'AACERO', 18, 55774, 1),
(287, '', '2014-05-06', 'RSERRANO', 18, 55773, 1),
(288, '', '2014-05-06', 'PCHI', 18, 55772, 1),
(289, '', '2014-05-06', 'GAGONZALEZ', 17, 85, 3),
(290, '', '2014-05-06', 'SECUEVAS', 17, 40754, 3),
(291, '', '2014-05-06', 'BGRANADOS', 18, 55838, 2),
(292, '', '2014-05-06', 'OSLOPEZ', 17, 52402, 3),
(293, '', '2014-05-06', 'HCAHUM', 17, 574, 8),
(294, '', '2014-05-06', 'LUISSANCHEZ', 17, 51399, 8),
(295, '', '2014-05-06', 'MCUEVAS', 17, 9129, 6),
(296, '', '2014-05-06', 'FTOVAR', 17, 41683, 3),
(297, '', '2014-05-06', 'BCHI', 18, 4149, 1),
(298, '', '2014-05-06', 'ATAMAY', 17, 57060, 2),
(299, '', '2014-05-06', 'GCAMARA', 17, 19650, 8),
(300, '', '2014-05-06', 'FRCHAN', 17, 56113, 2),
(301, '', '2014-05-06', 'DRIVAS', 17, 12487, 8),
(302, '', '2014-05-06', 'FRLOPEZ', 17, 24601, 3),
(303, '', '2014-05-06', 'JORMENDOZA', 18, 19651, 3),
(304, '', '2014-05-06', 'DORAMOS', 18, 56184, 1),
(305, '', '2014-05-06', 'BQUIJANO', 18, 11487, 1),
(306, '', '2014-05-06', 'MPALMA', 18, 51779, 1),
(307, '', '2014-05-06', 'CRMARTINEZ', 18, 55770, 1),
(308, '', '2014-05-06', 'LGARCIA', 18, 44526, 1),
(309, '', '2014-05-06', 'RSALDANA', 18, 57258, 7),
(310, '', '2014-05-06', 'ERUEDA', 18, 14084, 1),
(311, '', '2014-05-06', 'LMONTOYA', 18, 665, 2),
(312, '', '2014-05-06', 'CAJEROWW', 18, 4188, 5),
(313, '', '2014-05-06', 'NGALVAN', 8, 44613, 2),
(314, '', '2014-05-06', 'CCABRERA', 8, 52353, 2),
(315, '', '2014-05-06', 'EYANEZ', 8, 34024, 2),
(316, '', '2014-05-06', 'DOREYEZ', 8, 27300, 2),
(317, '', '2014-05-06', 'TZARATE', 8, 1834, 2),
(318, '', '2014-05-06', 'IROMERO', 8, 51515, 2),
(319, '', '2014-05-06', 'MARELLANO', 8, 51444, 2),
(320, '', '2014-05-06', 'CCANEDO', 8, 56966, 2),
(321, '', '2014-05-06', 'EMUNIZ', 8, 51312, 2),
(322, '', '2014-05-06', 'BCARRENO', 8, 51395, 2),
(323, '', '2014-05-06', 'MAMUNOZ', 8, 56707, 2),
(324, '', '2014-05-06', 'SERMIRA', 18, 14720, 3),
(325, '', '2014-05-06', 'LIAGULAR', 18, 51681, 2),
(326, '', '2014-05-06', 'SABONILLA', 18, 57260, 2),
(327, '', '2014-05-07', 'AARGUELLES', 18, 12679, 2),
(328, '', '2014-05-07', 'JREYES', 18, 16347, 2),
(329, '', '2014-05-07', 'YOGONZALEZ', 18, 44627, 3),
(330, '', '2014-05-07', 'LDEANDA', 18, 19133, 3),
(331, '', '2014-05-07', 'AARENAS', 18, 44915, 2),
(332, '', '2014-05-07', 'PAQUINO', 18, 14375, 3),
(333, '', '2014-05-07', 'ELRODRIGUEZ', 18, 50547, 5),
(335, '', '2014-05-07', 'ABINAS', 18, 10379, 1),
(336, '', '2014-05-07', 'MCANTO', 18, 44880, 3),
(337, '', '2014-05-07', 'ADUARTE', 18, 39457, 3),
(338, '', '2014-05-07', 'FHASSEY', 18, 8380, 1),
(339, '', '2014-05-07', 'EBUSTAMANTE', 18, 48830, 3),
(340, '', '2014-05-07', 'DCASTANON', 18, 57056, 2),
(342, '', '2014-05-07', 'MATORRES', 18, 571, 3),
(344, '', '2014-05-07', 'LVILLA', 17, 56967, 1),
(345, '', '2014-05-07', 'GCASTILLO', 17, 48208, 1),
(346, '', '2014-05-07', 'PHIDALGO', 17, 52189, 1),
(347, '', '2014-05-07', 'DERRAZQUIN', 18, 3, 1),
(354, '', '2014-05-07', 'MACAMPUZANO', 17, 56863, 1),
(362, '', '2014-05-08', 'JAZHERNANDEZ', 8, 57511, 2),
(363, '', '2014-05-12', 'PRACTICANTERHMP', 11, 341, 1),
(364, '', '2014-05-15', 'LCENTENO', 17, 55775, 1),
(365, '', '2014-05-15', 'AROSALES', 17, 2698, 3),
(366, 'BIOLOGíA', '2014-05-15', 'CZAPATA', 8, 35490, 3),
(367, '', '2014-05-15', 'ADELAVEGA', 17, 25851, 3),
(368, '', '2014-05-15', 'ADURAN', 17, 52912, 6),
(369, 'TIENE DOS MAQUINAS, UNA CON CITRIX 2003 Y LA OTRA CON VIRTUAL', '2014-05-15', 'RAPOLINAR', 17, 42388, 1),
(370, '', '2014-05-15', 'AROMAN', 17, 35, 3),
(371, '', '2014-05-15', 'ATORNADO', 17, 3168, 3),
(372, '', '2014-05-15', 'JGONZALEZ', 17, 29381, 3),
(373, '', '2014-05-15', 'ALMGONZALEZ', 17, 56579, 6),
(374, '', '2014-05-15', 'YESGARCIA', 17, 52828, 3),
(375, '', '2014-05-15', 'FBACAB', 17, 52614, 3),
(376, '', '2014-05-15', 'SMENDEZ', 17, 29633, 3),
(377, '', '2014-05-15', 'MAXGARCIA', 17, 23897, 6),
(378, '', '2014-05-15', 'EGUERRERO', 17, 5705, 2),
(379, '', '2014-05-15', 'ALBARRIENTOS', 17, 44582, 5),
(380, '', '2014-05-15', 'CMENDEZ', 17, 19669, 1),
(381, '', '2014-05-15', 'RMARIN', 17, 283, 3),
(382, '', '2014-05-15', 'PRACTICANTE1', 17, 51642, 10),
(383, '', '2014-05-15', 'ESHERMAN', 17, 57546, 2),
(384, '', '2014-05-15', 'MJIMENEZ', 17, 54567, 5),
(385, '', '2014-05-16', 'PRIOS', 18, 54100, 1),
(386, '', '2014-05-16', 'ECORDOVA', 19, 4030, 1),
(387, '', '2014-05-16', 'HLUNA', 19, 17753, 1),
(388, '', '2014-05-16', 'LBARRADAS', 18, 3160, 1),
(389, '', '2014-05-16', 'CALIDADMPS1', 19, 55304, 1),
(390, '', '2014-05-16', 'DORTIZ', 19, 5138, 3),
(391, '', '2014-05-16', 'RH1MPS', 19, 50411, 1),
(392, '', '2014-05-16', 'EMUNOZ', 19, 7658, 1),
(393, '', '2014-05-16', 'PVEGA', 18, 34750, 2),
(394, '', '2014-05-16', 'RECLUTACD1', 19, 52091, 1),
(395, '', '2014-05-16', 'RECLUTA3MPS', 19, 27526, 1),
(396, '', '2014-05-16', 'JOORTIZ', 18, 56450, 2),
(397, '', '2014-05-16', 'VICHAVEZ', 18, 30051, 2),
(398, '', '2014-05-16', 'TARIVERA', 18, 50146, 2),
(399, '', '2014-05-16', 'ANGMUNOZ', 18, 55160, 2),
(400, '', '2014-05-16', 'MMONTEMAYOR', 18, 44228, 2),
(401, '', '2014-05-16', 'JROSAS', 18, 752, 2),
(402, '', '2014-05-16', 'RECEPMG7', 17, 43287, 3),
(403, '', '2014-05-16', 'SECMANTOMG', 17, 51320, 1),
(404, '', '2014-05-16', 'GTEMANTTOMG', 17, 992, 1),
(405, '', '2014-05-16', 'RSERVICEMTPN4', 18, 9895, 7),
(406, '', '2014-05-16', 'RCRUZ', 17, 3054, 7),
(407, 'LA CPU HP ELITE 8300 SFF CUANTA CON WINDOWS 7 Y PLATAFORMA LOCAL.', '2014-05-16', 'BHUITRADO', 18, 54742, 7),
(408, '', '2014-05-16', 'COCIMAMG', 17, 1817, 7),
(409, '', '2014-05-16', 'RSERVICEMG', 17, 2556, 3),
(410, '', '2014-05-16', 'RARELLANO', 17, 4465, 1),
(411, '', '2014-05-16', 'RNAVARRO', 18, 57397, 2),
(412, '', '2014-05-16', 'JMEDINA', 17, 108, 10),
(413, '', '2014-05-16', 'SEGURIDADMG', 17, 1718, 7),
(414, '', '2014-05-16', 'RH2MPS', 19, 44581, 1),
(415, '', '2014-05-16', 'SVRVDIPR26', 19, 42031, 5),
(416, '', '2014-05-16', 'AUXRHGOLFMP', 19, 56460, 3),
(417, '', '2014-05-16', 'RELPUBMPS2', 19, 56176, 3),
(418, '', '2014-05-16', 'AUDINGMPS', 19, 4259, 7),
(419, '', '2014-05-16', 'AUXNOCMPN', 19, 27815, 2),
(420, '', '2014-05-16', 'AUDINGMPN2', 19, 41086, 2),
(421, '', '2014-05-16', 'AUDINMPN', 19, 26857, 2),
(422, '', '2014-05-16', 'LOGOMEZ', 19, 429, 6),
(423, '', '2014-05-16', 'JZOZAYA', 19, 2911, 5),
(424, '', '2014-05-16', 'RPATRON', 18, 8685, 2),
(425, '', '2014-05-16', 'CAJEROMPS', 18, 214, 1),
(426, '', '2014-05-16', 'AMCARRILLO', 17, 4056, 7),
(427, '', '2014-05-16', 'MPN01', 17, 29406, 7),
(428, '', '2014-05-16', 'JONOH', 17, 7150, 5),
(429, '', '2014-05-16', 'TALPUCHE', 17, 10222, 7),
(430, '', '2014-05-16', 'COSTOSMPS2', 19, 51018, 6),
(431, '', '2014-05-16', 'COSTOSMPS', 19, 4361, 1),
(432, '', '2014-05-16', 'JCOUOH', 17, 27167, 2),
(433, '', '2014-05-16', 'SECCOCINAMPS', 19, 8761, 1),
(434, '', '2014-05-16', 'LUUC', 17, 784, 2),
(435, '', '2014-05-16', 'COCINAMPS', 19, 3844, 1),
(436, '', '2014-05-16', 'MCAN', 17, 1017, 2),
(437, '', '2014-05-16', 'JSTEWARDMPS', 19, 569, 7),
(438, '', '2014-05-16', 'DMEZA', 17, 7406, 1),
(439, '', '2014-05-16', 'IDELPERAL', 18, 43000, 3),
(440, '', '2014-05-16', 'LAPENA', 19, 20887, 1),
(441, '', '2014-05-16', 'BANQUETESMPN', 17, 2420, 7),
(442, '', '2014-05-16', 'CUSTOMERMPS', 19, 39, 1),
(443, '', '2014-05-16', 'LEMENDOZA', 19, 41058, 1),
(444, '', '2014-05-16', 'RAUGARCIA', 17, 224, 7),
(445, '', '2014-05-16', 'YCHI', 17, 17201, 6),
(446, '', '2014-05-16', 'MBLANCO', 17, 29301, 6),
(447, '', '2014-05-16', 'JORDOMINGUEZ', 19, 53209, 2),
(448, '', '2014-05-16', 'SMENDOZA', 18, 11488, 1),
(449, '', '2014-05-16', 'EDGUTIERREZ', 19, 31119, 2),
(450, '', '2014-05-16', 'DCSANCHEZ', 19, 24423, 3),
(451, '', '2014-05-16', 'CAMEZOLA', 19, 25603, 2),
(452, '', '2014-05-16', 'LVARGAS', 19, 55024, 5),
(453, '', '2014-05-16', 'MARIANOMORALES', 19, 51295, 2),
(454, '', '2014-05-16', 'TRUEDA', 19, 3049, 2),
(455, '', '2014-05-16', 'PASTELERIAZM', 19, 3269, 1),
(456, '', '2014-05-16', 'WVERMUDES', 18, 27695, 1),
(457, '', '2014-05-16', 'GIMNASIOMPS', 19, 28240, 1),
(458, '', '2014-05-16', 'AREASPUBLICAS2', 19, 12107, 2),
(459, '', '2014-05-16', 'JALDAMA', 19, 15704, 7),
(460, '', '2014-05-16', 'JSEMINARIO', 18, 40837, 3),
(461, '', '2014-05-16', 'EVALDOVINOS', 17, 52231, 1),
(462, '', '2014-05-16', 'CREYES', 18, 50235, 3),
(463, '', '2014-05-16', 'RHERNANDEZ', 18, 541, 1),
(464, '', '2014-05-16', 'MMENDOZA', 18, 1280, 1),
(465, '', '2014-05-16', 'EDMENDOZA', 18, 996, 1),
(466, '', '2014-05-16', 'FCORDOVA', 18, 3507, 1),
(467, '', '2014-05-16', 'MIPINA', 18, 4288, 1),
(468, '', '2014-05-16', 'CSUAREZ', 18, 2125, 1),
(469, '', '2014-05-16', 'IMONTEMBRUCK', 18, 19287, 1),
(470, '', '2014-05-16', 'ATOIDE', 18, 11443, 2),
(471, '', '2014-05-16', 'MACHAN', 17, 55658, 7),
(472, '', '2014-05-16', 'VVERA', 17, 3380, 1),
(473, '', '2014-05-16', 'MIJIMENEZ', 17, 53907, 1),
(474, '', '2014-05-16', 'JOSRAMOS', 17, 53171, 1),
(475, '', '2014-05-16', 'MCAPILLA', 17, 1893, 1),
(476, '', '2014-05-16', 'LEGUZMAN', 17, 53138, 1),
(477, '', '2014-05-16', 'CFONSECA', 17, 2302, 1),
(478, '', '2014-05-16', 'ZCASILLAS', 17, 43546, 1);

-- --------------------------------------------------------

--
-- Estructura de tabla para la tabla `resguardo_log`
--

CREATE TABLE IF NOT EXISTS `resguardo_log` (
  `idresguardo_log` int(11) NOT NULL DEFAULT '0' COMMENT 'Llave primaria del log de resguardo',
  `iddepartamento` int(11) NOT NULL COMMENT 'Llave foránea de departamento',
  `idColaborador` int(11) NOT NULL COMMENT 'Llave foranea de colaborador',
  `idResguardo` int(11) NOT NULL COMMENT 'Llave foranea del resguardo. Una vez eliminado el resguardo se vuelve null',
  `idEquipoGeneral` int(11) NOT NULL COMMENT 'Llave foranea de los equipos',
  `fecha` datetime NOT NULL COMMENT 'Fecha de creación del log',
  `capturaUsuario` int(11) NOT NULL COMMENT 'Llave foránea del usuario que captura el log',
  `estatus` varchar(45) NOT NULL COMMENT 'Llave foránea del está tus',
  PRIMARY KEY (`idresguardo_log`),
  KEY `fk_resguardo_log_resguardo1_idx` (`idResguardo`,`idEquipoGeneral`)
) ENGINE=InnoDB DEFAULT CHARSET=latin1;

-- --------------------------------------------------------

--
-- Estructura de tabla para la tabla `responsable`
--

CREATE TABLE IF NOT EXISTS `responsable` (
  `id_responsable` int(10) NOT NULL AUTO_INCREMENT COMMENT 'Identificador del registro.',
  `usuario` varchar(50) COLLATE utf8_unicode_ci NOT NULL COMMENT 'Usuario de la persona.',
  `nombre` varchar(50) COLLATE utf8_unicode_ci NOT NULL COMMENT 'Nombre completo.',
  `password` varchar(100) COLLATE utf8_unicode_ci NOT NULL COMMENT 'ContraseÃƒÂ±a para acceder a la aplicaciÃƒÂ³n.',
  `tipo` int(11) NOT NULL DEFAULT '1' COMMENT 'Clave fÃƒÂ³ranea de la tabla Perfil. Indica los privilegios que tiene el usuario.',
  `departamento` varchar(30) COLLATE utf8_unicode_ci NOT NULL COMMENT 'Departamento al que pertenece el responsable.',
  `acceso` int(11) DEFAULT '0' COMMENT 'Indica si el usuario tendrÃƒÂ¡ acceso a la aplicaciÃƒÂ³n.',
  PRIMARY KEY (`id_responsable`),
  UNIQUE KEY `resposanble_usuario_unique` (`usuario`),
  KEY `tipo` (`tipo`)
) ENGINE=InnoDB  DEFAULT CHARSET=utf8 COLLATE=utf8_unicode_ci COMMENT='Almacena informaciÃƒÂ³n sobre las personas que administran s' AUTO_INCREMENT=21 ;

--
-- Volcado de datos para la tabla `responsable`
--

INSERT INTO `responsable` (`id_responsable`, `usuario`, `nombre`, `password`, `tipo`, `departamento`, `acceso`) VALUES
(1, 'VACIO', '(VACIO)', '', 1, '(VACIO)', 0),
(2, 'cpalma', 'CHRISTIAN EDEL PALMA AYIL', 'christian', 1, 'SOPORTE', 1),
(3, 'molarte', 'MARIO OLARTE QUIROZ', 'LMSeven07', 1, 'GERENTE TI', 1),
(4, 'etesillos', 'Enrique Tesillos', 'etesillos', 3, 'Soporte', 1),
(6, 'ludiaz', 'Luis Ricardo Diaz', 'ludiaz', 1, 'Data Center', 1),
(7, 'rdelgado', 'Ricardo Delgado', 'rdelgado', 2, '', 1),
(8, 'Administrador', 'Administrador', 'palace-utcancun', 1, '', 1),
(9, 'kcampero', 'Karina Campero', 'kcampero', 3, '', 1),
(10, 'lnarvaez', 'Luis Narvaez', 'lnarvaez', 3, '', 1),
(11, 'ohernandez', 'Olga Hernandez', 'ohernandez', 3, '', 1),
(12, 'razarate', 'Raquel Zarate', 'razarate', 3, '', 1),
(13, 'mherrera', 'Miguel Herrera', 'mherrera', 3, '', 1),
(14, 'jarena', 'Jose Luis Arena', 'jarena', 3, '', 1),
(15, 'alagunes', 'Alfredo LAgunes', 'alagunes', 3, '', 1),
(16, 'juch', 'Jorge Uch', 'juch', 3, '', 1),
(17, 'dken', 'Daniel Ken Constantino UT CANCUN', 'dken', 3, '', 1),
(18, 'mpuc', 'Marcos Puc UT CANCUN', 'mpuc', 3, '', 1),
(19, 'ghipolito', 'Gerardo Hipolito Chi UT CANCUN', 'ghipolito', 3, '', 1),
(20, 'apalma', 'Antonio Palma Adame UT CANCUN', 'apalma', 3, '', 1);

-- --------------------------------------------------------

--
-- Estructura de tabla para la tabla `sistemaoperativo`
--

CREATE TABLE IF NOT EXISTS `sistemaoperativo` (
  `idSitemaOperativo` int(11) NOT NULL AUTO_INCREMENT COMMENT 'llave primaria de la tabla de sistemas operativos',
  `nombreSistema` varchar(45) NOT NULL COMMENT 'Nombre del sistema operativo',
  `descripcion` text COMMENT 'Descripciones técnicas del sistema operativo',
  PRIMARY KEY (`idSitemaOperativo`)
) ENGINE=InnoDB  DEFAULT CHARSET=latin1 AUTO_INCREMENT=19 ;

--
-- Volcado de datos para la tabla `sistemaoperativo`
--

INSERT INTO `sistemaoperativo` (`idSitemaOperativo`, `nombreSistema`, `descripcion`) VALUES
(1, 'WINDOWS XP', 'WINDOWS XP'),
(2, 'WINDOWS 7', 'WINDOWS 7'),
(3, 'WINDOWS 8', 'WINDOWS 8'),
(4, 'LUBUNTU', 'LINUX UBUNTU'),
(6, 'WINDOWS VISTA', ''),
(8, 'ARCH', ''),
(9, 'OS X', ''),
(10, 'OS X 10.9.2', ''),
(11, 'OS X 10.6.8', ''),
(12, 'OS X 10.8.3', ''),
(13, 'OS X 10.7.5', ''),
(14, 'OS X 10.8.5', ''),
(15, 'MAC PRO 5.1', ''),
(17, 'X LION', ''),
(18, 'WINDOWS SERVER 2003', '');

-- --------------------------------------------------------

--
-- Estructura de tabla para la tabla `tipoequipo`
--

CREATE TABLE IF NOT EXISTS `tipoequipo` (
  `idTipoEquipo` int(11) NOT NULL AUTO_INCREMENT COMMENT 'Llave primaria de tipo de equipo',
  `nombreTipoEquipo` varchar(35) NOT NULL COMMENT 'Nombre del tipo de equipo(mause, computadora,etc)',
  `descripcion` text COMMENT 'descripción del tipo de equipo',
  PRIMARY KEY (`idTipoEquipo`)
) ENGINE=InnoDB  DEFAULT CHARSET=latin1 AUTO_INCREMENT=7 ;

--
-- Volcado de datos para la tabla `tipoequipo`
--

INSERT INTO `tipoequipo` (`idTipoEquipo`, `nombreTipoEquipo`, `descripcion`) VALUES
(2, 'CPU', ''),
(3, 'MONITOR', ''),
(5, 'LAPTOP', '');

-- --------------------------------------------------------

--
-- Estructura de tabla para la tabla `user_privilegio_hotel`
--

CREATE TABLE IF NOT EXISTS `user_privilegio_hotel` (
  `cruge_user_iduser` int(11) NOT NULL COMMENT 'Llave foránea de usuario',
  `hotel_id` int(11) NOT NULL COMMENT 'Hotel',
  PRIMARY KEY (`cruge_user_iduser`,`hotel_id`),
  KEY `fk_user_privilegio_hotel_cruge_user1_idx` (`cruge_user_iduser`),
  KEY `fk_user_privilegio_hotel_hotel1_idx` (`hotel_id`)
) ENGINE=InnoDB DEFAULT CHARSET=latin1;

--
-- Volcado de datos para la tabla `user_privilegio_hotel`
--

INSERT INTO `user_privilegio_hotel` (`cruge_user_iduser`, `hotel_id`) VALUES
(2, 4),
(2, 5),
(2, 15),
(2, 25),
(3, 2),
(3, 3),
(3, 4),
(3, 5),
(3, 13),
(3, 14),
(3, 15),
(3, 16),
(3, 18),
(3, 20),
(3, 25),
(3, 26),
(3, 137),
(3, 138),
(4, 3),
(4, 4),
(4, 5),
(4, 13),
(6, 25),
(7, 4),
(7, 5),
(7, 13),
(8, 2),
(8, 3),
(8, 4),
(8, 5),
(8, 13),
(8, 14),
(8, 15),
(8, 16),
(8, 18),
(8, 20),
(8, 25),
(8, 26),
(8, 137),
(8, 138),
(8, 147),
(9, 25),
(10, 25),
(11, 4),
(11, 5),
(11, 13),
(11, 26),
(12, 4),
(12, 5),
(12, 13),
(12, 26),
(13, 4),
(13, 5),
(13, 13),
(13, 26),
(13, 137),
(14, 4),
(14, 5),
(14, 13),
(14, 26),
(14, 138),
(15, 2),
(15, 14),
(16, 15),
(16, 16),
(17, 2),
(17, 3),
(17, 4),
(17, 5),
(17, 13),
(17, 14),
(17, 15),
(17, 16),
(17, 18),
(17, 20),
(17, 25),
(17, 26),
(17, 137),
(17, 138),
(17, 147),
(18, 2),
(18, 3),
(18, 4),
(18, 5),
(18, 13),
(18, 14),
(18, 15),
(18, 16),
(18, 18),
(18, 20),
(18, 25),
(18, 26),
(18, 137),
(18, 138),
(18, 147),
(19, 2),
(19, 3),
(19, 4),
(19, 5),
(19, 13),
(19, 14),
(19, 15),
(19, 16),
(19, 18),
(19, 20),
(19, 25),
(19, 26),
(19, 137),
(19, 138),
(19, 147),
(30, 100021),
(30, 100330),
(147, 100021),
(147, 100222),
(147, 100839);

--
-- Restricciones para tablas volcadas
--

--
-- Filtros para la tabla `colaborador`
--
ALTER TABLE `colaborador`
  ADD CONSTRAINT `fk_colaborador_departamento1` FOREIGN KEY (`departamento_iddepartamento`) REFERENCES `departamento` (`iddepartamento`) ON DELETE NO ACTION ON UPDATE NO ACTION,
  ADD CONSTRAINT `fk_colaborador_hotel1` FOREIGN KEY (`hotel_id`) REFERENCES `hotel` (`id`) ON DELETE NO ACTION ON UPDATE NO ACTION;

--
-- Filtros para la tabla `departamento`
--
ALTER TABLE `departamento`
  ADD CONSTRAINT `fk_departamento_gerencia1` FOREIGN KEY (`gerencia_id`) REFERENCES `gerencia` (`id`) ON DELETE NO ACTION ON UPDATE NO ACTION;

--
-- Filtros para la tabla `equipogeneral`
--
ALTER TABLE `equipogeneral`
  ADD CONSTRAINT `fk_equipoGeneral_colaborador1` FOREIGN KEY (`capturaColaboradorId`) REFERENCES `responsable` (`id_responsable`) ON DELETE NO ACTION ON UPDATE NO ACTION,
  ADD CONSTRAINT `equipogeneral_ibfk_1` FOREIGN KEY (`idHotelCambio`) REFERENCES `hotel` (`id`),
  ADD CONSTRAINT `fk_equipoGeneral_prestamo` FOREIGN KEY (`idPrestamo`) REFERENCES `prestamos` (`id`) ON DELETE NO ACTION ON UPDATE NO ACTION,
  ADD CONSTRAINT `fk_equipoGeneral_resguardo1` FOREIGN KEY (`resguardo_idresguardo`) REFERENCES `resguardo` (`id_resguardo`) ON DELETE NO ACTION ON UPDATE NO ACTION,
  ADD CONSTRAINT `fk_equipoGeneral_sitemaOperativo1` FOREIGN KEY (`idSitemaOperativo`) REFERENCES `sistemaoperativo` (`idSitemaOperativo`) ON DELETE NO ACTION ON UPDATE NO ACTION,
  ADD CONSTRAINT `fk_equipo_estatus1` FOREIGN KEY (`idEstatus`) REFERENCES `estatus` (`idEstatus`) ON DELETE NO ACTION ON UPDATE NO ACTION,
  ADD CONSTRAINT `fk_equipo_hotel1` FOREIGN KEY (`idHotel`) REFERENCES `hotel` (`id`) ON DELETE NO ACTION ON UPDATE NO ACTION,
  ADD CONSTRAINT `fk_equipo_marca1` FOREIGN KEY (`idMarca`) REFERENCES `marca` (`idMarca`) ON DELETE NO ACTION ON UPDATE NO ACTION,
  ADD CONSTRAINT `fk_equipo_modelo1` FOREIGN KEY (`idModelo`) REFERENCES `modelo` (`idModelo`) ON DELETE NO ACTION ON UPDATE NO ACTION,
  ADD CONSTRAINT `fk_equipo_proveedores1` FOREIGN KEY (`idProveedores`) REFERENCES `proveedores` (`idProveedores`) ON DELETE NO ACTION ON UPDATE NO ACTION,
  ADD CONSTRAINT `fk_equipo_tipo_equipo1` FOREIGN KEY (`idTipoEquipo`) REFERENCES `tipoequipo` (`idTipoEquipo`) ON DELETE NO ACTION ON UPDATE NO ACTION;

--
-- Filtros para la tabla `equipogeneral_log`
--
ALTER TABLE `equipogeneral_log`
  ADD CONSTRAINT `fk_equipoGeneral_colaborador10` FOREIGN KEY (`colaborador_id_usuario`) REFERENCES `colaborador` (`id_usuario`) ON DELETE NO ACTION ON UPDATE NO ACTION,
  ADD CONSTRAINT `fk_equipoGeneral_Plataforma10` FOREIGN KEY (`Plataforma_idPlataforma`) REFERENCES `plataforma` (`idPlataforma`) ON DELETE NO ACTION ON UPDATE NO ACTION,
  ADD CONSTRAINT `fk_equipoGeneral_procesadores10` FOREIGN KEY (`idProcesador`) REFERENCES `procesadores` (`idProcesadores`) ON DELETE NO ACTION ON UPDATE NO ACTION,
  ADD CONSTRAINT `fk_equipoGeneral_sitemaOperativo10` FOREIGN KEY (`idSitemaOperativo`) REFERENCES `sistemaoperativo` (`idSitemaOperativo`) ON DELETE NO ACTION ON UPDATE NO ACTION,
  ADD CONSTRAINT `fk_equipo_estatus10` FOREIGN KEY (`idEstatus`) REFERENCES `estatus` (`idEstatus`) ON DELETE NO ACTION ON UPDATE NO ACTION,
  ADD CONSTRAINT `fk_equipo_hotel10` FOREIGN KEY (`idHotel`) REFERENCES `hotel` (`id`) ON DELETE NO ACTION ON UPDATE NO ACTION,
  ADD CONSTRAINT `fk_equipo_marca10` FOREIGN KEY (`idMarca`) REFERENCES `marca` (`idMarca`) ON DELETE NO ACTION ON UPDATE NO ACTION,
  ADD CONSTRAINT `fk_equipo_modelo10` FOREIGN KEY (`idModelo`) REFERENCES `modelo` (`idModelo`) ON DELETE NO ACTION ON UPDATE NO ACTION,
  ADD CONSTRAINT `fk_equipo_proveedores10` FOREIGN KEY (`idProveedores`) REFERENCES `proveedores` (`idProveedores`) ON DELETE NO ACTION ON UPDATE NO ACTION,
  ADD CONSTRAINT `fk_equipo_tipo_equipo10` FOREIGN KEY (`idTipoEquipo`) REFERENCES `tipoequipo` (`idTipoEquipo`) ON DELETE NO ACTION ON UPDATE NO ACTION;

--
-- Filtros para la tabla `gerencia`
--
ALTER TABLE `gerencia`
  ADD CONSTRAINT `fk_gerencia_direccion1` FOREIGN KEY (`direccion_id`) REFERENCES `direccion` (`id`) ON DELETE NO ACTION ON UPDATE NO ACTION;

--
-- Filtros para la tabla `hotel_has_departamento`
--
ALTER TABLE `hotel_has_departamento`
  ADD CONSTRAINT `fk_hotel_has_departamento_departamento1` FOREIGN KEY (`departamento_iddepartamento`) REFERENCES `departamento` (`iddepartamento`) ON DELETE NO ACTION ON UPDATE NO ACTION,
  ADD CONSTRAINT `fk_hotel_has_departamento_hotel1` FOREIGN KEY (`hotel_id`) REFERENCES `hotel` (`id`) ON DELETE NO ACTION ON UPDATE NO ACTION;

--
-- Filtros para la tabla `mantenimiento_has_refacciones`
--
ALTER TABLE `mantenimiento_has_refacciones`
  ADD CONSTRAINT `fk_Mantenimiento_has_refacciones_equipoGeneral1` FOREIGN KEY (`equipoGeneral_id`) REFERENCES `equipogeneral` (`id`) ON DELETE NO ACTION ON UPDATE NO ACTION,
  ADD CONSTRAINT `fk_Mantenimiento_has_refacciones_Mantenimiento1` FOREIGN KEY (`Mantenimiento_id`) REFERENCES `mantenimiento` (`id`) ON DELETE NO ACTION ON UPDATE NO ACTION,
  ADD CONSTRAINT `fk_Mantenimiento_has_refacciones_refaccion1` FOREIGN KEY (`refaccion_idrefaccion`) REFERENCES `refaccion` (`idrefaccion`) ON DELETE NO ACTION ON UPDATE NO ACTION;

--
-- Filtros para la tabla `modelo`
--
ALTER TABLE `modelo`
  ADD CONSTRAINT `fk_modelo_marca1` FOREIGN KEY (`fkidMarca`) REFERENCES `marca` (`idMarca`) ON DELETE NO ACTION ON UPDATE NO ACTION,
  ADD CONSTRAINT `fk_modelo_tipoequipo1` FOREIGN KEY (`fkidTipoEquipo`) REFERENCES `tipoequipo` (`idTipoEquipo`) ON DELETE NO ACTION ON UPDATE NO ACTION;

--
-- Filtros para la tabla `prestamos`
--
ALTER TABLE `prestamos`
  ADD CONSTRAINT `fk_prestamos_responsable1` FOREIGN KEY (`capturaUser`) REFERENCES `responsable` (`id_responsable`) ON DELETE NO ACTION ON UPDATE NO ACTION,
  ADD CONSTRAINT `fk_prestamos_estatus1` FOREIGN KEY (`estatus_idEstatus`) REFERENCES `estatus` (`idEstatus`) ON DELETE NO ACTION ON UPDATE NO ACTION,
  ADD CONSTRAINT `fk_prestamos_plataforma1` FOREIGN KEY (`Plataforma_idPlataforma`) REFERENCES `plataforma` (`idPlataforma`) ON DELETE NO ACTION ON UPDATE NO ACTION,
  ADD CONSTRAINT `fk_prestamsos_usuario` FOREIGN KEY (`idColaboradorEmpleado`) REFERENCES `colaborador` (`id_usuario`) ON DELETE NO ACTION ON UPDATE NO ACTION;

--
-- Filtros para la tabla `prestamos_log`
--
ALTER TABLE `prestamos_log`
  ADD CONSTRAINT `fk_prestamo_responsable` FOREIGN KEY (`id_responsable`) REFERENCES `responsable` (`id_responsable`) ON DELETE NO ACTION ON UPDATE NO ACTION,
  ADD CONSTRAINT `fk_prestamo_colaboradorlog` FOREIGN KEY (`id_colaborador`) REFERENCES `colaborador` (`id_usuario`) ON DELETE NO ACTION ON UPDATE NO ACTION,
  ADD CONSTRAINT `fk_prestamo_equipogenerallog` FOREIGN KEY (`equipo_id`) REFERENCES `equipogeneral` (`id`) ON DELETE NO ACTION ON UPDATE NO ACTION;

--
-- Filtros para la tabla `programas_has_equipo`
--
ALTER TABLE `programas_has_equipo`
  ADD CONSTRAINT `fk_programas_has_equipo_equipoGeneral1` FOREIGN KEY (`equipoGeneral_id`) REFERENCES `equipogeneral` (`id`) ON DELETE NO ACTION ON UPDATE NO ACTION,
  ADD CONSTRAINT `fk_programas_has_equipo_programas1` FOREIGN KEY (`programas_id1`) REFERENCES `programas` (`id`) ON DELETE NO ACTION ON UPDATE NO ACTION;

--
-- Filtros para la tabla `resguardo`
--
ALTER TABLE `resguardo`
  ADD CONSTRAINT `fk_resguardo_responsable1` FOREIGN KEY (`capturaUser`) REFERENCES `responsable` (`id_responsable`) ON DELETE NO ACTION ON UPDATE NO ACTION,
  ADD CONSTRAINT `fk_resguardo_colaborador1` FOREIGN KEY (`idColaboradorEmpleado`) REFERENCES `colaborador` (`id_usuario`) ON DELETE NO ACTION ON UPDATE NO ACTION,
  ADD CONSTRAINT `kf_resguardo_pltaforma` FOREIGN KEY (`Plataforma_idPlataforma`) REFERENCES `plataforma` (`idPlataforma`) ON DELETE NO ACTION ON UPDATE NO ACTION;

--
-- Filtros para la tabla `responsable`
--
ALTER TABLE `responsable`
  ADD CONSTRAINT `responsable_fkPerfil` FOREIGN KEY (`tipo`) REFERENCES `perfil` (`id_auto`) ON DELETE NO ACTION ON UPDATE CASCADE;

/*!40101 SET CHARACTER_SET_CLIENT=@OLD_CHARACTER_SET_CLIENT */;
/*!40101 SET CHARACTER_SET_RESULTS=@OLD_CHARACTER_SET_RESULTS */;
/*!40101 SET COLLATION_CONNECTION=@OLD_COLLATION_CONNECTION */;
